pipeline,tract,metric,feature,biomarker,fpr,tpr,threshold,auc,direction
pipeline_01,CC_2,AD,mean,CC_2_AD,0.0,0.0,inf,0.7022222222222222,higher_values_AD
pipeline_01,CC_2,AD,mean,CC_2_AD,0.0,0.06666666666666667,0.0015740827219214,0.7022222222222222,higher_values_AD
pipeline_01,CC_2,AD,mean,CC_2_AD,0.06666666666666667,0.06666666666666667,0.0015238850437969,0.7022222222222222,higher_values_AD
pipeline_01,CC_2,AD,mean,CC_2_AD,0.06666666666666667,0.5333333333333333,0.0014681097415464,0.7022222222222222,higher_values_AD
pipeline_01,CC_2,AD,mean,CC_2_AD,0.26666666666666666,0.5333333333333333,0.0014424121615673,0.7022222222222222,higher_values_AD
pipeline_01,CC_2,AD,mean,CC_2_AD,0.26666666666666666,0.6666666666666666,0.0014310900486696,0.7022222222222222,higher_values_AD
pipeline_01,CC_2,AD,mean,CC_2_AD,0.5333333333333333,0.6666666666666666,0.0014108327555811,0.7022222222222222,higher_values_AD
pipeline_01,CC_2,AD,mean,CC_2_AD,0.5333333333333333,0.7333333333333333,0.0014075286811515,0.7022222222222222,higher_values_AD
pipeline_01,CC_2,AD,mean,CC_2_AD,0.6666666666666666,0.7333333333333333,0.0013955965980105,0.7022222222222222,higher_values_AD
pipeline_01,CC_2,AD,mean,CC_2_AD,0.6666666666666666,0.9333333333333333,0.0013655512004367,0.7022222222222222,higher_values_AD
pipeline_01,CC_2,AD,mean,CC_2_AD,0.9333333333333333,0.9333333333333333,0.0013403288091364,0.7022222222222222,higher_values_AD
pipeline_01,CC_2,AD,mean,CC_2_AD,0.9333333333333333,1.0,0.001325262710935,0.7022222222222222,higher_values_AD
pipeline_01,CC_2,AD,mean,CC_2_AD,1.0,1.0,0.0013106471000847,0.7022222222222222,higher_values_AD
pipeline_01,CC_2,FA,mean,CC_2_FA,0.0,0.0,inf,0.6266666666666667,lower_values_AD
pipeline_01,CC_2,FA,mean,CC_2_FA,0.06666666666666667,0.0,-0.3692724970901688,0.6266666666666667,lower_values_AD
pipeline_01,CC_2,FA,mean,CC_2_FA,0.06666666666666667,0.13333333333333333,-0.3975721158298362,0.6266666666666667,lower_values_AD
pipeline_01,CC_2,FA,mean,CC_2_FA,0.13333333333333333,0.13333333333333333,-0.3981195632625023,0.6266666666666667,lower_values_AD
pipeline_01,CC_2,FA,mean,CC_2_FA,0.13333333333333333,0.3333333333333333,-0.416103731478685,0.6266666666666667,lower_values_AD
pipeline_01,CC_2,FA,mean,CC_2_FA,0.2,0.3333333333333333,-0.4200321818715662,0.6266666666666667,lower_values_AD
pipeline_01,CC_2,FA,mean,CC_2_FA,0.2,0.4666666666666667,-0.4337327479106788,0.6266666666666667,lower_values_AD
pipeline_01,CC_2,FA,mean,CC_2_FA,0.26666666666666666,0.4666666666666667,-0.4431965567921388,0.6266666666666667,lower_values_AD
pipeline_01,CC_2,FA,mean,CC_2_FA,0.26666666666666666,0.6,-0.447627854749746,0.6266666666666667,lower_values_AD
pipeline_01,CC_2,FA,mean,CC_2_FA,0.4666666666666667,0.6,-0.4560104750891112,0.6266666666666667,lower_values_AD
pipeline_01,CC_2,FA,mean,CC_2_FA,0.4666666666666667,0.7333333333333333,-0.4722059173192155,0.6266666666666667,lower_values_AD
pipeline_01,CC_2,FA,mean,CC_2_FA,0.7333333333333333,0.7333333333333333,-0.4813650574626675,0.6266666666666667,lower_values_AD
pipeline_01,CC_2,FA,mean,CC_2_FA,0.7333333333333333,0.8666666666666667,-0.4886892730508765,0.6266666666666667,lower_values_AD
pipeline_01,CC_2,FA,mean,CC_2_FA,0.8666666666666667,0.8666666666666667,-0.4977249360652331,0.6266666666666667,lower_values_AD
pipeline_01,CC_2,FA,mean,CC_2_FA,0.8666666666666667,1.0,-0.4990234870621186,0.6266666666666667,lower_values_AD
pipeline_01,CC_2,FA,mean,CC_2_FA,1.0,1.0,-0.5234209286608684,0.6266666666666667,lower_values_AD
pipeline_01,CC_2,MD,mean,CC_2_MD,0.0,0.0,inf,0.6888888888888889,higher_values_AD
pipeline_01,CC_2,MD,mean,CC_2_MD,0.0,0.06666666666666667,0.0010577237386798,0.6888888888888889,higher_values_AD
pipeline_01,CC_2,MD,mean,CC_2_MD,0.0,0.13333333333333333,0.0010464605509007,0.6888888888888889,higher_values_AD
pipeline_01,CC_2,MD,mean,CC_2_MD,0.13333333333333333,0.13333333333333333,0.0010244063469252,0.6888888888888889,higher_values_AD
pipeline_01,CC_2,MD,mean,CC_2_MD,0.13333333333333333,0.5333333333333333,0.0009555209592644,0.6888888888888889,higher_values_AD
pipeline_01,CC_2,MD,mean,CC_2_MD,0.4,0.5333333333333333,0.0009113474914903,0.6888888888888889,higher_values_AD
pipeline_01,CC_2,MD,mean,CC_2_MD,0.4,0.8,0.000887815516492,0.6888888888888889,higher_values_AD
pipeline_01,CC_2,MD,mean,CC_2_MD,0.6666666666666666,0.8,0.0008701347564254,0.6888888888888889,higher_values_AD
pipeline_01,CC_2,MD,mean,CC_2_MD,0.6666666666666666,0.8666666666666667,0.0008614808553414,0.6888888888888889,higher_values_AD
pipeline_01,CC_2,MD,mean,CC_2_MD,0.8,0.8666666666666667,0.0008493040900258,0.6888888888888889,higher_values_AD
pipeline_01,CC_2,MD,mean,CC_2_MD,0.8,1.0,0.0008419938097272,0.6888888888888889,higher_values_AD
pipeline_01,CC_2,MD,mean,CC_2_MD,1.0,1.0,0.0008105879420341,0.6888888888888889,higher_values_AD
pipeline_01,CC_2,RD,mean,CC_2_RD,0.0,0.0,inf,0.6622222222222222,higher_values_AD
pipeline_01,CC_2,RD,mean,CC_2_RD,0.0,0.06666666666666667,0.0008262828084507,0.6622222222222222,higher_values_AD
pipeline_01,CC_2,RD,mean,CC_2_RD,0.13333333333333333,0.06666666666666667,0.0007980222219781,0.6622222222222222,higher_values_AD
pipeline_01,CC_2,RD,mean,CC_2_RD,0.13333333333333333,0.4,0.0007202214466835,0.6622222222222222,higher_values_AD
pipeline_01,CC_2,RD,mean,CC_2_RD,0.2,0.4,0.0007127926244284,0.6622222222222222,higher_values_AD
pipeline_01,CC_2,RD,mean,CC_2_RD,0.2,0.4666666666666667,0.0007097067483864,0.6622222222222222,higher_values_AD
pipeline_01,CC_2,RD,mean,CC_2_RD,0.3333333333333333,0.4666666666666667,0.0006738267925174,0.6622222222222222,higher_values_AD
pipeline_01,CC_2,RD,mean,CC_2_RD,0.3333333333333333,0.5333333333333333,0.0006730820209672,0.6622222222222222,higher_values_AD
pipeline_01,CC_2,RD,mean,CC_2_RD,0.4,0.5333333333333333,0.0006598410983576,0.6622222222222222,higher_values_AD
pipeline_01,CC_2,RD,mean,CC_2_RD,0.4,0.6666666666666666,0.0006381006237058,0.6622222222222222,higher_values_AD
pipeline_01,CC_2,RD,mean,CC_2_RD,0.4666666666666667,0.6666666666666666,0.0006337854234666,0.6622222222222222,higher_values_AD
pipeline_01,CC_2,RD,mean,CC_2_RD,0.4666666666666667,0.7333333333333333,0.0006295899274403,0.6622222222222222,higher_values_AD
pipeline_01,CC_2,RD,mean,CC_2_RD,0.5333333333333333,0.7333333333333333,0.000622901500225,0.6622222222222222,higher_values_AD
pipeline_01,CC_2,RD,mean,CC_2_RD,0.5333333333333333,0.8666666666666667,0.0006087567731284,0.6622222222222222,higher_values_AD
pipeline_01,CC_2,RD,mean,CC_2_RD,0.7333333333333333,0.8666666666666667,0.0006023121570179,0.6622222222222222,higher_values_AD
pipeline_01,CC_2,RD,mean,CC_2_RD,0.7333333333333333,0.9333333333333333,0.0005890017302451,0.6622222222222222,higher_values_AD
pipeline_01,CC_2,RD,mean,CC_2_RD,0.8,0.9333333333333333,0.000583293000731,0.6622222222222222,higher_values_AD
pipeline_01,CC_2,RD,mean,CC_2_RD,0.8,1.0,0.0005774108769814,0.6622222222222222,higher_values_AD
pipeline_01,CC_2,RD,mean,CC_2_RD,1.0,1.0,0.0005397510103543,0.6622222222222222,higher_values_AD
pipeline_01,CC_7,AD,mean,CC_7_AD,0.0,0.0,inf,0.5199999999999999,higher_values_AD
pipeline_01,CC_7,AD,mean,CC_7_AD,0.06666666666666667,0.0,0.0020153014385804,0.5199999999999999,higher_values_AD
pipeline_01,CC_7,AD,mean,CC_7_AD,0.13333333333333333,0.0,0.0018084743329368,0.5199999999999999,higher_values_AD
pipeline_01,CC_7,AD,mean,CC_7_AD,0.13333333333333333,0.06666666666666667,0.0017863914162351,0.5199999999999999,higher_values_AD
pipeline_01,CC_7,AD,mean,CC_7_AD,0.2,0.06666666666666667,0.0017817846722081,0.5199999999999999,higher_values_AD
pipeline_01,CC_7,AD,mean,CC_7_AD,0.2,0.13333333333333333,0.0017724194331803,0.5199999999999999,higher_values_AD
pipeline_01,CC_7,AD,mean,CC_7_AD,0.26666666666666666,0.13333333333333333,0.0017637641836212,0.5199999999999999,higher_values_AD
pipeline_01,CC_7,AD,mean,CC_7_AD,0.26666666666666666,0.5333333333333333,0.0017052034736057,0.5199999999999999,higher_values_AD
pipeline_01,CC_7,AD,mean,CC_7_AD,0.4,0.5333333333333333,0.0016974655372401,0.5199999999999999,higher_values_AD
pipeline_01,CC_7,AD,mean,CC_7_AD,0.4,0.6,0.0016972015117799,0.5199999999999999,higher_values_AD
pipeline_01,CC_7,AD,mean,CC_7_AD,0.6,0.6,0.0016712745658406,0.5199999999999999,higher_values_AD
pipeline_01,CC_7,AD,mean,CC_7_AD,0.6,0.6666666666666666,0.00167013463545,0.5199999999999999,higher_values_AD
pipeline_01,CC_7,AD,mean,CC_7_AD,0.7333333333333333,0.6666666666666666,0.0016609345019333,0.5199999999999999,higher_values_AD
pipeline_01,CC_7,AD,mean,CC_7_AD,0.7333333333333333,0.7333333333333333,0.0016553712663577,0.5199999999999999,higher_values_AD
pipeline_01,CC_7,AD,mean,CC_7_AD,0.8,0.7333333333333333,0.0016462661780744,0.5199999999999999,higher_values_AD
pipeline_01,CC_7,AD,mean,CC_7_AD,0.8,0.8666666666666667,0.0016164860472233,0.5199999999999999,higher_values_AD
pipeline_01,CC_7,AD,mean,CC_7_AD,0.9333333333333333,0.8666666666666667,0.0015792871280585,0.5199999999999999,higher_values_AD
pipeline_01,CC_7,AD,mean,CC_7_AD,0.9333333333333333,0.9333333333333333,0.0015763906946544,0.5199999999999999,higher_values_AD
pipeline_01,CC_7,AD,mean,CC_7_AD,1.0,0.9333333333333333,0.0015558490153013,0.5199999999999999,higher_values_AD
pipeline_01,CC_7,AD,mean,CC_7_AD,1.0,1.0,0.0015400572734395,0.5199999999999999,higher_values_AD
pipeline_01,CC_7,FA,mean,CC_7_FA,0.0,0.0,inf,0.5644444444444444,higher_values_AD
pipeline_01,CC_7,FA,mean,CC_7_FA,0.0,0.06666666666666667,0.6685473167223899,0.5644444444444444,higher_values_AD
pipeline_01,CC_7,FA,mean,CC_7_FA,0.0,0.13333333333333333,0.6599912762173011,0.5644444444444444,higher_values_AD
pipeline_01,CC_7,FA,mean,CC_7_FA,0.13333333333333333,0.13333333333333333,0.6345532103423854,0.5644444444444444,higher_values_AD
pipeline_01,CC_7,FA,mean,CC_7_FA,0.13333333333333333,0.2,0.6316260893218135,0.5644444444444444,higher_values_AD
pipeline_01,CC_7,FA,mean,CC_7_FA,0.2,0.2,0.6230577720609983,0.5644444444444444,higher_values_AD
pipeline_01,CC_7,FA,mean,CC_7_FA,0.2,0.26666666666666666,0.6226696369642652,0.5644444444444444,higher_values_AD
pipeline_01,CC_7,FA,mean,CC_7_FA,0.26666666666666666,0.26666666666666666,0.6180269544639273,0.5644444444444444,higher_values_AD
pipeline_01,CC_7,FA,mean,CC_7_FA,0.26666666666666666,0.5333333333333333,0.6073852413816189,0.5644444444444444,higher_values_AD
pipeline_01,CC_7,FA,mean,CC_7_FA,0.3333333333333333,0.5333333333333333,0.6038051556153478,0.5644444444444444,higher_values_AD
pipeline_01,CC_7,FA,mean,CC_7_FA,0.3333333333333333,0.6,0.601264009472672,0.5644444444444444,higher_values_AD
pipeline_01,CC_7,FA,mean,CC_7_FA,0.6666666666666666,0.6,0.5895373366106195,0.5644444444444444,higher_values_AD
pipeline_01,CC_7,FA,mean,CC_7_FA,0.6666666666666666,0.6666666666666666,0.5861346029382827,0.5644444444444444,higher_values_AD
pipeline_01,CC_7,FA,mean,CC_7_FA,0.8,0.6666666666666666,0.578538885157323,0.5644444444444444,higher_values_AD
pipeline_01,CC_7,FA,mean,CC_7_FA,0.8,0.8666666666666667,0.5675234706490948,0.5644444444444444,higher_values_AD
pipeline_01,CC_7,FA,mean,CC_7_FA,0.8666666666666667,0.8666666666666667,0.563862665332091,0.5644444444444444,higher_values_AD
pipeline_01,CC_7,FA,mean,CC_7_FA,0.8666666666666667,1.0,0.558216884627192,0.5644444444444444,higher_values_AD
pipeline_01,CC_7,FA,mean,CC_7_FA,1.0,1.0,0.5445679583661579,0.5644444444444444,higher_values_AD
pipeline_01,CC_7,MD,mean,CC_7_MD,0.0,0.0,inf,0.5155555555555555,lower_values_AD
pipeline_01,CC_7,MD,mean,CC_7_MD,0.06666666666666667,0.0,-0.0008443815485018,0.5155555555555555,lower_values_AD
pipeline_01,CC_7,MD,mean,CC_7_MD,0.06666666666666667,0.06666666666666667,-0.0008697872437016,0.5155555555555555,lower_values_AD
pipeline_01,CC_7,MD,mean,CC_7_MD,0.2,0.06666666666666667,-0.0008982876181019,0.5155555555555555,lower_values_AD
pipeline_01,CC_7,MD,mean,CC_7_MD,0.2,0.3333333333333333,-0.0009092239882494,0.5155555555555555,lower_values_AD
pipeline_01,CC_7,MD,mean,CC_7_MD,0.26666666666666666,0.3333333333333333,-0.0009225019256415,0.5155555555555555,lower_values_AD
pipeline_01,CC_7,MD,mean,CC_7_MD,0.26666666666666666,0.4,-0.0009273200166306,0.5155555555555555,lower_values_AD
pipeline_01,CC_7,MD,mean,CC_7_MD,0.5333333333333333,0.4,-0.0009424150644623,0.5155555555555555,lower_values_AD
pipeline_01,CC_7,MD,mean,CC_7_MD,0.5333333333333333,0.6,-0.0009634844241473,0.5155555555555555,lower_values_AD
pipeline_01,CC_7,MD,mean,CC_7_MD,0.6666666666666666,0.6,-0.0009757126481292,0.5155555555555555,lower_values_AD
pipeline_01,CC_7,MD,mean,CC_7_MD,0.6666666666666666,0.6666666666666666,-0.0009828667461574,0.5155555555555555,lower_values_AD
pipeline_01,CC_7,MD,mean,CC_7_MD,0.7333333333333333,0.6666666666666666,-0.0009876432990892,0.5155555555555555,lower_values_AD
pipeline_01,CC_7,MD,mean,CC_7_MD,0.7333333333333333,0.8,-0.0010000673373381,0.5155555555555555,lower_values_AD
pipeline_01,CC_7,MD,mean,CC_7_MD,0.8,0.8,-0.0010123267190428,0.5155555555555555,lower_values_AD
pipeline_01,CC_7,MD,mean,CC_7_MD,0.8,1.0,-0.0010593057205955,0.5155555555555555,lower_values_AD
pipeline_01,CC_7,MD,mean,CC_7_MD,1.0,1.0,-0.0011909651338232,0.5155555555555555,lower_values_AD
pipeline_01,CC_7,RD,mean,CC_7_RD,0.0,0.0,inf,0.5422222222222223,lower_values_AD
pipeline_01,CC_7,RD,mean,CC_7_RD,0.0,0.06666666666666667,-0.0004769952308396,0.5422222222222223,lower_values_AD
pipeline_01,CC_7,RD,mean,CC_7_RD,0.06666666666666667,0.06666666666666667,-0.0004886478134451,0.5422222222222223,lower_values_AD
pipeline_01,CC_7,RD,mean,CC_7_RD,0.06666666666666667,0.13333333333333333,-0.000506749600205,0.5422222222222223,lower_values_AD
pipeline_01,CC_7,RD,mean,CC_7_RD,0.13333333333333333,0.13333333333333333,-0.0005169641755259,0.5422222222222223,lower_values_AD
pipeline_01,CC_7,RD,mean,CC_7_RD,0.13333333333333333,0.2,-0.0005475906063097,0.5422222222222223,lower_values_AD
pipeline_01,CC_7,RD,mean,CC_7_RD,0.2,0.2,-0.0005499649413555,0.5422222222222223,lower_values_AD
pipeline_01,CC_7,RD,mean,CC_7_RD,0.2,0.26666666666666666,-0.0005584055991819,0.5422222222222223,lower_values_AD
pipeline_01,CC_7,RD,mean,CC_7_RD,0.3333333333333333,0.26666666666666666,-0.0005648898275453,0.5422222222222223,lower_values_AD
pipeline_01,CC_7,RD,mean,CC_7_RD,0.3333333333333333,0.3333333333333333,-0.0005694478201007,0.5422222222222223,lower_values_AD
pipeline_01,CC_7,RD,mean,CC_7_RD,0.4666666666666667,0.3333333333333333,-0.0005757802793758,0.5422222222222223,lower_values_AD
pipeline_01,CC_7,RD,mean,CC_7_RD,0.4666666666666667,0.4,-0.0005827369992475,0.5422222222222223,lower_values_AD
pipeline_01,CC_7,RD,mean,CC_7_RD,0.5333333333333333,0.4,-0.000588114805869,0.5422222222222223,lower_values_AD
pipeline_01,CC_7,RD,mean,CC_7_RD,0.5333333333333333,0.7333333333333333,-0.0006073964679941,0.5422222222222223,lower_values_AD
pipeline_01,CC_7,RD,mean,CC_7_RD,0.6,0.7333333333333333,-0.0006101305248763,0.5422222222222223,lower_values_AD
pipeline_01,CC_7,RD,mean,CC_7_RD,0.6,0.8,-0.000616682794499,0.5422222222222223,lower_values_AD
pipeline_01,CC_7,RD,mean,CC_7_RD,0.8,0.8,-0.0006382474979073,0.5422222222222223,lower_values_AD
pipeline_01,CC_7,RD,mean,CC_7_RD,0.8,1.0,-0.0007027488647078,0.5422222222222223,lower_values_AD
pipeline_01,CC_7,RD,mean,CC_7_RD,1.0,1.0,-0.0007787969799394,0.5422222222222223,lower_values_AD
pipeline_01,CG_left,AD,mean,CG_left_AD,0.0,0.0,inf,0.6133333333333333,lower_values_AD
pipeline_01,CG_left,AD,mean,CG_left_AD,0.0,0.06666666666666667,-0.0011002863964874,0.6133333333333333,lower_values_AD
pipeline_01,CG_left,AD,mean,CG_left_AD,0.0,0.13333333333333333,-0.0011485488725637,0.6133333333333333,lower_values_AD
pipeline_01,CG_left,AD,mean,CG_left_AD,0.13333333333333333,0.13333333333333333,-0.0011510701553378,0.6133333333333333,lower_values_AD
pipeline_01,CG_left,AD,mean,CG_left_AD,0.13333333333333333,0.4,-0.0011754689710622,0.6133333333333333,lower_values_AD
pipeline_01,CG_left,AD,mean,CG_left_AD,0.4,0.4,-0.0011962194847405,0.6133333333333333,lower_values_AD
pipeline_01,CG_left,AD,mean,CG_left_AD,0.4,0.4666666666666667,-0.0012136008059357,0.6133333333333333,lower_values_AD
pipeline_01,CG_left,AD,mean,CG_left_AD,0.4666666666666667,0.4666666666666667,-0.0012147934780288,0.6133333333333333,lower_values_AD
pipeline_01,CG_left,AD,mean,CG_left_AD,0.4666666666666667,0.6666666666666666,-0.0012215379685443,0.6133333333333333,lower_values_AD
pipeline_01,CG_left,AD,mean,CG_left_AD,0.5333333333333333,0.6666666666666666,-0.0012217633214169,0.6133333333333333,lower_values_AD
pipeline_01,CG_left,AD,mean,CG_left_AD,0.5333333333333333,0.8,-0.0012323674965794,0.6133333333333333,lower_values_AD
pipeline_01,CG_left,AD,mean,CG_left_AD,0.7333333333333333,0.8,-0.0012505245553908,0.6133333333333333,lower_values_AD
pipeline_01,CG_left,AD,mean,CG_left_AD,0.7333333333333333,0.9333333333333333,-0.0012556269622663,0.6133333333333333,lower_values_AD
pipeline_01,CG_left,AD,mean,CG_left_AD,0.9333333333333333,0.9333333333333333,-0.0012783662256003,0.6133333333333333,lower_values_AD
pipeline_01,CG_left,AD,mean,CG_left_AD,0.9333333333333333,1.0,-0.0012889949848863,0.6133333333333333,lower_values_AD
pipeline_01,CG_left,AD,mean,CG_left_AD,1.0,1.0,-0.001317680676607,0.6133333333333333,lower_values_AD
pipeline_01,CG_left,FA,mean,CG_left_FA,0.0,0.0,inf,0.7022222222222223,lower_values_AD
pipeline_01,CG_left,FA,mean,CG_left_FA,0.06666666666666667,0.0,-0.3776098697210291,0.7022222222222223,lower_values_AD
pipeline_01,CG_left,FA,mean,CG_left_FA,0.13333333333333333,0.0,-0.391977554219158,0.7022222222222223,lower_values_AD
pipeline_01,CG_left,FA,mean,CG_left_FA,0.13333333333333333,0.5333333333333333,-0.4327667751895651,0.7022222222222223,lower_values_AD
pipeline_01,CG_left,FA,mean,CG_left_FA,0.26666666666666666,0.5333333333333333,-0.4346748076408022,0.7022222222222223,lower_values_AD
pipeline_01,CG_left,FA,mean,CG_left_FA,0.26666666666666666,0.6,-0.4351607433583486,0.7022222222222223,lower_values_AD
pipeline_01,CG_left,FA,mean,CG_left_FA,0.3333333333333333,0.6,-0.4371918300406583,0.7022222222222223,lower_values_AD
pipeline_01,CG_left,FA,mean,CG_left_FA,0.3333333333333333,0.6666666666666666,-0.4380644923135974,0.7022222222222223,lower_values_AD
pipeline_01,CG_left,FA,mean,CG_left_FA,0.4666666666666667,0.6666666666666666,-0.4417487296298802,0.7022222222222223,lower_values_AD
pipeline_01,CG_left,FA,mean,CG_left_FA,0.4666666666666667,0.8,-0.4485060298595848,0.7022222222222223,lower_values_AD
pipeline_01,CG_left,FA,mean,CG_left_FA,0.6,0.8,-0.4538098701511174,0.7022222222222223,lower_values_AD
pipeline_01,CG_left,FA,mean,CG_left_FA,0.6,0.9333333333333333,-0.461648174269272,0.7022222222222223,lower_values_AD
pipeline_01,CG_left,FA,mean,CG_left_FA,0.6666666666666666,0.9333333333333333,-0.4632182440001575,0.7022222222222223,lower_values_AD
pipeline_01,CG_left,FA,mean,CG_left_FA,0.6666666666666666,1.0,-0.4717845210450458,0.7022222222222223,lower_values_AD
pipeline_01,CG_left,FA,mean,CG_left_FA,1.0,1.0,-0.4973418324544428,0.7022222222222223,lower_values_AD
pipeline_01,CG_left,MD,mean,CG_left_MD,0.0,0.0,inf,0.5466666666666666,higher_values_AD
pipeline_01,CG_left,MD,mean,CG_left_MD,0.06666666666666667,0.0,0.0008593940814154,0.5466666666666666,higher_values_AD
pipeline_01,CG_left,MD,mean,CG_left_MD,0.06666666666666667,0.06666666666666667,0.0008430164308473,0.5466666666666666,higher_values_AD
pipeline_01,CG_left,MD,mean,CG_left_MD,0.13333333333333333,0.06666666666666667,0.0008372600273268,0.5466666666666666,higher_values_AD
pipeline_01,CG_left,MD,mean,CG_left_MD,0.13333333333333333,0.26666666666666666,0.0008213781316585,0.5466666666666666,higher_values_AD
pipeline_01,CG_left,MD,mean,CG_left_MD,0.2,0.26666666666666666,0.0008151781349108,0.5466666666666666,higher_values_AD
pipeline_01,CG_left,MD,mean,CG_left_MD,0.2,0.4666666666666667,0.0008062595869287,0.5466666666666666,higher_values_AD
pipeline_01,CG_left,MD,mean,CG_left_MD,0.4,0.4666666666666667,0.0007955379258501,0.5466666666666666,higher_values_AD
pipeline_01,CG_left,MD,mean,CG_left_MD,0.4,0.6,0.0007879407977447,0.5466666666666666,higher_values_AD
pipeline_01,CG_left,MD,mean,CG_left_MD,0.6,0.6,0.0007852608904453,0.5466666666666666,higher_values_AD
pipeline_01,CG_left,MD,mean,CG_left_MD,0.6,0.6666666666666666,0.0007817956035729,0.5466666666666666,higher_values_AD
pipeline_01,CG_left,MD,mean,CG_left_MD,0.7333333333333333,0.6666666666666666,0.0007753436819691,0.5466666666666666,higher_values_AD
pipeline_01,CG_left,MD,mean,CG_left_MD,0.7333333333333333,0.7333333333333333,0.0007741755161918,0.5466666666666666,higher_values_AD
pipeline_01,CG_left,MD,mean,CG_left_MD,0.8666666666666667,0.7333333333333333,0.0007661788393858,0.5466666666666666,higher_values_AD
pipeline_01,CG_left,MD,mean,CG_left_MD,0.8666666666666667,0.8666666666666667,0.0007595168295077,0.5466666666666666,higher_values_AD
pipeline_01,CG_left,MD,mean,CG_left_MD,0.9333333333333333,0.8666666666666667,0.0007519329519137,0.5466666666666666,higher_values_AD
pipeline_01,CG_left,MD,mean,CG_left_MD,0.9333333333333333,1.0,0.0007432612501707,0.5466666666666666,higher_values_AD
pipeline_01,CG_left,MD,mean,CG_left_MD,1.0,1.0,0.0007374350708793,0.5466666666666666,higher_values_AD
pipeline_01,CG_left,RD,mean,CG_left_RD,0.0,0.0,inf,0.6622222222222223,higher_values_AD
pipeline_01,CG_left,RD,mean,CG_left_RD,0.06666666666666667,0.0,0.0006638288436283,0.6622222222222223,higher_values_AD
pipeline_01,CG_left,RD,mean,CG_left_RD,0.06666666666666667,0.26666666666666666,0.000627864144373,0.6622222222222223,higher_values_AD
pipeline_01,CG_left,RD,mean,CG_left_RD,0.2,0.26666666666666666,0.0006177718119272,0.6622222222222223,higher_values_AD
pipeline_01,CG_left,RD,mean,CG_left_RD,0.2,0.4666666666666667,0.000584558253094,0.6622222222222223,higher_values_AD
pipeline_01,CG_left,RD,mean,CG_left_RD,0.26666666666666666,0.4666666666666667,0.0005836810740302,0.6622222222222223,higher_values_AD
pipeline_01,CG_left,RD,mean,CG_left_RD,0.26666666666666666,0.5333333333333333,0.0005819279258599,0.6622222222222223,higher_values_AD
pipeline_01,CG_left,RD,mean,CG_left_RD,0.4,0.5333333333333333,0.0005761345310201,0.6622222222222223,higher_values_AD
pipeline_01,CG_left,RD,mean,CG_left_RD,0.4,0.6666666666666666,0.0005722965680314,0.6622222222222223,higher_values_AD
pipeline_01,CG_left,RD,mean,CG_left_RD,0.5333333333333333,0.6666666666666666,0.0005696687625515,0.6622222222222223,higher_values_AD
pipeline_01,CG_left,RD,mean,CG_left_RD,0.5333333333333333,0.8,0.0005647486772615,0.6622222222222223,higher_values_AD
pipeline_01,CG_left,RD,mean,CG_left_RD,0.6,0.8,0.0005639268625533,0.6622222222222223,higher_values_AD
pipeline_01,CG_left,RD,mean,CG_left_RD,0.6,0.9333333333333333,0.0005628897165724,0.6622222222222223,higher_values_AD
pipeline_01,CG_left,RD,mean,CG_left_RD,0.8666666666666667,0.9333333333333333,0.0005387082238763,0.6622222222222223,higher_values_AD
pipeline_01,CG_left,RD,mean,CG_left_RD,0.8666666666666667,1.0,0.0005379764557402,0.6622222222222223,higher_values_AD
pipeline_01,CG_left,RD,mean,CG_left_RD,1.0,1.0,0.0005205026901252,0.6622222222222223,higher_values_AD
pipeline_01,CG_right,AD,mean,CG_right_AD,0.0,0.0,inf,0.5866666666666667,lower_values_AD
pipeline_01,CG_right,AD,mean,CG_right_AD,0.0,0.06666666666666667,-0.0010466491335832,0.5866666666666667,lower_values_AD
pipeline_01,CG_right,AD,mean,CG_right_AD,0.0,0.26666666666666666,-0.0011441299330252,0.5866666666666667,lower_values_AD
pipeline_01,CG_right,AD,mean,CG_right_AD,0.2,0.26666666666666666,-0.0011523071366335,0.5866666666666667,lower_values_AD
pipeline_01,CG_right,AD,mean,CG_right_AD,0.2,0.4666666666666667,-0.0011813625563642,0.5866666666666667,lower_values_AD
pipeline_01,CG_right,AD,mean,CG_right_AD,0.26666666666666666,0.4666666666666667,-0.0011856867091729,0.5866666666666667,lower_values_AD
pipeline_01,CG_right,AD,mean,CG_right_AD,0.26666666666666666,0.5333333333333333,-0.0011903666469176,0.5866666666666667,lower_values_AD
pipeline_01,CG_right,AD,mean,CG_right_AD,0.3333333333333333,0.5333333333333333,-0.0011945144808176,0.5866666666666667,lower_values_AD
pipeline_01,CG_right,AD,mean,CG_right_AD,0.3333333333333333,0.6,-0.0011962889747946,0.5866666666666667,lower_values_AD
pipeline_01,CG_right,AD,mean,CG_right_AD,0.4666666666666667,0.6,-0.0012123978706165,0.5866666666666667,lower_values_AD
pipeline_01,CG_right,AD,mean,CG_right_AD,0.4666666666666667,0.6666666666666666,-0.0012127034398134,0.5866666666666667,lower_values_AD
pipeline_01,CG_right,AD,mean,CG_right_AD,0.8,0.6666666666666666,-0.0012277562608894,0.5866666666666667,lower_values_AD
pipeline_01,CG_right,AD,mean,CG_right_AD,0.8,0.7333333333333333,-0.0012320870520324,0.5866666666666667,lower_values_AD
pipeline_01,CG_right,AD,mean,CG_right_AD,0.9333333333333333,0.7333333333333333,-0.0012457203472798,0.5866666666666667,lower_values_AD
pipeline_01,CG_right,AD,mean,CG_right_AD,0.9333333333333333,1.0,-0.0012717866447212,0.5866666666666667,lower_values_AD
pipeline_01,CG_right,AD,mean,CG_right_AD,1.0,1.0,-0.0013214315622946,0.5866666666666667,lower_values_AD
pipeline_01,CG_right,FA,mean,CG_right_FA,0.0,0.0,inf,0.7111111111111111,lower_values_AD
pipeline_01,CG_right,FA,mean,CG_right_FA,0.0,0.06666666666666667,-0.3672723232597817,0.7111111111111111,lower_values_AD
pipeline_01,CG_right,FA,mean,CG_right_FA,0.0,0.26666666666666666,-0.4059487678354077,0.7111111111111111,lower_values_AD
pipeline_01,CG_right,FA,mean,CG_right_FA,0.13333333333333333,0.26666666666666666,-0.4164190637747973,0.7111111111111111,lower_values_AD
pipeline_01,CG_right,FA,mean,CG_right_FA,0.13333333333333333,0.4,-0.4250920177412083,0.7111111111111111,lower_values_AD
pipeline_01,CG_right,FA,mean,CG_right_FA,0.3333333333333333,0.4,-0.4331709637938924,0.7111111111111111,lower_values_AD
pipeline_01,CG_right,FA,mean,CG_right_FA,0.3333333333333333,0.4666666666666667,-0.4373415668078916,0.7111111111111111,lower_values_AD
pipeline_01,CG_right,FA,mean,CG_right_FA,0.4,0.4666666666666667,-0.4377279466324742,0.7111111111111111,lower_values_AD
pipeline_01,CG_right,FA,mean,CG_right_FA,0.4,0.8666666666666667,-0.4637935781038491,0.7111111111111111,lower_values_AD
pipeline_01,CG_right,FA,mean,CG_right_FA,0.6,0.8666666666666667,-0.4684214307618216,0.7111111111111111,lower_values_AD
pipeline_01,CG_right,FA,mean,CG_right_FA,0.6,0.9333333333333333,-0.4696412417109291,0.7111111111111111,lower_values_AD
pipeline_01,CG_right,FA,mean,CG_right_FA,0.7333333333333333,0.9333333333333333,-0.4737963405810781,0.7111111111111111,lower_values_AD
pipeline_01,CG_right,FA,mean,CG_right_FA,0.7333333333333333,1.0,-0.4755029673256021,0.7111111111111111,lower_values_AD
pipeline_01,CG_right,FA,mean,CG_right_FA,1.0,1.0,-0.4939817716854203,0.7111111111111111,lower_values_AD
pipeline_01,CG_right,MD,mean,CG_right_MD,0.0,0.0,inf,0.5688888888888889,higher_values_AD
pipeline_01,CG_right,MD,mean,CG_right_MD,0.0,0.06666666666666667,0.0008461435302592,0.5688888888888889,higher_values_AD
pipeline_01,CG_right,MD,mean,CG_right_MD,0.0,0.2,0.0008319476958583,0.5688888888888889,higher_values_AD
pipeline_01,CG_right,MD,mean,CG_right_MD,0.06666666666666667,0.2,0.000823913775743,0.5688888888888889,higher_values_AD
pipeline_01,CG_right,MD,mean,CG_right_MD,0.06666666666666667,0.26666666666666666,0.0008205675108411,0.5688888888888889,higher_values_AD
pipeline_01,CG_right,MD,mean,CG_right_MD,0.13333333333333333,0.26666666666666666,0.0008189702637144,0.5688888888888889,higher_values_AD
pipeline_01,CG_right,MD,mean,CG_right_MD,0.13333333333333333,0.3333333333333333,0.0008180522537909,0.5688888888888889,higher_values_AD
pipeline_01,CG_right,MD,mean,CG_right_MD,0.26666666666666666,0.3333333333333333,0.0008094029064068,0.5688888888888889,higher_values_AD
pipeline_01,CG_right,MD,mean,CG_right_MD,0.26666666666666666,0.4666666666666667,0.0008009353194137,0.5688888888888889,higher_values_AD
pipeline_01,CG_right,MD,mean,CG_right_MD,0.4,0.4666666666666667,0.0007880600323754,0.5688888888888889,higher_values_AD
pipeline_01,CG_right,MD,mean,CG_right_MD,0.4,0.6,0.0007848832971619,0.5688888888888889,higher_values_AD
pipeline_01,CG_right,MD,mean,CG_right_MD,0.4666666666666667,0.6,0.000780875709256,0.5688888888888889,higher_values_AD
pipeline_01,CG_right,MD,mean,CG_right_MD,0.4666666666666667,0.6666666666666666,0.0007760956545358,0.5688888888888889,higher_values_AD
pipeline_01,CG_right,MD,mean,CG_right_MD,0.6666666666666666,0.6666666666666666,0.0007650491448546,0.5688888888888889,higher_values_AD
pipeline_01,CG_right,MD,mean,CG_right_MD,0.6666666666666666,0.7333333333333333,0.0007624631983191,0.5688888888888889,higher_values_AD
pipeline_01,CG_right,MD,mean,CG_right_MD,0.9333333333333333,0.7333333333333333,0.0007509248015259,0.5688888888888889,higher_values_AD
pipeline_01,CG_right,MD,mean,CG_right_MD,0.9333333333333333,0.9333333333333333,0.000738522300795,0.5688888888888889,higher_values_AD
pipeline_01,CG_right,MD,mean,CG_right_MD,1.0,0.9333333333333333,0.0007367521041585,0.5688888888888889,higher_values_AD
pipeline_01,CG_right,MD,mean,CG_right_MD,1.0,1.0,0.0007255513419174,0.5688888888888889,higher_values_AD
pipeline_01,CG_right,RD,mean,CG_right_RD,0.0,0.0,inf,0.7066666666666666,higher_values_AD
pipeline_01,CG_right,RD,mean,CG_right_RD,0.0,0.06666666666666667,0.0006431290055423,0.7066666666666666,higher_values_AD
pipeline_01,CG_right,RD,mean,CG_right_RD,0.0,0.2,0.0006318950600451,0.7066666666666666,higher_values_AD
pipeline_01,CG_right,RD,mean,CG_right_RD,0.06666666666666667,0.2,0.0006286911754668,0.7066666666666666,higher_values_AD
pipeline_01,CG_right,RD,mean,CG_right_RD,0.06666666666666667,0.26666666666666666,0.0006183971128513,0.7066666666666666,higher_values_AD
pipeline_01,CG_right,RD,mean,CG_right_RD,0.13333333333333333,0.26666666666666666,0.0006114437660436,0.7066666666666666,higher_values_AD
pipeline_01,CG_right,RD,mean,CG_right_RD,0.13333333333333333,0.4666666666666667,0.0006018939352219,0.7066666666666666,higher_values_AD
pipeline_01,CG_right,RD,mean,CG_right_RD,0.2,0.4666666666666667,0.0006016602164926,0.7066666666666666,higher_values_AD
pipeline_01,CG_right,RD,mean,CG_right_RD,0.2,0.5333333333333333,0.0005952153631178,0.7066666666666666,higher_values_AD
pipeline_01,CG_right,RD,mean,CG_right_RD,0.26666666666666666,0.5333333333333333,0.000584832804997,0.7066666666666666,higher_values_AD
pipeline_01,CG_right,RD,mean,CG_right_RD,0.26666666666666666,0.7333333333333333,0.0005709732266322,0.7066666666666666,higher_values_AD
pipeline_01,CG_right,RD,mean,CG_right_RD,0.5333333333333333,0.7333333333333333,0.000560470571038,0.7066666666666666,higher_values_AD
pipeline_01,CG_right,RD,mean,CG_right_RD,0.5333333333333333,0.8,0.0005530135166583,0.7066666666666666,higher_values_AD
pipeline_01,CG_right,RD,mean,CG_right_RD,0.6,0.8,0.000551937642546,0.7066666666666666,higher_values_AD
pipeline_01,CG_right,RD,mean,CG_right_RD,0.6,0.8666666666666667,0.000549048105294,0.7066666666666666,higher_values_AD
pipeline_01,CG_right,RD,mean,CG_right_RD,0.8666666666666667,0.8666666666666667,0.0005335438477196,0.7066666666666666,higher_values_AD
pipeline_01,CG_right,RD,mean,CG_right_RD,0.8666666666666667,0.9333333333333333,0.0005324881056108,0.7066666666666666,higher_values_AD
pipeline_01,CG_right,RD,mean,CG_right_RD,0.9333333333333333,0.9333333333333333,0.000531125018126,0.7066666666666666,higher_values_AD
pipeline_01,CG_right,RD,mean,CG_right_RD,0.9333333333333333,1.0,0.0005256160201888,0.7066666666666666,higher_values_AD
pipeline_01,CG_right,RD,mean,CG_right_RD,1.0,1.0,0.0005205477843554,0.7066666666666666,higher_values_AD
pipeline_01,IFO_left,AD,mean,IFO_left_AD,0.0,0.0,inf,0.5022222222222222,lower_values_AD
pipeline_01,IFO_left,AD,mean,IFO_left_AD,0.0,0.06666666666666667,-0.0012995317053273,0.5022222222222222,lower_values_AD
pipeline_01,IFO_left,AD,mean,IFO_left_AD,0.06666666666666667,0.06666666666666667,-0.0013242335054722,0.5022222222222222,lower_values_AD
pipeline_01,IFO_left,AD,mean,IFO_left_AD,0.06666666666666667,0.2,-0.0013454984843858,0.5022222222222222,lower_values_AD
pipeline_01,IFO_left,AD,mean,IFO_left_AD,0.4,0.2,-0.0013669706565812,0.5022222222222222,lower_values_AD
pipeline_01,IFO_left,AD,mean,IFO_left_AD,0.4,0.3333333333333333,-0.0013767139615037,0.5022222222222222,lower_values_AD
pipeline_01,IFO_left,AD,mean,IFO_left_AD,0.5333333333333333,0.3333333333333333,-0.0013788667938909,0.5022222222222222,lower_values_AD
pipeline_01,IFO_left,AD,mean,IFO_left_AD,0.5333333333333333,0.6,-0.0013986370103427,0.5022222222222222,lower_values_AD
pipeline_01,IFO_left,AD,mean,IFO_left_AD,0.6666666666666666,0.6,-0.001418878316528,0.5022222222222222,lower_values_AD
pipeline_01,IFO_left,AD,mean,IFO_left_AD,0.6666666666666666,0.8666666666666667,-0.0014812956859143,0.5022222222222222,lower_values_AD
pipeline_01,IFO_left,AD,mean,IFO_left_AD,0.8666666666666667,0.8666666666666667,-0.0014988895559467,0.5022222222222222,lower_values_AD
pipeline_01,IFO_left,AD,mean,IFO_left_AD,0.8666666666666667,1.0,-0.0015304392943063,0.5022222222222222,lower_values_AD
pipeline_01,IFO_left,AD,mean,IFO_left_AD,1.0,1.0,-0.0016285363725612,0.5022222222222222,lower_values_AD
pipeline_01,IFO_left,FA,mean,IFO_left_FA,0.0,0.0,inf,0.5911111111111111,lower_values_AD
pipeline_01,IFO_left,FA,mean,IFO_left_FA,0.06666666666666667,0.0,-0.426999110482226,0.5911111111111111,lower_values_AD
pipeline_01,IFO_left,FA,mean,IFO_left_FA,0.06666666666666667,0.2,-0.4577805964759979,0.5911111111111111,lower_values_AD
pipeline_01,IFO_left,FA,mean,IFO_left_FA,0.13333333333333333,0.2,-0.4607977748413427,0.5911111111111111,lower_values_AD
pipeline_01,IFO_left,FA,mean,IFO_left_FA,0.13333333333333333,0.4,-0.469995058289036,0.5911111111111111,lower_values_AD
pipeline_01,IFO_left,FA,mean,IFO_left_FA,0.2,0.4,-0.4828238410451571,0.5911111111111111,lower_values_AD
pipeline_01,IFO_left,FA,mean,IFO_left_FA,0.2,0.4666666666666667,-0.4845053093646901,0.5911111111111111,lower_values_AD
pipeline_01,IFO_left,FA,mean,IFO_left_FA,0.4666666666666667,0.4666666666666667,-0.4957440914596506,0.5911111111111111,lower_values_AD
pipeline_01,IFO_left,FA,mean,IFO_left_FA,0.4666666666666667,0.6,-0.4968321837175691,0.5911111111111111,lower_values_AD
pipeline_01,IFO_left,FA,mean,IFO_left_FA,0.5333333333333333,0.6,-0.4970854392107214,0.5911111111111111,lower_values_AD
pipeline_01,IFO_left,FA,mean,IFO_left_FA,0.5333333333333333,0.6666666666666666,-0.4972313030644043,0.5911111111111111,lower_values_AD
pipeline_01,IFO_left,FA,mean,IFO_left_FA,0.6,0.6666666666666666,-0.5024848911386044,0.5911111111111111,lower_values_AD
pipeline_01,IFO_left,FA,mean,IFO_left_FA,0.6,0.7333333333333333,-0.5035246483660786,0.5911111111111111,lower_values_AD
pipeline_01,IFO_left,FA,mean,IFO_left_FA,0.7333333333333333,0.7333333333333333,-0.5072188581977274,0.5911111111111111,lower_values_AD
pipeline_01,IFO_left,FA,mean,IFO_left_FA,0.7333333333333333,0.8666666666666667,-0.5168222519889438,0.5911111111111111,lower_values_AD
pipeline_01,IFO_left,FA,mean,IFO_left_FA,0.8,0.8666666666666667,-0.5254208472921513,0.5911111111111111,lower_values_AD
pipeline_01,IFO_left,FA,mean,IFO_left_FA,0.8,0.9333333333333333,-0.5275147443299277,0.5911111111111111,lower_values_AD
pipeline_01,IFO_left,FA,mean,IFO_left_FA,1.0,0.9333333333333333,-0.5377144368441527,0.5911111111111111,lower_values_AD
pipeline_01,IFO_left,FA,mean,IFO_left_FA,1.0,1.0,-0.5458331233806761,0.5911111111111111,lower_values_AD
pipeline_01,IFO_left,MD,mean,IFO_left_MD,0.0,0.0,inf,0.5377777777777777,higher_values_AD
pipeline_01,IFO_left,MD,mean,IFO_left_MD,0.06666666666666667,0.0,0.0011088052306838,0.5377777777777777,higher_values_AD
pipeline_01,IFO_left,MD,mean,IFO_left_MD,0.13333333333333333,0.0,0.001028066319762,0.5377777777777777,higher_values_AD
pipeline_01,IFO_left,MD,mean,IFO_left_MD,0.13333333333333333,0.13333333333333333,0.0010094340171212,0.5377777777777777,higher_values_AD
pipeline_01,IFO_left,MD,mean,IFO_left_MD,0.2,0.13333333333333333,0.0009664352569746,0.5377777777777777,higher_values_AD
pipeline_01,IFO_left,MD,mean,IFO_left_MD,0.2,0.2,0.0009621607381336,0.5377777777777777,higher_values_AD
pipeline_01,IFO_left,MD,mean,IFO_left_MD,0.26666666666666666,0.2,0.0009480196941799,0.5377777777777777,higher_values_AD
pipeline_01,IFO_left,MD,mean,IFO_left_MD,0.26666666666666666,0.26666666666666666,0.0009321340853799,0.5377777777777777,higher_values_AD
pipeline_01,IFO_left,MD,mean,IFO_left_MD,0.3333333333333333,0.26666666666666666,0.0009308284957347,0.5377777777777777,higher_values_AD
pipeline_01,IFO_left,MD,mean,IFO_left_MD,0.3333333333333333,0.4666666666666667,0.0008997127833955,0.5377777777777777,higher_values_AD
pipeline_01,IFO_left,MD,mean,IFO_left_MD,0.4666666666666667,0.4666666666666667,0.0008882442846277,0.5377777777777777,higher_values_AD
pipeline_01,IFO_left,MD,mean,IFO_left_MD,0.4666666666666667,0.6,0.000870763208652,0.5377777777777777,higher_values_AD
pipeline_01,IFO_left,MD,mean,IFO_left_MD,0.5333333333333333,0.6,0.0008630341138598,0.5377777777777777,higher_values_AD
pipeline_01,IFO_left,MD,mean,IFO_left_MD,0.5333333333333333,0.6666666666666666,0.0008567378716415,0.5377777777777777,higher_values_AD
pipeline_01,IFO_left,MD,mean,IFO_left_MD,0.6,0.6666666666666666,0.0008511439049363,0.5377777777777777,higher_values_AD
pipeline_01,IFO_left,MD,mean,IFO_left_MD,0.6,0.7333333333333333,0.0008501759367605,0.5377777777777777,higher_values_AD
pipeline_01,IFO_left,MD,mean,IFO_left_MD,0.7333333333333333,0.7333333333333333,0.0008424278051925,0.5377777777777777,higher_values_AD
pipeline_01,IFO_left,MD,mean,IFO_left_MD,0.7333333333333333,0.8,0.0008381654405407,0.5377777777777777,higher_values_AD
pipeline_01,IFO_left,MD,mean,IFO_left_MD,0.8,0.8,0.0008379820759944,0.5377777777777777,higher_values_AD
pipeline_01,IFO_left,MD,mean,IFO_left_MD,0.8,1.0,0.0008255671563723,0.5377777777777777,higher_values_AD
pipeline_01,IFO_left,MD,mean,IFO_left_MD,1.0,1.0,0.0007997941624641,0.5377777777777777,higher_values_AD
pipeline_01,IFO_left,RD,mean,IFO_left_RD,0.0,0.0,inf,0.5644444444444444,higher_values_AD
pipeline_01,IFO_left,RD,mean,IFO_left_RD,0.06666666666666667,0.0,0.0008489396607881,0.5644444444444444,higher_values_AD
pipeline_01,IFO_left,RD,mean,IFO_left_RD,0.13333333333333333,0.0,0.000756573989047,0.5644444444444444,higher_values_AD
pipeline_01,IFO_left,RD,mean,IFO_left_RD,0.13333333333333333,0.2,0.000730866693632,0.5644444444444444,higher_values_AD
pipeline_01,IFO_left,RD,mean,IFO_left_RD,0.26666666666666666,0.2,0.0006797512929281,0.5644444444444444,higher_values_AD
pipeline_01,IFO_left,RD,mean,IFO_left_RD,0.26666666666666666,0.4,0.0006544486161037,0.5644444444444444,higher_values_AD
pipeline_01,IFO_left,RD,mean,IFO_left_RD,0.3333333333333333,0.4,0.0006541750248756,0.5644444444444444,higher_values_AD
pipeline_01,IFO_left,RD,mean,IFO_left_RD,0.3333333333333333,0.5333333333333333,0.0006422141043663,0.5644444444444444,higher_values_AD
pipeline_01,IFO_left,RD,mean,IFO_left_RD,0.4666666666666667,0.5333333333333333,0.0006250571354856,0.5644444444444444,higher_values_AD
pipeline_01,IFO_left,RD,mean,IFO_left_RD,0.4666666666666667,0.6,0.0006092430025908,0.5644444444444444,higher_values_AD
pipeline_01,IFO_left,RD,mean,IFO_left_RD,0.6,0.6,0.000600327216528,0.5644444444444444,higher_values_AD
pipeline_01,IFO_left,RD,mean,IFO_left_RD,0.6,0.8,0.0005895220685677,0.5644444444444444,higher_values_AD
pipeline_01,IFO_left,RD,mean,IFO_left_RD,0.8,0.8,0.0005734877856048,0.5644444444444444,higher_values_AD
pipeline_01,IFO_left,RD,mean,IFO_left_RD,0.8,1.0,0.0005535207954281,0.5644444444444444,higher_values_AD
pipeline_01,IFO_left,RD,mean,IFO_left_RD,1.0,1.0,0.0005375744897836,0.5644444444444444,higher_values_AD
pipeline_01,IFO_right,AD,mean,IFO_right_AD,0.0,0.0,inf,0.5155555555555555,lower_values_AD
pipeline_01,IFO_right,AD,mean,IFO_right_AD,0.0,0.06666666666666667,-0.0012933053866876,0.5155555555555555,lower_values_AD
pipeline_01,IFO_right,AD,mean,IFO_right_AD,0.06666666666666667,0.06666666666666667,-0.0013012680031333,0.5155555555555555,lower_values_AD
pipeline_01,IFO_right,AD,mean,IFO_right_AD,0.06666666666666667,0.13333333333333333,-0.0013186500101487,0.5155555555555555,lower_values_AD
pipeline_01,IFO_right,AD,mean,IFO_right_AD,0.26666666666666666,0.13333333333333333,-0.0013368557934913,0.5155555555555555,lower_values_AD
pipeline_01,IFO_right,AD,mean,IFO_right_AD,0.26666666666666666,0.26666666666666666,-0.0013547529336567,0.5155555555555555,lower_values_AD
pipeline_01,IFO_right,AD,mean,IFO_right_AD,0.3333333333333333,0.26666666666666666,-0.0013604931315536,0.5155555555555555,lower_values_AD
pipeline_01,IFO_right,AD,mean,IFO_right_AD,0.3333333333333333,0.3333333333333333,-0.0013606829249346,0.5155555555555555,lower_values_AD
pipeline_01,IFO_right,AD,mean,IFO_right_AD,0.4666666666666667,0.3333333333333333,-0.0013649646362788,0.5155555555555555,lower_values_AD
pipeline_01,IFO_right,AD,mean,IFO_right_AD,0.4666666666666667,0.4,-0.0013778460415888,0.5155555555555555,lower_values_AD
pipeline_01,IFO_right,AD,mean,IFO_right_AD,0.5333333333333333,0.4,-0.0013795461297871,0.5155555555555555,lower_values_AD
pipeline_01,IFO_right,AD,mean,IFO_right_AD,0.5333333333333333,0.8,-0.0014204639469841,0.5155555555555555,lower_values_AD
pipeline_01,IFO_right,AD,mean,IFO_right_AD,0.8,0.8,-0.0014664039603961,0.5155555555555555,lower_values_AD
pipeline_01,IFO_right,AD,mean,IFO_right_AD,0.8,0.8666666666666667,-0.0014683291804487,0.5155555555555555,lower_values_AD
pipeline_01,IFO_right,AD,mean,IFO_right_AD,0.9333333333333333,0.8666666666666667,-0.0014824129568936,0.5155555555555555,lower_values_AD
pipeline_01,IFO_right,AD,mean,IFO_right_AD,0.9333333333333333,1.0,-0.001514521138615,0.5155555555555555,lower_values_AD
pipeline_01,IFO_right,AD,mean,IFO_right_AD,1.0,1.0,-0.0015197796704263,0.5155555555555555,lower_values_AD
pipeline_01,IFO_right,FA,mean,IFO_right_FA,0.0,0.0,inf,0.5377777777777778,lower_values_AD
pipeline_01,IFO_right,FA,mean,IFO_right_FA,0.06666666666666667,0.0,-0.4110060588547807,0.5377777777777778,lower_values_AD
pipeline_01,IFO_right,FA,mean,IFO_right_FA,0.06666666666666667,0.06666666666666667,-0.4247468600914397,0.5377777777777778,lower_values_AD
pipeline_01,IFO_right,FA,mean,IFO_right_FA,0.13333333333333333,0.06666666666666667,-0.4360466796098314,0.5377777777777778,lower_values_AD
pipeline_01,IFO_right,FA,mean,IFO_right_FA,0.13333333333333333,0.26666666666666666,-0.455388840885223,0.5377777777777778,lower_values_AD
pipeline_01,IFO_right,FA,mean,IFO_right_FA,0.2,0.26666666666666666,-0.4598665107711798,0.5377777777777778,lower_values_AD
pipeline_01,IFO_right,FA,mean,IFO_right_FA,0.2,0.4666666666666667,-0.4654651868874447,0.5377777777777778,lower_values_AD
pipeline_01,IFO_right,FA,mean,IFO_right_FA,0.4666666666666667,0.4666666666666667,-0.4781785361172396,0.5377777777777778,lower_values_AD
pipeline_01,IFO_right,FA,mean,IFO_right_FA,0.4666666666666667,0.6,-0.4840613837540118,0.5377777777777778,lower_values_AD
pipeline_01,IFO_right,FA,mean,IFO_right_FA,0.6,0.6,-0.4899963513581186,0.5377777777777778,lower_values_AD
pipeline_01,IFO_right,FA,mean,IFO_right_FA,0.6,0.6666666666666666,-0.4906912823435915,0.5377777777777778,lower_values_AD
pipeline_01,IFO_right,FA,mean,IFO_right_FA,0.6666666666666666,0.6666666666666666,-0.491015630722607,0.5377777777777778,lower_values_AD
pipeline_01,IFO_right,FA,mean,IFO_right_FA,0.6666666666666666,0.8,-0.503312127605243,0.5377777777777778,lower_values_AD
pipeline_01,IFO_right,FA,mean,IFO_right_FA,1.0,0.8,-0.5170443279810519,0.5377777777777778,lower_values_AD
pipeline_01,IFO_right,FA,mean,IFO_right_FA,1.0,1.0,-0.5307617882848285,0.5377777777777778,lower_values_AD
pipeline_01,IFO_right,MD,mean,IFO_right_MD,0.0,0.0,inf,0.52,higher_values_AD
pipeline_01,IFO_right,MD,mean,IFO_right_MD,0.06666666666666667,0.0,0.0010192461634113,0.52,higher_values_AD
pipeline_01,IFO_right,MD,mean,IFO_right_MD,0.13333333333333333,0.0,0.0010109095732959,0.52,higher_values_AD
pipeline_01,IFO_right,MD,mean,IFO_right_MD,0.13333333333333333,0.13333333333333333,0.0009603677922575,0.52,higher_values_AD
pipeline_01,IFO_right,MD,mean,IFO_right_MD,0.2,0.13333333333333333,0.0009532322791856,0.52,higher_values_AD
pipeline_01,IFO_right,MD,mean,IFO_right_MD,0.2,0.26666666666666666,0.0009423471989442,0.52,higher_values_AD
pipeline_01,IFO_right,MD,mean,IFO_right_MD,0.3333333333333333,0.26666666666666666,0.0009253207632835,0.52,higher_values_AD
pipeline_01,IFO_right,MD,mean,IFO_right_MD,0.3333333333333333,0.3333333333333333,0.0009251220247521,0.52,higher_values_AD
pipeline_01,IFO_right,MD,mean,IFO_right_MD,0.4666666666666667,0.3333333333333333,0.0009143113295323,0.52,higher_values_AD
pipeline_01,IFO_right,MD,mean,IFO_right_MD,0.4666666666666667,0.6666666666666666,0.0008747809169933,0.52,higher_values_AD
pipeline_01,IFO_right,MD,mean,IFO_right_MD,0.5333333333333333,0.6666666666666666,0.0008702601036355,0.52,higher_values_AD
pipeline_01,IFO_right,MD,mean,IFO_right_MD,0.5333333333333333,0.7333333333333333,0.0008699166518772,0.52,higher_values_AD
pipeline_01,IFO_right,MD,mean,IFO_right_MD,0.7333333333333333,0.7333333333333333,0.000853029530173,0.52,higher_values_AD
pipeline_01,IFO_right,MD,mean,IFO_right_MD,0.7333333333333333,0.8,0.0008448305415837,0.52,higher_values_AD
pipeline_01,IFO_right,MD,mean,IFO_right_MD,0.8,0.8,0.0008388132893559,0.52,higher_values_AD
pipeline_01,IFO_right,MD,mean,IFO_right_MD,0.8,0.9333333333333333,0.0008217199978717,0.52,higher_values_AD
pipeline_01,IFO_right,MD,mean,IFO_right_MD,1.0,0.9333333333333333,0.0007982546367549,0.52,higher_values_AD
pipeline_01,IFO_right,MD,mean,IFO_right_MD,1.0,1.0,0.0007948546346221,0.52,higher_values_AD
pipeline_01,IFO_right,RD,mean,IFO_right_RD,0.0,0.0,inf,0.528888888888889,higher_values_AD
pipeline_01,IFO_right,RD,mean,IFO_right_RD,0.06666666666666667,0.0,0.0007751578802296,0.528888888888889,higher_values_AD
pipeline_01,IFO_right,RD,mean,IFO_right_RD,0.13333333333333333,0.0,0.0007689794090013,0.528888888888889,higher_values_AD
pipeline_01,IFO_right,RD,mean,IFO_right_RD,0.13333333333333333,0.13333333333333333,0.000713819684236,0.528888888888889,higher_values_AD
pipeline_01,IFO_right,RD,mean,IFO_right_RD,0.2,0.13333333333333333,0.0006892985439146,0.528888888888889,higher_values_AD
pipeline_01,IFO_right,RD,mean,IFO_right_RD,0.2,0.26666666666666666,0.0006784915621043,0.528888888888889,higher_values_AD
pipeline_01,IFO_right,RD,mean,IFO_right_RD,0.3333333333333333,0.26666666666666666,0.0006739788098219,0.528888888888889,higher_values_AD
pipeline_01,IFO_right,RD,mean,IFO_right_RD,0.3333333333333333,0.4,0.0006666441093489,0.528888888888889,higher_values_AD
pipeline_01,IFO_right,RD,mean,IFO_right_RD,0.4666666666666667,0.4,0.0006573925537151,0.528888888888889,higher_values_AD
pipeline_01,IFO_right,RD,mean,IFO_right_RD,0.4666666666666667,0.6666666666666666,0.0006199347625027,0.528888888888889,higher_values_AD
pipeline_01,IFO_right,RD,mean,IFO_right_RD,0.6,0.6666666666666666,0.0006150494948679,0.528888888888889,higher_values_AD
pipeline_01,IFO_right,RD,mean,IFO_right_RD,0.6,0.8,0.0006110254252738,0.528888888888889,higher_values_AD
pipeline_01,IFO_right,RD,mean,IFO_right_RD,0.8,0.8,0.0005758790164393,0.528888888888889,higher_values_AD
pipeline_01,IFO_right,RD,mean,IFO_right_RD,0.8,0.8666666666666667,0.0005605365631187,0.528888888888889,higher_values_AD
pipeline_01,IFO_right,RD,mean,IFO_right_RD,0.8666666666666667,0.8666666666666667,0.0005601150604785,0.528888888888889,higher_values_AD
pipeline_01,IFO_right,RD,mean,IFO_right_RD,0.8666666666666667,0.9333333333333333,0.0005587324116697,0.528888888888889,higher_values_AD
pipeline_01,IFO_right,RD,mean,IFO_right_RD,1.0,0.9333333333333333,0.0005467479522375,0.528888888888889,higher_values_AD
pipeline_01,IFO_right,RD,mean,IFO_right_RD,1.0,1.0,0.0005329569464801,0.528888888888889,higher_values_AD
pipeline_01,ILF_left,AD,mean,ILF_left_AD,0.0,0.0,inf,0.7333333333333334,higher_values_AD
pipeline_01,ILF_left,AD,mean,ILF_left_AD,0.06666666666666667,0.0,0.0018004183679819,0.7333333333333334,higher_values_AD
pipeline_01,ILF_left,AD,mean,ILF_left_AD,0.06666666666666667,0.26666666666666666,0.0016296761675868,0.7333333333333334,higher_values_AD
pipeline_01,ILF_left,AD,mean,ILF_left_AD,0.13333333333333333,0.26666666666666666,0.0016017229628744,0.7333333333333334,higher_values_AD
pipeline_01,ILF_left,AD,mean,ILF_left_AD,0.13333333333333333,0.4666666666666667,0.0015635843265686,0.7333333333333334,higher_values_AD
pipeline_01,ILF_left,AD,mean,ILF_left_AD,0.2,0.4666666666666667,0.0015481068796782,0.7333333333333334,higher_values_AD
pipeline_01,ILF_left,AD,mean,ILF_left_AD,0.2,0.6666666666666666,0.0014936753081885,0.7333333333333334,higher_values_AD
pipeline_01,ILF_left,AD,mean,ILF_left_AD,0.4,0.6666666666666666,0.0014495614758475,0.7333333333333334,higher_values_AD
pipeline_01,ILF_left,AD,mean,ILF_left_AD,0.4,0.8666666666666667,0.0013989517114119,0.7333333333333334,higher_values_AD
pipeline_01,ILF_left,AD,mean,ILF_left_AD,0.6,0.8666666666666667,0.0013821604190622,0.7333333333333334,higher_values_AD
pipeline_01,ILF_left,AD,mean,ILF_left_AD,0.6,0.9333333333333333,0.0013800335549189,0.7333333333333334,higher_values_AD
pipeline_01,ILF_left,AD,mean,ILF_left_AD,0.9333333333333333,0.9333333333333333,0.0013260167626777,0.7333333333333334,higher_values_AD
pipeline_01,ILF_left,AD,mean,ILF_left_AD,0.9333333333333333,1.0,0.0012963786762969,0.7333333333333334,higher_values_AD
pipeline_01,ILF_left,AD,mean,ILF_left_AD,1.0,1.0,0.0012754944327957,0.7333333333333334,higher_values_AD
pipeline_01,ILF_left,FA,mean,ILF_left_FA,0.0,0.0,inf,0.6177777777777778,lower_values_AD
pipeline_01,ILF_left,FA,mean,ILF_left_FA,0.06666666666666667,0.0,-0.4067144025573429,0.6177777777777778,lower_values_AD
pipeline_01,ILF_left,FA,mean,ILF_left_FA,0.06666666666666667,0.13333333333333333,-0.4097785655511896,0.6177777777777778,lower_values_AD
pipeline_01,ILF_left,FA,mean,ILF_left_FA,0.13333333333333333,0.13333333333333333,-0.4160233660607161,0.6177777777777778,lower_values_AD
pipeline_01,ILF_left,FA,mean,ILF_left_FA,0.13333333333333333,0.26666666666666666,-0.4335596216066554,0.6177777777777778,lower_values_AD
pipeline_01,ILF_left,FA,mean,ILF_left_FA,0.2,0.26666666666666666,-0.4559731594869804,0.6177777777777778,lower_values_AD
pipeline_01,ILF_left,FA,mean,ILF_left_FA,0.2,0.4,-0.4606504599775356,0.6177777777777778,lower_values_AD
pipeline_01,ILF_left,FA,mean,ILF_left_FA,0.3333333333333333,0.4,-0.4635182772641521,0.6177777777777778,lower_values_AD
pipeline_01,ILF_left,FA,mean,ILF_left_FA,0.3333333333333333,0.4666666666666667,-0.4659134595343782,0.6177777777777778,lower_values_AD
pipeline_01,ILF_left,FA,mean,ILF_left_FA,0.4,0.4666666666666667,-0.4686383127012476,0.6177777777777778,lower_values_AD
pipeline_01,ILF_left,FA,mean,ILF_left_FA,0.4,0.6666666666666666,-0.4770160856794052,0.6177777777777778,lower_values_AD
pipeline_01,ILF_left,FA,mean,ILF_left_FA,0.4666666666666667,0.6666666666666666,-0.4817215796455351,0.6177777777777778,lower_values_AD
pipeline_01,ILF_left,FA,mean,ILF_left_FA,0.4666666666666667,0.8,-0.4854756729282704,0.6177777777777778,lower_values_AD
pipeline_01,ILF_left,FA,mean,ILF_left_FA,0.6,0.8,-0.488299947100148,0.6177777777777778,lower_values_AD
pipeline_01,ILF_left,FA,mean,ILF_left_FA,0.6,0.8666666666666667,-0.4883697803523205,0.6177777777777778,lower_values_AD
pipeline_01,ILF_left,FA,mean,ILF_left_FA,0.8666666666666667,0.8666666666666667,-0.5088192015124662,0.6177777777777778,lower_values_AD
pipeline_01,ILF_left,FA,mean,ILF_left_FA,0.8666666666666667,0.9333333333333333,-0.5170855307756477,0.6177777777777778,lower_values_AD
pipeline_01,ILF_left,FA,mean,ILF_left_FA,1.0,0.9333333333333333,-0.5212753826436234,0.6177777777777778,lower_values_AD
pipeline_01,ILF_left,FA,mean,ILF_left_FA,1.0,1.0,-0.5274883180503829,0.6177777777777778,lower_values_AD
pipeline_01,ILF_left,MD,mean,ILF_left_MD,0.0,0.0,inf,0.7555555555555555,higher_values_AD
pipeline_01,ILF_left,MD,mean,ILF_left_MD,0.06666666666666667,0.0,0.0012511524067528,0.7555555555555555,higher_values_AD
pipeline_01,ILF_left,MD,mean,ILF_left_MD,0.06666666666666667,0.13333333333333333,0.0011533794660212,0.7555555555555555,higher_values_AD
pipeline_01,ILF_left,MD,mean,ILF_left_MD,0.13333333333333333,0.13333333333333333,0.0010983251344148,0.7555555555555555,higher_values_AD
pipeline_01,ILF_left,MD,mean,ILF_left_MD,0.13333333333333333,0.6666666666666666,0.0009663404370866,0.7555555555555555,higher_values_AD
pipeline_01,ILF_left,MD,mean,ILF_left_MD,0.3333333333333333,0.6666666666666666,0.0009249509630589,0.7555555555555555,higher_values_AD
pipeline_01,ILF_left,MD,mean,ILF_left_MD,0.3333333333333333,0.8,0.0009199419225688,0.7555555555555555,higher_values_AD
pipeline_01,ILF_left,MD,mean,ILF_left_MD,0.4,0.8,0.0009160535811637,0.7555555555555555,higher_values_AD
pipeline_01,ILF_left,MD,mean,ILF_left_MD,0.4,0.8666666666666667,0.0009118227629904,0.7555555555555555,higher_values_AD
pipeline_01,ILF_left,MD,mean,ILF_left_MD,0.4666666666666667,0.8666666666666667,0.0008797818437463,0.7555555555555555,higher_values_AD
pipeline_01,ILF_left,MD,mean,ILF_left_MD,0.4666666666666667,0.9333333333333333,0.0008773338591766,0.7555555555555555,higher_values_AD
pipeline_01,ILF_left,MD,mean,ILF_left_MD,0.9333333333333333,0.9333333333333333,0.000821527810792,0.7555555555555555,higher_values_AD
pipeline_01,ILF_left,MD,mean,ILF_left_MD,0.9333333333333333,1.0,0.0008108847277176,0.7555555555555555,higher_values_AD
pipeline_01,ILF_left,MD,mean,ILF_left_MD,1.0,1.0,0.0007978199794397,0.7555555555555555,higher_values_AD
pipeline_01,ILF_left,RD,mean,ILF_left_RD,0.0,0.0,inf,0.768888888888889,higher_values_AD
pipeline_01,ILF_left,RD,mean,ILF_left_RD,0.06666666666666667,0.0,0.0009765194282089,0.768888888888889,higher_values_AD
pipeline_01,ILF_left,RD,mean,ILF_left_RD,0.06666666666666667,0.13333333333333333,0.000874195924383,0.768888888888889,higher_values_AD
pipeline_01,ILF_left,RD,mean,ILF_left_RD,0.13333333333333333,0.13333333333333333,0.0008466262210636,0.768888888888889,higher_values_AD
pipeline_01,ILF_left,RD,mean,ILF_left_RD,0.13333333333333333,0.6,0.000758280274047,0.768888888888889,higher_values_AD
pipeline_01,ILF_left,RD,mean,ILF_left_RD,0.2,0.6,0.0006962130857252,0.768888888888889,higher_values_AD
pipeline_01,ILF_left,RD,mean,ILF_left_RD,0.2,0.6666666666666666,0.0006960583310508,0.768888888888889,higher_values_AD
pipeline_01,ILF_left,RD,mean,ILF_left_RD,0.26666666666666666,0.6666666666666666,0.0006720904298881,0.768888888888889,higher_values_AD
pipeline_01,ILF_left,RD,mean,ILF_left_RD,0.26666666666666666,0.8,0.0006625114686066,0.768888888888889,higher_values_AD
pipeline_01,ILF_left,RD,mean,ILF_left_RD,0.4,0.8,0.0006443032674476,0.768888888888889,higher_values_AD
pipeline_01,ILF_left,RD,mean,ILF_left_RD,0.4,0.8666666666666667,0.0006352387779892,0.768888888888889,higher_values_AD
pipeline_01,ILF_left,RD,mean,ILF_left_RD,0.4666666666666667,0.8666666666666667,0.000632230582583,0.768888888888889,higher_values_AD
pipeline_01,ILF_left,RD,mean,ILF_left_RD,0.4666666666666667,0.9333333333333333,0.0006259840118874,0.768888888888889,higher_values_AD
pipeline_01,ILF_left,RD,mean,ILF_left_RD,0.8,0.9333333333333333,0.0005814735720287,0.768888888888889,higher_values_AD
pipeline_01,ILF_left,RD,mean,ILF_left_RD,0.8,1.0,0.0005681377531415,0.768888888888889,higher_values_AD
pipeline_01,ILF_left,RD,mean,ILF_left_RD,1.0,1.0,0.0005577294299541,0.768888888888889,higher_values_AD
pipeline_01,ILF_right,AD,mean,ILF_right_AD,0.0,0.0,inf,0.6977777777777778,higher_values_AD
pipeline_01,ILF_right,AD,mean,ILF_right_AD,0.0,0.06666666666666667,0.0017808336111158,0.6977777777777778,higher_values_AD
pipeline_01,ILF_right,AD,mean,ILF_right_AD,0.06666666666666667,0.06666666666666667,0.0017022292127809,0.6977777777777778,higher_values_AD
pipeline_01,ILF_right,AD,mean,ILF_right_AD,0.06666666666666667,0.3333333333333333,0.0015920357552871,0.6977777777777778,higher_values_AD
pipeline_01,ILF_right,AD,mean,ILF_right_AD,0.13333333333333333,0.3333333333333333,0.0015607312851812,0.6977777777777778,higher_values_AD
pipeline_01,ILF_right,AD,mean,ILF_right_AD,0.13333333333333333,0.4666666666666667,0.0015289553157525,0.6977777777777778,higher_values_AD
pipeline_01,ILF_right,AD,mean,ILF_right_AD,0.2,0.4666666666666667,0.0015250861527242,0.6977777777777778,higher_values_AD
pipeline_01,ILF_right,AD,mean,ILF_right_AD,0.2,0.5333333333333333,0.0015093595535842,0.6977777777777778,higher_values_AD
pipeline_01,ILF_right,AD,mean,ILF_right_AD,0.3333333333333333,0.5333333333333333,0.0014966492317813,0.6977777777777778,higher_values_AD
pipeline_01,ILF_right,AD,mean,ILF_right_AD,0.3333333333333333,0.6666666666666666,0.0014766708340894,0.6977777777777778,higher_values_AD
pipeline_01,ILF_right,AD,mean,ILF_right_AD,0.4,0.6666666666666666,0.0014629990306281,0.6977777777777778,higher_values_AD
pipeline_01,ILF_right,AD,mean,ILF_right_AD,0.4,0.7333333333333333,0.0014572879971017,0.6977777777777778,higher_values_AD
pipeline_01,ILF_right,AD,mean,ILF_right_AD,0.5333333333333333,0.7333333333333333,0.0014529928068678,0.6977777777777778,higher_values_AD
pipeline_01,ILF_right,AD,mean,ILF_right_AD,0.5333333333333333,0.8,0.0014423673892524,0.6977777777777778,higher_values_AD
pipeline_01,ILF_right,AD,mean,ILF_right_AD,0.6,0.8,0.0014250073629123,0.6977777777777778,higher_values_AD
pipeline_01,ILF_right,AD,mean,ILF_right_AD,0.6,0.8666666666666667,0.0014162434337705,0.6977777777777778,higher_values_AD
pipeline_01,ILF_right,AD,mean,ILF_right_AD,0.7333333333333333,0.8666666666666667,0.0013924386867551,0.6977777777777778,higher_values_AD
pipeline_01,ILF_right,AD,mean,ILF_right_AD,0.7333333333333333,0.9333333333333333,0.0013879398205257,0.6977777777777778,higher_values_AD
pipeline_01,ILF_right,AD,mean,ILF_right_AD,0.8666666666666667,0.9333333333333333,0.0013766998124927,0.6977777777777778,higher_values_AD
pipeline_01,ILF_right,AD,mean,ILF_right_AD,0.8666666666666667,1.0,0.001351932135152,0.6977777777777778,higher_values_AD
pipeline_01,ILF_right,AD,mean,ILF_right_AD,1.0,1.0,0.0012915112149136,0.6977777777777778,higher_values_AD
pipeline_01,ILF_right,FA,mean,ILF_right_FA,0.0,0.0,inf,0.6133333333333333,higher_values_AD
pipeline_01,ILF_right,FA,mean,ILF_right_FA,0.0,0.06666666666666667,0.5758807195035325,0.6133333333333333,higher_values_AD
pipeline_01,ILF_right,FA,mean,ILF_right_FA,0.06666666666666667,0.06666666666666667,0.5611754995261165,0.6133333333333333,higher_values_AD
pipeline_01,ILF_right,FA,mean,ILF_right_FA,0.06666666666666667,0.26666666666666666,0.5106266154787634,0.6133333333333333,higher_values_AD
pipeline_01,ILF_right,FA,mean,ILF_right_FA,0.4,0.26666666666666666,0.4944138753053496,0.6133333333333333,higher_values_AD
pipeline_01,ILF_right,FA,mean,ILF_right_FA,0.4,0.5333333333333333,0.4828936876710394,0.6133333333333333,higher_values_AD
pipeline_01,ILF_right,FA,mean,ILF_right_FA,0.4666666666666667,0.5333333333333333,0.4819925482424797,0.6133333333333333,higher_values_AD
pipeline_01,ILF_right,FA,mean,ILF_right_FA,0.4666666666666667,0.8666666666666667,0.4712589730836486,0.6133333333333333,higher_values_AD
pipeline_01,ILF_right,FA,mean,ILF_right_FA,0.8,0.8666666666666667,0.4534181840536116,0.6133333333333333,higher_values_AD
pipeline_01,ILF_right,FA,mean,ILF_right_FA,0.8,0.9333333333333333,0.4345804519402217,0.6133333333333333,higher_values_AD
pipeline_01,ILF_right,FA,mean,ILF_right_FA,0.8666666666666667,0.9333333333333333,0.433501186231723,0.6133333333333333,higher_values_AD
pipeline_01,ILF_right,FA,mean,ILF_right_FA,0.8666666666666667,1.0,0.4247444486336557,0.6133333333333333,higher_values_AD
pipeline_01,ILF_right,FA,mean,ILF_right_FA,1.0,1.0,0.406541959649112,0.6133333333333333,higher_values_AD
pipeline_01,ILF_right,MD,mean,ILF_right_MD,0.0,0.0,inf,0.6355555555555555,higher_values_AD
pipeline_01,ILF_right,MD,mean,ILF_right_MD,0.0,0.06666666666666667,0.0011864093843927,0.6355555555555555,higher_values_AD
pipeline_01,ILF_right,MD,mean,ILF_right_MD,0.13333333333333333,0.06666666666666667,0.0010797465705598,0.6355555555555555,higher_values_AD
pipeline_01,ILF_right,MD,mean,ILF_right_MD,0.13333333333333333,0.5333333333333333,0.0009887395848088,0.6355555555555555,higher_values_AD
pipeline_01,ILF_right,MD,mean,ILF_right_MD,0.5333333333333333,0.5333333333333333,0.0009325141580587,0.6355555555555555,higher_values_AD
pipeline_01,ILF_right,MD,mean,ILF_right_MD,0.5333333333333333,0.7333333333333333,0.0009094133202278,0.6355555555555555,higher_values_AD
pipeline_01,ILF_right,MD,mean,ILF_right_MD,0.6666666666666666,0.7333333333333333,0.000898945162151,0.6355555555555555,higher_values_AD
pipeline_01,ILF_right,MD,mean,ILF_right_MD,0.6666666666666666,0.8,0.0008897135952833,0.6355555555555555,higher_values_AD
pipeline_01,ILF_right,MD,mean,ILF_right_MD,0.7333333333333333,0.8,0.000875459547505,0.6355555555555555,higher_values_AD
pipeline_01,ILF_right,MD,mean,ILF_right_MD,0.7333333333333333,0.9333333333333333,0.000866744099244,0.6355555555555555,higher_values_AD
pipeline_01,ILF_right,MD,mean,ILF_right_MD,0.8,0.9333333333333333,0.0008597923324301,0.6355555555555555,higher_values_AD
pipeline_01,ILF_right,MD,mean,ILF_right_MD,0.8,1.0,0.000851382869956,0.6355555555555555,higher_values_AD
pipeline_01,ILF_right,MD,mean,ILF_right_MD,1.0,1.0,0.0008033579353746,0.6355555555555555,higher_values_AD
pipeline_01,ILF_right,RD,mean,ILF_right_RD,0.0,0.0,inf,0.5955555555555555,higher_values_AD
pipeline_01,ILF_right,RD,mean,ILF_right_RD,0.0,0.06666666666666667,0.00088919726517,0.5955555555555555,higher_values_AD
pipeline_01,ILF_right,RD,mean,ILF_right_RD,0.13333333333333333,0.06666666666666667,0.000839254213761,0.5955555555555555,higher_values_AD
pipeline_01,ILF_right,RD,mean,ILF_right_RD,0.13333333333333333,0.4666666666666667,0.0007361722552743,0.5955555555555555,higher_values_AD
pipeline_01,ILF_right,RD,mean,ILF_right_RD,0.26666666666666666,0.4666666666666667,0.0007090167725442,0.5955555555555555,higher_values_AD
pipeline_01,ILF_right,RD,mean,ILF_right_RD,0.26666666666666666,0.5333333333333333,0.0007081958433736,0.5955555555555555,higher_values_AD
pipeline_01,ILF_right,RD,mean,ILF_right_RD,0.5333333333333333,0.5333333333333333,0.0006584473167588,0.5955555555555555,higher_values_AD
pipeline_01,ILF_right,RD,mean,ILF_right_RD,0.5333333333333333,0.6,0.0006559982602303,0.5955555555555555,higher_values_AD
pipeline_01,ILF_right,RD,mean,ILF_right_RD,0.6,0.6,0.0006505068167227,0.5955555555555555,higher_values_AD
pipeline_01,ILF_right,RD,mean,ILF_right_RD,0.6,0.6666666666666666,0.0006504765900901,0.5955555555555555,higher_values_AD
pipeline_01,ILF_right,RD,mean,ILF_right_RD,0.6666666666666666,0.6666666666666666,0.0006504466195097,0.5955555555555555,higher_values_AD
pipeline_01,ILF_right,RD,mean,ILF_right_RD,0.6666666666666666,0.7333333333333333,0.0006406004835314,0.5955555555555555,higher_values_AD
pipeline_01,ILF_right,RD,mean,ILF_right_RD,0.7333333333333333,0.7333333333333333,0.000624839415189,0.5955555555555555,higher_values_AD
pipeline_01,ILF_right,RD,mean,ILF_right_RD,0.7333333333333333,0.8666666666666667,0.00060110823714,0.5955555555555555,higher_values_AD
pipeline_01,ILF_right,RD,mean,ILF_right_RD,0.8,0.8666666666666667,0.0006000407592549,0.5955555555555555,higher_values_AD
pipeline_01,ILF_right,RD,mean,ILF_right_RD,0.8,0.9333333333333333,0.0005773518580555,0.5955555555555555,higher_values_AD
pipeline_01,ILF_right,RD,mean,ILF_right_RD,0.9333333333333333,0.9333333333333333,0.0005592812951887,0.5955555555555555,higher_values_AD
pipeline_01,ILF_right,RD,mean,ILF_right_RD,0.9333333333333333,1.0,0.0005454363715824,0.5955555555555555,higher_values_AD
pipeline_01,ILF_right,RD,mean,ILF_right_RD,1.0,1.0,0.0005422840265922,0.5955555555555555,higher_values_AD
pipeline_01,UF_left,AD,mean,UF_left_AD,0.0,0.0,inf,0.5244444444444445,higher_values_AD
pipeline_01,UF_left,AD,mean,UF_left_AD,0.0,0.06666666666666667,0.0013733261966031,0.5244444444444445,higher_values_AD
pipeline_01,UF_left,AD,mean,UF_left_AD,0.0,0.2,0.0013155306291177,0.5244444444444445,higher_values_AD
pipeline_01,UF_left,AD,mean,UF_left_AD,0.2,0.2,0.0012696464896748,0.5244444444444445,higher_values_AD
pipeline_01,UF_left,AD,mean,UF_left_AD,0.2,0.26666666666666666,0.0012638437829272,0.5244444444444445,higher_values_AD
pipeline_01,UF_left,AD,mean,UF_left_AD,0.26666666666666666,0.26666666666666666,0.0012543781806286,0.5244444444444445,higher_values_AD
pipeline_01,UF_left,AD,mean,UF_left_AD,0.26666666666666666,0.3333333333333333,0.0012444976349463,0.5244444444444445,higher_values_AD
pipeline_01,UF_left,AD,mean,UF_left_AD,0.4,0.3333333333333333,0.0012367210416463,0.5244444444444445,higher_values_AD
pipeline_01,UF_left,AD,mean,UF_left_AD,0.4,0.5333333333333333,0.0012292314726699,0.5244444444444445,higher_values_AD
pipeline_01,UF_left,AD,mean,UF_left_AD,0.6,0.5333333333333333,0.001220763910634,0.5244444444444445,higher_values_AD
pipeline_01,UF_left,AD,mean,UF_left_AD,0.6,0.6,0.0012149148794697,0.5244444444444445,higher_values_AD
pipeline_01,UF_left,AD,mean,UF_left_AD,0.7333333333333333,0.6,0.0012118543701198,0.5244444444444445,higher_values_AD
pipeline_01,UF_left,AD,mean,UF_left_AD,0.7333333333333333,0.7333333333333333,0.0012078327913424,0.5244444444444445,higher_values_AD
pipeline_01,UF_left,AD,mean,UF_left_AD,0.8,0.7333333333333333,0.0012050782783364,0.5244444444444445,higher_values_AD
pipeline_01,UF_left,AD,mean,UF_left_AD,0.8,0.9333333333333333,0.0011965139812821,0.5244444444444445,higher_values_AD
pipeline_01,UF_left,AD,mean,UF_left_AD,1.0,0.9333333333333333,0.0011718942588925,0.5244444444444445,higher_values_AD
pipeline_01,UF_left,AD,mean,UF_left_AD,1.0,1.0,0.0011628064722239,0.5244444444444445,higher_values_AD
pipeline_01,UF_left,FA,mean,UF_left_FA,0.0,0.0,inf,0.7555555555555555,lower_values_AD
pipeline_01,UF_left,FA,mean,UF_left_FA,0.0,0.06666666666666667,-0.3450584272019938,0.7555555555555555,lower_values_AD
pipeline_01,UF_left,FA,mean,UF_left_FA,0.0,0.3333333333333333,-0.3819295579191483,0.7555555555555555,lower_values_AD
pipeline_01,UF_left,FA,mean,UF_left_FA,0.06666666666666667,0.3333333333333333,-0.3854699859148981,0.7555555555555555,lower_values_AD
pipeline_01,UF_left,FA,mean,UF_left_FA,0.06666666666666667,0.5333333333333333,-0.4048935953671498,0.7555555555555555,lower_values_AD
pipeline_01,UF_left,FA,mean,UF_left_FA,0.2,0.5333333333333333,-0.417738984404766,0.7555555555555555,lower_values_AD
pipeline_01,UF_left,FA,mean,UF_left_FA,0.2,0.6,-0.4191332528685962,0.7555555555555555,lower_values_AD
pipeline_01,UF_left,FA,mean,UF_left_FA,0.26666666666666666,0.6,-0.4194092958182479,0.7555555555555555,lower_values_AD
pipeline_01,UF_left,FA,mean,UF_left_FA,0.26666666666666666,0.7333333333333333,-0.4227621204530952,0.7555555555555555,lower_values_AD
pipeline_01,UF_left,FA,mean,UF_left_FA,0.4666666666666667,0.7333333333333333,-0.4284126037786601,0.7555555555555555,lower_values_AD
pipeline_01,UF_left,FA,mean,UF_left_FA,0.4666666666666667,0.8,-0.4331497502359436,0.7555555555555555,lower_values_AD
pipeline_01,UF_left,FA,mean,UF_left_FA,0.6,0.8,-0.445036220220314,0.7555555555555555,lower_values_AD
pipeline_01,UF_left,FA,mean,UF_left_FA,0.6,0.8666666666666667,-0.4525070665428588,0.7555555555555555,lower_values_AD
pipeline_01,UF_left,FA,mean,UF_left_FA,0.7333333333333333,0.8666666666666667,-0.460898028644974,0.7555555555555555,lower_values_AD
pipeline_01,UF_left,FA,mean,UF_left_FA,0.7333333333333333,0.9333333333333333,-0.4610249699766438,0.7555555555555555,lower_values_AD
pipeline_01,UF_left,FA,mean,UF_left_FA,0.9333333333333333,0.9333333333333333,-0.4660170052674131,0.7555555555555555,lower_values_AD
pipeline_01,UF_left,FA,mean,UF_left_FA,0.9333333333333333,1.0,-0.4777434454316038,0.7555555555555555,lower_values_AD
pipeline_01,UF_left,FA,mean,UF_left_FA,1.0,1.0,-0.4807113922073735,0.7555555555555555,lower_values_AD
pipeline_01,UF_left,MD,mean,UF_left_MD,0.0,0.0,inf,0.7244444444444444,higher_values_AD
pipeline_01,UF_left,MD,mean,UF_left_MD,0.0,0.06666666666666667,0.0009971108114273,0.7244444444444444,higher_values_AD
pipeline_01,UF_left,MD,mean,UF_left_MD,0.0,0.13333333333333333,0.0009595653907565,0.7244444444444444,higher_values_AD
pipeline_01,UF_left,MD,mean,UF_left_MD,0.06666666666666667,0.13333333333333333,0.0008815706137261,0.7244444444444444,higher_values_AD
pipeline_01,UF_left,MD,mean,UF_left_MD,0.06666666666666667,0.3333333333333333,0.0008670288076013,0.7244444444444444,higher_values_AD
pipeline_01,UF_left,MD,mean,UF_left_MD,0.2,0.3333333333333333,0.0008342167442629,0.7244444444444444,higher_values_AD
pipeline_01,UF_left,MD,mean,UF_left_MD,0.2,0.6,0.0008248363415561,0.7244444444444444,higher_values_AD
pipeline_01,UF_left,MD,mean,UF_left_MD,0.3333333333333333,0.6,0.0008242792477031,0.7244444444444444,higher_values_AD
pipeline_01,UF_left,MD,mean,UF_left_MD,0.3333333333333333,0.7333333333333333,0.0008220579687065,0.7244444444444444,higher_values_AD
pipeline_01,UF_left,MD,mean,UF_left_MD,0.5333333333333333,0.7333333333333333,0.0008068105776947,0.7244444444444444,higher_values_AD
pipeline_01,UF_left,MD,mean,UF_left_MD,0.5333333333333333,0.8666666666666667,0.0007991898641531,0.7244444444444444,higher_values_AD
pipeline_01,UF_left,MD,mean,UF_left_MD,0.6,0.8666666666666667,0.0007984189152881,0.7244444444444444,higher_values_AD
pipeline_01,UF_left,MD,mean,UF_left_MD,0.6,0.9333333333333333,0.000789563293408,0.7244444444444444,higher_values_AD
pipeline_01,UF_left,MD,mean,UF_left_MD,0.8,0.9333333333333333,0.0007733493070357,0.7244444444444444,higher_values_AD
pipeline_01,UF_left,MD,mean,UF_left_MD,0.8,1.0,0.0007658734367426,0.7244444444444444,higher_values_AD
pipeline_01,UF_left,MD,mean,UF_left_MD,1.0,1.0,0.0007641191642447,0.7244444444444444,higher_values_AD
pipeline_01,UF_left,RD,mean,UF_left_RD,0.0,0.0,inf,0.76,higher_values_AD
pipeline_01,UF_left,RD,mean,UF_left_RD,0.0,0.06666666666666667,0.0008090031211388,0.76,higher_values_AD
pipeline_01,UF_left,RD,mean,UF_left_RD,0.0,0.26666666666666666,0.0006852360016016,0.76,higher_values_AD
pipeline_01,UF_left,RD,mean,UF_left_RD,0.06666666666666667,0.26666666666666666,0.0006669666402872,0.76,higher_values_AD
pipeline_01,UF_left,RD,mean,UF_left_RD,0.06666666666666667,0.4666666666666667,0.0006427778985718,0.76,higher_values_AD
pipeline_01,UF_left,RD,mean,UF_left_RD,0.2,0.4666666666666667,0.0006387456903352,0.76,higher_values_AD
pipeline_01,UF_left,RD,mean,UF_left_RD,0.2,0.6666666666666666,0.000619405147251,0.76,higher_values_AD
pipeline_01,UF_left,RD,mean,UF_left_RD,0.26666666666666666,0.6666666666666666,0.0006174609673584,0.76,higher_values_AD
pipeline_01,UF_left,RD,mean,UF_left_RD,0.26666666666666666,0.7333333333333333,0.0006170954537545,0.76,higher_values_AD
pipeline_01,UF_left,RD,mean,UF_left_RD,0.4,0.7333333333333333,0.0006090318814318,0.76,higher_values_AD
pipeline_01,UF_left,RD,mean,UF_left_RD,0.4,0.8,0.0006042290731036,0.76,higher_values_AD
pipeline_01,UF_left,RD,mean,UF_left_RD,0.5333333333333333,0.8,0.0006013096962697,0.76,higher_values_AD
pipeline_01,UF_left,RD,mean,UF_left_RD,0.5333333333333333,0.8666666666666667,0.0005822683129343,0.76,higher_values_AD
pipeline_01,UF_left,RD,mean,UF_left_RD,0.6666666666666666,0.8666666666666667,0.000570385286842,0.76,higher_values_AD
pipeline_01,UF_left,RD,mean,UF_left_RD,0.6666666666666666,0.9333333333333333,0.0005697292008735,0.76,higher_values_AD
pipeline_01,UF_left,RD,mean,UF_left_RD,0.9333333333333333,0.9333333333333333,0.0005511779909624,0.76,higher_values_AD
pipeline_01,UF_left,RD,mean,UF_left_RD,0.9333333333333333,1.0,0.000541352713468,0.76,higher_values_AD
pipeline_01,UF_left,RD,mean,UF_left_RD,1.0,1.0,0.0005372631433432,0.76,higher_values_AD
pipeline_01,UF_right,AD,mean,UF_right_AD,0.0,0.0,inf,0.5822222222222222,higher_values_AD
pipeline_01,UF_right,AD,mean,UF_right_AD,0.0,0.06666666666666667,0.0013433528951577,0.5822222222222222,higher_values_AD
pipeline_01,UF_right,AD,mean,UF_right_AD,0.0,0.13333333333333333,0.0013301474362739,0.5822222222222222,higher_values_AD
pipeline_01,UF_right,AD,mean,UF_right_AD,0.06666666666666667,0.13333333333333333,0.001307786567624,0.5822222222222222,higher_values_AD
pipeline_01,UF_right,AD,mean,UF_right_AD,0.06666666666666667,0.4,0.0012687221485693,0.5822222222222222,higher_values_AD
pipeline_01,UF_right,AD,mean,UF_right_AD,0.26666666666666666,0.4,0.0012606469689863,0.5822222222222222,higher_values_AD
pipeline_01,UF_right,AD,mean,UF_right_AD,0.26666666666666666,0.5333333333333333,0.0012534867441339,0.5822222222222222,higher_values_AD
pipeline_01,UF_right,AD,mean,UF_right_AD,0.4,0.5333333333333333,0.0012457839108163,0.5822222222222222,higher_values_AD
pipeline_01,UF_right,AD,mean,UF_right_AD,0.4,0.6,0.0012451995610296,0.5822222222222222,higher_values_AD
pipeline_01,UF_right,AD,mean,UF_right_AD,0.4666666666666667,0.6,0.0012414100886486,0.5822222222222222,higher_values_AD
pipeline_01,UF_right,AD,mean,UF_right_AD,0.4666666666666667,0.6666666666666666,0.0012389923189714,0.5822222222222222,higher_values_AD
pipeline_01,UF_right,AD,mean,UF_right_AD,0.8666666666666667,0.6666666666666666,0.0012129007793153,0.5822222222222222,higher_values_AD
pipeline_01,UF_right,AD,mean,UF_right_AD,0.8666666666666667,0.8666666666666667,0.0012033272705463,0.5822222222222222,higher_values_AD
pipeline_01,UF_right,AD,mean,UF_right_AD,1.0,0.8666666666666667,0.001199171070975,0.5822222222222222,higher_values_AD
pipeline_01,UF_right,AD,mean,UF_right_AD,1.0,1.0,0.0011872706557946,0.5822222222222222,higher_values_AD
pipeline_01,UF_right,FA,mean,UF_right_FA,0.0,0.0,inf,0.7288888888888889,lower_values_AD
pipeline_01,UF_right,FA,mean,UF_right_FA,0.0,0.06666666666666667,-0.3480927637728095,0.7288888888888889,lower_values_AD
pipeline_01,UF_right,FA,mean,UF_right_FA,0.0,0.4666666666666667,-0.3915158948928507,0.7288888888888889,lower_values_AD
pipeline_01,UF_right,FA,mean,UF_right_FA,0.13333333333333333,0.4666666666666667,-0.4024573359030226,0.7288888888888889,lower_values_AD
pipeline_01,UF_right,FA,mean,UF_right_FA,0.13333333333333333,0.5333333333333333,-0.4032632851493147,0.7288888888888889,lower_values_AD
pipeline_01,UF_right,FA,mean,UF_right_FA,0.3333333333333333,0.5333333333333333,-0.4092789822016447,0.7288888888888889,lower_values_AD
pipeline_01,UF_right,FA,mean,UF_right_FA,0.3333333333333333,0.7333333333333333,-0.4151592969548207,0.7288888888888889,lower_values_AD
pipeline_01,UF_right,FA,mean,UF_right_FA,0.4666666666666667,0.7333333333333333,-0.4250336765321719,0.7288888888888889,lower_values_AD
pipeline_01,UF_right,FA,mean,UF_right_FA,0.4666666666666667,0.8,-0.4322237838274541,0.7288888888888889,lower_values_AD
pipeline_01,UF_right,FA,mean,UF_right_FA,0.7333333333333333,0.8,-0.4436095604242893,0.7288888888888889,lower_values_AD
pipeline_01,UF_right,FA,mean,UF_right_FA,0.7333333333333333,0.8666666666666667,-0.443613505340488,0.7288888888888889,lower_values_AD
pipeline_01,UF_right,FA,mean,UF_right_FA,0.8666666666666667,0.8666666666666667,-0.449692648280572,0.7288888888888889,lower_values_AD
pipeline_01,UF_right,FA,mean,UF_right_FA,0.8666666666666667,1.0,-0.4630114441179202,0.7288888888888889,lower_values_AD
pipeline_01,UF_right,FA,mean,UF_right_FA,1.0,1.0,-0.4673396174720697,0.7288888888888889,lower_values_AD
pipeline_01,UF_right,MD,mean,UF_right_MD,0.0,0.0,inf,0.7377777777777778,higher_values_AD
pipeline_01,UF_right,MD,mean,UF_right_MD,0.0,0.06666666666666667,0.0009515957222741,0.7377777777777778,higher_values_AD
pipeline_01,UF_right,MD,mean,UF_right_MD,0.0,0.2,0.0008960951128769,0.7377777777777778,higher_values_AD
pipeline_01,UF_right,MD,mean,UF_right_MD,0.06666666666666667,0.2,0.0008926050593953,0.7377777777777778,higher_values_AD
pipeline_01,UF_right,MD,mean,UF_right_MD,0.06666666666666667,0.5333333333333333,0.0008627799280091,0.7377777777777778,higher_values_AD
pipeline_01,UF_right,MD,mean,UF_right_MD,0.26666666666666666,0.5333333333333333,0.0008491632164785,0.7377777777777778,higher_values_AD
pipeline_01,UF_right,MD,mean,UF_right_MD,0.26666666666666666,0.7333333333333333,0.000834166744486,0.7377777777777778,higher_values_AD
pipeline_01,UF_right,MD,mean,UF_right_MD,0.5333333333333333,0.7333333333333333,0.0008137136729811,0.7377777777777778,higher_values_AD
pipeline_01,UF_right,MD,mean,UF_right_MD,0.5333333333333333,0.8666666666666667,0.0008088713620332,0.7377777777777778,higher_values_AD
pipeline_01,UF_right,MD,mean,UF_right_MD,0.7333333333333333,0.8666666666666667,0.0008007389336012,0.7377777777777778,higher_values_AD
pipeline_01,UF_right,MD,mean,UF_right_MD,0.7333333333333333,0.9333333333333333,0.0007957978012882,0.7377777777777778,higher_values_AD
pipeline_01,UF_right,MD,mean,UF_right_MD,1.0,0.9333333333333333,0.0007786307858822,0.7377777777777778,higher_values_AD
pipeline_01,UF_right,MD,mean,UF_right_MD,1.0,1.0,0.000776005909097,0.7377777777777778,higher_values_AD
pipeline_01,UF_right,RD,mean,UF_right_RD,0.0,0.0,inf,0.768888888888889,higher_values_AD
pipeline_01,UF_right,RD,mean,UF_right_RD,0.0,0.06666666666666667,0.0007557171367167,0.768888888888889,higher_values_AD
pipeline_01,UF_right,RD,mean,UF_right_RD,0.0,0.3333333333333333,0.0006967649876516,0.768888888888889,higher_values_AD
pipeline_01,UF_right,RD,mean,UF_right_RD,0.06666666666666667,0.3333333333333333,0.0006850143038362,0.768888888888889,higher_values_AD
pipeline_01,UF_right,RD,mean,UF_right_RD,0.06666666666666667,0.6,0.0006589089860842,0.768888888888889,higher_values_AD
pipeline_01,UF_right,RD,mean,UF_right_RD,0.26666666666666666,0.6,0.0006434213377263,0.768888888888889,higher_values_AD
pipeline_01,UF_right,RD,mean,UF_right_RD,0.26666666666666666,0.6666666666666666,0.0006314046907153,0.768888888888889,higher_values_AD
pipeline_01,UF_right,RD,mean,UF_right_RD,0.3333333333333333,0.6666666666666666,0.000627552073833,0.768888888888889,higher_values_AD
pipeline_01,UF_right,RD,mean,UF_right_RD,0.3333333333333333,0.7333333333333333,0.0006205046587481,0.768888888888889,higher_values_AD
pipeline_01,UF_right,RD,mean,UF_right_RD,0.4,0.7333333333333333,0.0006192293538402,0.768888888888889,higher_values_AD
pipeline_01,UF_right,RD,mean,UF_right_RD,0.4,0.8,0.0006132864763194,0.768888888888889,higher_values_AD
pipeline_01,UF_right,RD,mean,UF_right_RD,0.5333333333333333,0.8,0.0006024587854926,0.768888888888889,higher_values_AD
pipeline_01,UF_right,RD,mean,UF_right_RD,0.5333333333333333,0.8666666666666667,0.0005920330657035,0.768888888888889,higher_values_AD
pipeline_01,UF_right,RD,mean,UF_right_RD,0.7333333333333333,0.8666666666666667,0.0005897497104608,0.768888888888889,higher_values_AD
pipeline_01,UF_right,RD,mean,UF_right_RD,0.7333333333333333,0.9333333333333333,0.0005789459643022,0.768888888888889,higher_values_AD
pipeline_01,UF_right,RD,mean,UF_right_RD,0.9333333333333333,0.9333333333333333,0.0005609607331232,0.768888888888889,higher_values_AD
pipeline_01,UF_right,RD,mean,UF_right_RD,0.9333333333333333,1.0,0.0005602343556525,0.768888888888889,higher_values_AD
pipeline_01,UF_right,RD,mean,UF_right_RD,1.0,1.0,0.0005560410890953,0.768888888888889,higher_values_AD
pipeline_02,CC_2,AD,mean,CC_2_AD,0.0,0.0,inf,0.6577777777777778,higher_values_AD
pipeline_02,CC_2,AD,mean,CC_2_AD,0.0,0.06666666666666667,0.0015383036681804,0.6577777777777778,higher_values_AD
pipeline_02,CC_2,AD,mean,CC_2_AD,0.06666666666666667,0.06666666666666667,0.0015220238878604,0.6577777777777778,higher_values_AD
pipeline_02,CC_2,AD,mean,CC_2_AD,0.06666666666666667,0.3333333333333333,0.001488845787363,0.6577777777777778,higher_values_AD
pipeline_02,CC_2,AD,mean,CC_2_AD,0.13333333333333333,0.3333333333333333,0.0014674183584334,0.6577777777777778,higher_values_AD
pipeline_02,CC_2,AD,mean,CC_2_AD,0.13333333333333333,0.5333333333333333,0.0014389026150062,0.6577777777777778,higher_values_AD
pipeline_02,CC_2,AD,mean,CC_2_AD,0.5333333333333333,0.5333333333333333,0.001401804282251,0.6577777777777778,higher_values_AD
pipeline_02,CC_2,AD,mean,CC_2_AD,0.5333333333333333,0.7333333333333333,0.0013813641458589,0.6577777777777778,higher_values_AD
pipeline_02,CC_2,AD,mean,CC_2_AD,0.6,0.7333333333333333,0.0013786680752305,0.6577777777777778,higher_values_AD
pipeline_02,CC_2,AD,mean,CC_2_AD,0.6,0.8,0.0013766117272023,0.6577777777777778,higher_values_AD
pipeline_02,CC_2,AD,mean,CC_2_AD,0.6666666666666666,0.8,0.0013745370464223,0.6577777777777778,higher_values_AD
pipeline_02,CC_2,AD,mean,CC_2_AD,0.6666666666666666,0.8666666666666667,0.0013471552607523,0.6577777777777778,higher_values_AD
pipeline_02,CC_2,AD,mean,CC_2_AD,0.8,0.8666666666666667,0.0013382360208119,0.6577777777777778,higher_values_AD
pipeline_02,CC_2,AD,mean,CC_2_AD,0.8,1.0,0.0013254474770608,0.6577777777777778,higher_values_AD
pipeline_02,CC_2,AD,mean,CC_2_AD,1.0,1.0,0.0012980366931099,0.6577777777777778,higher_values_AD
pipeline_02,CC_2,FA,mean,CC_2_FA,0.0,0.0,inf,0.5955555555555556,lower_values_AD
pipeline_02,CC_2,FA,mean,CC_2_FA,0.0,0.06666666666666667,-0.3721238363456334,0.5955555555555556,lower_values_AD
pipeline_02,CC_2,FA,mean,CC_2_FA,0.06666666666666667,0.06666666666666667,-0.3766674170233365,0.5955555555555556,lower_values_AD
pipeline_02,CC_2,FA,mean,CC_2_FA,0.06666666666666667,0.2,-0.3867579919257555,0.5955555555555556,lower_values_AD
pipeline_02,CC_2,FA,mean,CC_2_FA,0.2,0.2,-0.4140942071261361,0.5955555555555556,lower_values_AD
pipeline_02,CC_2,FA,mean,CC_2_FA,0.2,0.4666666666666667,-0.4335201412455831,0.5955555555555556,lower_values_AD
pipeline_02,CC_2,FA,mean,CC_2_FA,0.3333333333333333,0.4666666666666667,-0.4403371445175926,0.5955555555555556,lower_values_AD
pipeline_02,CC_2,FA,mean,CC_2_FA,0.3333333333333333,0.5333333333333333,-0.443203507873803,0.5955555555555556,lower_values_AD
pipeline_02,CC_2,FA,mean,CC_2_FA,0.4,0.5333333333333333,-0.4455388723876506,0.5955555555555556,lower_values_AD
pipeline_02,CC_2,FA,mean,CC_2_FA,0.4,0.6,-0.4519950404852246,0.5955555555555556,lower_values_AD
pipeline_02,CC_2,FA,mean,CC_2_FA,0.5333333333333333,0.6,-0.4543703549585345,0.5955555555555556,lower_values_AD
pipeline_02,CC_2,FA,mean,CC_2_FA,0.5333333333333333,0.7333333333333333,-0.4573333945083799,0.5955555555555556,lower_values_AD
pipeline_02,CC_2,FA,mean,CC_2_FA,0.7333333333333333,0.7333333333333333,-0.4641291578136386,0.5955555555555556,lower_values_AD
pipeline_02,CC_2,FA,mean,CC_2_FA,0.7333333333333333,0.8,-0.4705618438686716,0.5955555555555556,lower_values_AD
pipeline_02,CC_2,FA,mean,CC_2_FA,0.8,0.8,-0.4724236512595776,0.5955555555555556,lower_values_AD
pipeline_02,CC_2,FA,mean,CC_2_FA,0.8,0.8666666666666667,-0.472559098571865,0.5955555555555556,lower_values_AD
pipeline_02,CC_2,FA,mean,CC_2_FA,0.8666666666666667,0.8666666666666667,-0.475798421988779,0.5955555555555556,lower_values_AD
pipeline_02,CC_2,FA,mean,CC_2_FA,0.8666666666666667,0.9333333333333333,-0.4882437025647868,0.5955555555555556,lower_values_AD
pipeline_02,CC_2,FA,mean,CC_2_FA,0.9333333333333333,0.9333333333333333,-0.4924134574156872,0.5955555555555556,lower_values_AD
pipeline_02,CC_2,FA,mean,CC_2_FA,0.9333333333333333,1.0,-0.493024327981251,0.5955555555555556,lower_values_AD
pipeline_02,CC_2,FA,mean,CC_2_FA,1.0,1.0,-0.5099529458818489,0.5955555555555556,lower_values_AD
pipeline_02,CC_2,MD,mean,CC_2_MD,0.0,0.0,inf,0.6577777777777778,higher_values_AD
pipeline_02,CC_2,MD,mean,CC_2_MD,0.0,0.06666666666666667,0.0010583144497399,0.6577777777777778,higher_values_AD
pipeline_02,CC_2,MD,mean,CC_2_MD,0.0,0.2,0.001046085584896,0.6577777777777778,higher_values_AD
pipeline_02,CC_2,MD,mean,CC_2_MD,0.06666666666666667,0.2,0.0010455014609102,0.6577777777777778,higher_values_AD
pipeline_02,CC_2,MD,mean,CC_2_MD,0.06666666666666667,0.26666666666666666,0.0010261783161339,0.6577777777777778,higher_values_AD
pipeline_02,CC_2,MD,mean,CC_2_MD,0.13333333333333333,0.26666666666666666,0.0010239312972809,0.6577777777777778,higher_values_AD
pipeline_02,CC_2,MD,mean,CC_2_MD,0.13333333333333333,0.4666666666666667,0.000946672901615,0.6577777777777778,higher_values_AD
pipeline_02,CC_2,MD,mean,CC_2_MD,0.4,0.4666666666666667,0.0009113347615581,0.6577777777777778,higher_values_AD
pipeline_02,CC_2,MD,mean,CC_2_MD,0.4,0.5333333333333333,0.0008996234450295,0.6577777777777778,higher_values_AD
pipeline_02,CC_2,MD,mean,CC_2_MD,0.4666666666666667,0.5333333333333333,0.0008981425196001,0.6577777777777778,higher_values_AD
pipeline_02,CC_2,MD,mean,CC_2_MD,0.4666666666666667,0.6,0.0008919480552126,0.6577777777777778,higher_values_AD
pipeline_02,CC_2,MD,mean,CC_2_MD,0.5333333333333333,0.6,0.0008892072362884,0.6577777777777778,higher_values_AD
pipeline_02,CC_2,MD,mean,CC_2_MD,0.5333333333333333,0.7333333333333333,0.0008809969063834,0.6577777777777778,higher_values_AD
pipeline_02,CC_2,MD,mean,CC_2_MD,0.6,0.7333333333333333,0.0008805391371682,0.6577777777777778,higher_values_AD
pipeline_02,CC_2,MD,mean,CC_2_MD,0.6,0.8666666666666667,0.0008674750717044,0.6577777777777778,higher_values_AD
pipeline_02,CC_2,MD,mean,CC_2_MD,0.7333333333333333,0.8666666666666667,0.0008621758003669,0.6577777777777778,higher_values_AD
pipeline_02,CC_2,MD,mean,CC_2_MD,0.7333333333333333,0.9333333333333333,0.0008514410372539,0.6577777777777778,higher_values_AD
pipeline_02,CC_2,MD,mean,CC_2_MD,0.8,0.9333333333333333,0.000848805150415,0.6577777777777778,higher_values_AD
pipeline_02,CC_2,MD,mean,CC_2_MD,0.8,1.0,0.0008240580843086,0.6577777777777778,higher_values_AD
pipeline_02,CC_2,MD,mean,CC_2_MD,1.0,1.0,0.0008095120562339,0.6577777777777778,higher_values_AD
pipeline_02,CC_2,RD,mean,CC_2_RD,0.0,0.0,inf,0.6177777777777778,higher_values_AD
pipeline_02,CC_2,RD,mean,CC_2_RD,0.0,0.06666666666666667,0.0008407572391302,0.6177777777777778,higher_values_AD
pipeline_02,CC_2,RD,mean,CC_2_RD,0.0,0.2,0.0008190992604427,0.6177777777777778,higher_values_AD
pipeline_02,CC_2,RD,mean,CC_2_RD,0.13333333333333333,0.2,0.0008021877667779,0.6177777777777778,higher_values_AD
pipeline_02,CC_2,RD,mean,CC_2_RD,0.13333333333333333,0.3333333333333333,0.0007253368804611,0.6177777777777778,higher_values_AD
pipeline_02,CC_2,RD,mean,CC_2_RD,0.2,0.3333333333333333,0.0007092103765355,0.6177777777777778,higher_values_AD
pipeline_02,CC_2,RD,mean,CC_2_RD,0.2,0.4,0.0007016969689633,0.6177777777777778,higher_values_AD
pipeline_02,CC_2,RD,mean,CC_2_RD,0.3333333333333333,0.4,0.0006790904604256,0.6177777777777778,higher_values_AD
pipeline_02,CC_2,RD,mean,CC_2_RD,0.3333333333333333,0.4666666666666667,0.0006755864563625,0.6177777777777778,higher_values_AD
pipeline_02,CC_2,RD,mean,CC_2_RD,0.4,0.4666666666666667,0.0006651473259493,0.6177777777777778,higher_values_AD
pipeline_02,CC_2,RD,mean,CC_2_RD,0.4,0.5333333333333333,0.0006611293033218,0.6177777777777778,higher_values_AD
pipeline_02,CC_2,RD,mean,CC_2_RD,0.4666666666666667,0.5333333333333333,0.000643320121876,0.6177777777777778,higher_values_AD
pipeline_02,CC_2,RD,mean,CC_2_RD,0.4666666666666667,0.7333333333333333,0.0006384888704608,0.6177777777777778,higher_values_AD
pipeline_02,CC_2,RD,mean,CC_2_RD,0.6666666666666666,0.7333333333333333,0.0006296579013732,0.6177777777777778,higher_values_AD
pipeline_02,CC_2,RD,mean,CC_2_RD,0.6666666666666666,0.8,0.0006152493141639,0.6177777777777778,higher_values_AD
pipeline_02,CC_2,RD,mean,CC_2_RD,0.8,0.8,0.0006039296640873,0.6177777777777778,higher_values_AD
pipeline_02,CC_2,RD,mean,CC_2_RD,0.8,0.9333333333333333,0.0006020440515349,0.6177777777777778,higher_values_AD
pipeline_02,CC_2,RD,mean,CC_2_RD,0.8666666666666667,0.9333333333333333,0.0005857344050021,0.6177777777777778,higher_values_AD
pipeline_02,CC_2,RD,mean,CC_2_RD,0.8666666666666667,1.0,0.0005712446960569,0.6177777777777778,higher_values_AD
pipeline_02,CC_2,RD,mean,CC_2_RD,1.0,1.0,0.0005451500744892,0.6177777777777778,higher_values_AD
pipeline_02,CC_7,AD,mean,CC_7_AD,0.0,0.0,inf,0.5688888888888889,higher_values_AD
pipeline_02,CC_7,AD,mean,CC_7_AD,0.06666666666666667,0.0,0.0019110075051612,0.5688888888888889,higher_values_AD
pipeline_02,CC_7,AD,mean,CC_7_AD,0.13333333333333333,0.0,0.0017652034440626,0.5688888888888889,higher_values_AD
pipeline_02,CC_7,AD,mean,CC_7_AD,0.13333333333333333,0.13333333333333333,0.0017210564247023,0.5688888888888889,higher_values_AD
pipeline_02,CC_7,AD,mean,CC_7_AD,0.2,0.13333333333333333,0.0017184524086061,0.5688888888888889,higher_values_AD
pipeline_02,CC_7,AD,mean,CC_7_AD,0.2,0.2,0.001718334890535,0.5688888888888889,higher_values_AD
pipeline_02,CC_7,AD,mean,CC_7_AD,0.26666666666666666,0.2,0.0017117687751627,0.5688888888888889,higher_values_AD
pipeline_02,CC_7,AD,mean,CC_7_AD,0.26666666666666666,0.26666666666666666,0.0017081576623926,0.5688888888888889,higher_values_AD
pipeline_02,CC_7,AD,mean,CC_7_AD,0.4,0.26666666666666666,0.0017026768056544,0.5688888888888889,higher_values_AD
pipeline_02,CC_7,AD,mean,CC_7_AD,0.4,0.4,0.0017007660917441,0.5688888888888889,higher_values_AD
pipeline_02,CC_7,AD,mean,CC_7_AD,0.4666666666666667,0.4,0.0016963898648693,0.5688888888888889,higher_values_AD
pipeline_02,CC_7,AD,mean,CC_7_AD,0.4666666666666667,0.6666666666666666,0.0016678698376571,0.5688888888888889,higher_values_AD
pipeline_02,CC_7,AD,mean,CC_7_AD,0.5333333333333333,0.6666666666666666,0.0016625542592894,0.5688888888888889,higher_values_AD
pipeline_02,CC_7,AD,mean,CC_7_AD,0.5333333333333333,0.8,0.0016520457326164,0.5688888888888889,higher_values_AD
pipeline_02,CC_7,AD,mean,CC_7_AD,0.6,0.8,0.001651655109472,0.5688888888888889,higher_values_AD
pipeline_02,CC_7,AD,mean,CC_7_AD,0.6,0.8666666666666667,0.0016418043518922,0.5688888888888889,higher_values_AD
pipeline_02,CC_7,AD,mean,CC_7_AD,0.6666666666666666,0.8666666666666667,0.0016394989981248,0.5688888888888889,higher_values_AD
pipeline_02,CC_7,AD,mean,CC_7_AD,0.6666666666666666,0.9333333333333333,0.0016057199829672,0.5688888888888889,higher_values_AD
pipeline_02,CC_7,AD,mean,CC_7_AD,0.7333333333333333,0.9333333333333333,0.0016038261803067,0.5688888888888889,higher_values_AD
pipeline_02,CC_7,AD,mean,CC_7_AD,0.7333333333333333,1.0,0.0015943184671655,0.5688888888888889,higher_values_AD
pipeline_02,CC_7,AD,mean,CC_7_AD,1.0,1.0,0.0015444003437534,0.5688888888888889,higher_values_AD
pipeline_02,CC_7,FA,mean,CC_7_FA,0.0,0.0,inf,0.5866666666666667,higher_values_AD
pipeline_02,CC_7,FA,mean,CC_7_FA,0.0,0.06666666666666667,0.667125344659544,0.5866666666666667,higher_values_AD
pipeline_02,CC_7,FA,mean,CC_7_FA,0.0,0.2,0.6559178590321505,0.5866666666666667,higher_values_AD
pipeline_02,CC_7,FA,mean,CC_7_FA,0.13333333333333333,0.2,0.6230633451524487,0.5866666666666667,higher_values_AD
pipeline_02,CC_7,FA,mean,CC_7_FA,0.13333333333333333,0.26666666666666666,0.6225987727732089,0.5866666666666667,higher_values_AD
pipeline_02,CC_7,FA,mean,CC_7_FA,0.2,0.26666666666666666,0.6170645722746361,0.5866666666666667,higher_values_AD
pipeline_02,CC_7,FA,mean,CC_7_FA,0.2,0.3333333333333333,0.6098180685237083,0.5866666666666667,higher_values_AD
pipeline_02,CC_7,FA,mean,CC_7_FA,0.4666666666666667,0.3333333333333333,0.6044910670191429,0.5866666666666667,higher_values_AD
pipeline_02,CC_7,FA,mean,CC_7_FA,0.4666666666666667,0.4666666666666667,0.6010185243783756,0.5866666666666667,higher_values_AD
pipeline_02,CC_7,FA,mean,CC_7_FA,0.5333333333333333,0.4666666666666667,0.5986149201504206,0.5866666666666667,higher_values_AD
pipeline_02,CC_7,FA,mean,CC_7_FA,0.5333333333333333,0.6666666666666666,0.5911531701660343,0.5866666666666667,higher_values_AD
pipeline_02,CC_7,FA,mean,CC_7_FA,0.6,0.6666666666666666,0.5907494927088938,0.5866666666666667,higher_values_AD
pipeline_02,CC_7,FA,mean,CC_7_FA,0.6,0.8,0.5864035937308151,0.5866666666666667,higher_values_AD
pipeline_02,CC_7,FA,mean,CC_7_FA,0.6666666666666666,0.8,0.5783931745182607,0.5866666666666667,higher_values_AD
pipeline_02,CC_7,FA,mean,CC_7_FA,0.6666666666666666,0.9333333333333333,0.5735338166917194,0.5866666666666667,higher_values_AD
pipeline_02,CC_7,FA,mean,CC_7_FA,0.8,0.9333333333333333,0.5725893476319055,0.5866666666666667,higher_values_AD
pipeline_02,CC_7,FA,mean,CC_7_FA,0.8,1.0,0.5497438579964211,0.5866666666666667,higher_values_AD
pipeline_02,CC_7,FA,mean,CC_7_FA,1.0,1.0,0.5181380756124737,0.5866666666666667,higher_values_AD
pipeline_02,CC_7,MD,mean,CC_7_MD,0.0,0.0,inf,0.5377777777777778,higher_values_AD
pipeline_02,CC_7,MD,mean,CC_7_MD,0.06666666666666667,0.0,0.0011463737395884,0.5377777777777778,higher_values_AD
pipeline_02,CC_7,MD,mean,CC_7_MD,0.2,0.0,0.0010383068940581,0.5377777777777778,higher_values_AD
pipeline_02,CC_7,MD,mean,CC_7_MD,0.2,0.13333333333333333,0.0010145088395608,0.5377777777777778,higher_values_AD
pipeline_02,CC_7,MD,mean,CC_7_MD,0.26666666666666666,0.13333333333333333,0.001001187053298,0.5377777777777778,higher_values_AD
pipeline_02,CC_7,MD,mean,CC_7_MD,0.26666666666666666,0.4,0.0009771148688422,0.5377777777777778,higher_values_AD
pipeline_02,CC_7,MD,mean,CC_7_MD,0.4,0.4,0.0009745456485819,0.5377777777777778,higher_values_AD
pipeline_02,CC_7,MD,mean,CC_7_MD,0.4,0.4666666666666667,0.0009693870899685,0.5377777777777778,higher_values_AD
pipeline_02,CC_7,MD,mean,CC_7_MD,0.4666666666666667,0.4666666666666667,0.0009667710545056,0.5377777777777778,higher_values_AD
pipeline_02,CC_7,MD,mean,CC_7_MD,0.4666666666666667,0.6666666666666666,0.0009342051009322,0.5377777777777778,higher_values_AD
pipeline_02,CC_7,MD,mean,CC_7_MD,0.5333333333333333,0.6666666666666666,0.0009336211009572,0.5377777777777778,higher_values_AD
pipeline_02,CC_7,MD,mean,CC_7_MD,0.5333333333333333,0.7333333333333333,0.0009323194486404,0.5377777777777778,higher_values_AD
pipeline_02,CC_7,MD,mean,CC_7_MD,0.6,0.7333333333333333,0.0009258645567254,0.5377777777777778,higher_values_AD
pipeline_02,CC_7,MD,mean,CC_7_MD,0.6,0.8,0.0009196689942077,0.5377777777777778,higher_values_AD
pipeline_02,CC_7,MD,mean,CC_7_MD,0.8,0.8,0.000906547995843,0.5377777777777778,higher_values_AD
pipeline_02,CC_7,MD,mean,CC_7_MD,0.8,0.9333333333333333,0.000887592950283,0.5377777777777778,higher_values_AD
pipeline_02,CC_7,MD,mean,CC_7_MD,0.9333333333333333,0.9333333333333333,0.0008669554137294,0.5377777777777778,higher_values_AD
pipeline_02,CC_7,MD,mean,CC_7_MD,0.9333333333333333,1.0,0.0008654705657013,0.5377777777777778,higher_values_AD
pipeline_02,CC_7,MD,mean,CC_7_MD,1.0,1.0,0.0008468577104839,0.5377777777777778,higher_values_AD
pipeline_02,CC_7,RD,mean,CC_7_RD,0.0,0.0,inf,0.5155555555555555,lower_values_AD
pipeline_02,CC_7,RD,mean,CC_7_RD,0.0,0.06666666666666667,-0.0004773036709683,0.5155555555555555,lower_values_AD
pipeline_02,CC_7,RD,mean,CC_7_RD,0.0,0.13333333333333333,-0.0004895600317469,0.5155555555555555,lower_values_AD
pipeline_02,CC_7,RD,mean,CC_7_RD,0.2,0.13333333333333333,-0.000526667533767,0.5155555555555555,lower_values_AD
pipeline_02,CC_7,RD,mean,CC_7_RD,0.2,0.2,-0.0005341748954172,0.5155555555555555,lower_values_AD
pipeline_02,CC_7,RD,mean,CC_7_RD,0.26666666666666666,0.2,-0.0005355932205446,0.5155555555555555,lower_values_AD
pipeline_02,CC_7,RD,mean,CC_7_RD,0.26666666666666666,0.3333333333333333,-0.0005514118237197,0.5155555555555555,lower_values_AD
pipeline_02,CC_7,RD,mean,CC_7_RD,0.4666666666666667,0.3333333333333333,-0.000574604096564,0.5155555555555555,lower_values_AD
pipeline_02,CC_7,RD,mean,CC_7_RD,0.4666666666666667,0.4666666666666667,-0.0005885711827086,0.5155555555555555,lower_values_AD
pipeline_02,CC_7,RD,mean,CC_7_RD,0.5333333333333333,0.4666666666666667,-0.0005886799915985,0.5155555555555555,lower_values_AD
pipeline_02,CC_7,RD,mean,CC_7_RD,0.5333333333333333,0.5333333333333333,-0.0005984476601078,0.5155555555555555,lower_values_AD
pipeline_02,CC_7,RD,mean,CC_7_RD,0.6666666666666666,0.5333333333333333,-0.0006025922685467,0.5155555555555555,lower_values_AD
pipeline_02,CC_7,RD,mean,CC_7_RD,0.6666666666666666,0.7333333333333333,-0.0006261392865386,0.5155555555555555,lower_values_AD
pipeline_02,CC_7,RD,mean,CC_7_RD,0.7333333333333333,0.7333333333333333,-0.0006321564169503,0.5155555555555555,lower_values_AD
pipeline_02,CC_7,RD,mean,CC_7_RD,0.7333333333333333,0.8666666666666667,-0.0006347268133993,0.5155555555555555,lower_values_AD
pipeline_02,CC_7,RD,mean,CC_7_RD,0.8,0.8666666666666667,-0.0006535856491182,0.5155555555555555,lower_values_AD
pipeline_02,CC_7,RD,mean,CC_7_RD,0.8,1.0,-0.0006940492471823,0.5155555555555555,lower_values_AD
pipeline_02,CC_7,RD,mean,CC_7_RD,1.0,1.0,-0.0007812298020032,0.5155555555555555,lower_values_AD
pipeline_02,CG_left,AD,mean,CG_left_AD,0.0,0.0,inf,0.6355555555555555,lower_values_AD
pipeline_02,CG_left,AD,mean,CG_left_AD,0.0,0.06666666666666667,-0.0010955675381228,0.6355555555555555,lower_values_AD
pipeline_02,CG_left,AD,mean,CG_left_AD,0.0,0.2,-0.0011108639285525,0.6355555555555555,lower_values_AD
pipeline_02,CG_left,AD,mean,CG_left_AD,0.06666666666666667,0.2,-0.0011310394580713,0.6355555555555555,lower_values_AD
pipeline_02,CG_left,AD,mean,CG_left_AD,0.06666666666666667,0.3333333333333333,-0.0011516395120451,0.6355555555555555,lower_values_AD
pipeline_02,CG_left,AD,mean,CG_left_AD,0.3333333333333333,0.3333333333333333,-0.0011736857612623,0.6355555555555555,lower_values_AD
pipeline_02,CG_left,AD,mean,CG_left_AD,0.3333333333333333,0.4666666666666667,-0.0011884129114711,0.6355555555555555,lower_values_AD
pipeline_02,CG_left,AD,mean,CG_left_AD,0.4,0.4666666666666667,-0.0011888548275736,0.6355555555555555,lower_values_AD
pipeline_02,CG_left,AD,mean,CG_left_AD,0.4,0.6,-0.0012031392727498,0.6355555555555555,lower_values_AD
pipeline_02,CG_left,AD,mean,CG_left_AD,0.4666666666666667,0.6,-0.0012082141327321,0.6355555555555555,lower_values_AD
pipeline_02,CG_left,AD,mean,CG_left_AD,0.4666666666666667,0.6666666666666666,-0.0012120171000932,0.6355555555555555,lower_values_AD
pipeline_02,CG_left,AD,mean,CG_left_AD,0.5333333333333333,0.6666666666666666,-0.0012141784608198,0.6355555555555555,lower_values_AD
pipeline_02,CG_left,AD,mean,CG_left_AD,0.5333333333333333,0.7333333333333333,-0.0012172444717573,0.6355555555555555,lower_values_AD
pipeline_02,CG_left,AD,mean,CG_left_AD,0.6666666666666666,0.7333333333333333,-0.0012210686910052,0.6355555555555555,lower_values_AD
pipeline_02,CG_left,AD,mean,CG_left_AD,0.6666666666666666,0.9333333333333333,-0.0012346879767552,0.6355555555555555,lower_values_AD
pipeline_02,CG_left,AD,mean,CG_left_AD,0.8666666666666667,0.9333333333333333,-0.0012553291189291,0.6355555555555555,lower_values_AD
pipeline_02,CG_left,AD,mean,CG_left_AD,0.8666666666666667,1.0,-0.0012583511495262,0.6355555555555555,lower_values_AD
pipeline_02,CG_left,AD,mean,CG_left_AD,1.0,1.0,-0.0012992323801828,0.6355555555555555,lower_values_AD
pipeline_02,CG_left,FA,mean,CG_left_FA,0.0,0.0,inf,0.7155555555555555,lower_values_AD
pipeline_02,CG_left,FA,mean,CG_left_FA,0.0,0.06666666666666667,-0.3740061791971487,0.7155555555555555,lower_values_AD
pipeline_02,CG_left,FA,mean,CG_left_FA,0.0,0.13333333333333333,-0.3740331606428311,0.7155555555555555,lower_values_AD
pipeline_02,CG_left,FA,mean,CG_left_FA,0.06666666666666667,0.13333333333333333,-0.3872107968913776,0.7155555555555555,lower_values_AD
pipeline_02,CG_left,FA,mean,CG_left_FA,0.06666666666666667,0.2,-0.388301489078444,0.7155555555555555,lower_values_AD
pipeline_02,CG_left,FA,mean,CG_left_FA,0.2,0.2,-0.3997974082157715,0.7155555555555555,lower_values_AD
pipeline_02,CG_left,FA,mean,CG_left_FA,0.2,0.4666666666666667,-0.4150141424668838,0.7155555555555555,lower_values_AD
pipeline_02,CG_left,FA,mean,CG_left_FA,0.26666666666666666,0.4666666666666667,-0.4182205626483532,0.7155555555555555,lower_values_AD
pipeline_02,CG_left,FA,mean,CG_left_FA,0.26666666666666666,0.6,-0.4218029177209992,0.7155555555555555,lower_values_AD
pipeline_02,CG_left,FA,mean,CG_left_FA,0.3333333333333333,0.6,-0.4244692498949472,0.7155555555555555,lower_values_AD
pipeline_02,CG_left,FA,mean,CG_left_FA,0.3333333333333333,0.6666666666666666,-0.4252709339200427,0.7155555555555555,lower_values_AD
pipeline_02,CG_left,FA,mean,CG_left_FA,0.4,0.6666666666666666,-0.4258272085006275,0.7155555555555555,lower_values_AD
pipeline_02,CG_left,FA,mean,CG_left_FA,0.4,0.7333333333333333,-0.4262002942256501,0.7155555555555555,lower_values_AD
pipeline_02,CG_left,FA,mean,CG_left_FA,0.5333333333333333,0.7333333333333333,-0.4379083200704438,0.7155555555555555,lower_values_AD
pipeline_02,CG_left,FA,mean,CG_left_FA,0.5333333333333333,1.0,-0.4462330387862797,0.7155555555555555,lower_values_AD
pipeline_02,CG_left,FA,mean,CG_left_FA,1.0,1.0,-0.4921879384605865,0.7155555555555555,lower_values_AD
pipeline_02,CG_left,MD,mean,CG_left_MD,0.0,0.0,inf,0.5555555555555555,higher_values_AD
pipeline_02,CG_left,MD,mean,CG_left_MD,0.06666666666666667,0.0,0.0008539039680952,0.5555555555555555,higher_values_AD
pipeline_02,CG_left,MD,mean,CG_left_MD,0.06666666666666667,0.06666666666666667,0.0008435044580816,0.5555555555555555,higher_values_AD
pipeline_02,CG_left,MD,mean,CG_left_MD,0.13333333333333333,0.06666666666666667,0.000842702359026,0.5555555555555555,higher_values_AD
pipeline_02,CG_left,MD,mean,CG_left_MD,0.13333333333333333,0.3333333333333333,0.000824144640047,0.5555555555555555,higher_values_AD
pipeline_02,CG_left,MD,mean,CG_left_MD,0.2,0.3333333333333333,0.0008203056593158,0.5555555555555555,higher_values_AD
pipeline_02,CG_left,MD,mean,CG_left_MD,0.2,0.4666666666666667,0.0008125166683402,0.5555555555555555,higher_values_AD
pipeline_02,CG_left,MD,mean,CG_left_MD,0.26666666666666666,0.4666666666666667,0.0008062626003013,0.5555555555555555,higher_values_AD
pipeline_02,CG_left,MD,mean,CG_left_MD,0.26666666666666666,0.5333333333333333,0.0008042147276914,0.5555555555555555,higher_values_AD
pipeline_02,CG_left,MD,mean,CG_left_MD,0.4,0.5333333333333333,0.0007946993971805,0.5555555555555555,higher_values_AD
pipeline_02,CG_left,MD,mean,CG_left_MD,0.4,0.6,0.000793895509175,0.5555555555555555,higher_values_AD
pipeline_02,CG_left,MD,mean,CG_left_MD,0.6666666666666666,0.6,0.0007787534662334,0.5555555555555555,higher_values_AD
pipeline_02,CG_left,MD,mean,CG_left_MD,0.6666666666666666,0.6666666666666666,0.0007739909853219,0.5555555555555555,higher_values_AD
pipeline_02,CG_left,MD,mean,CG_left_MD,0.8,0.6666666666666666,0.0007731164686075,0.5555555555555555,higher_values_AD
pipeline_02,CG_left,MD,mean,CG_left_MD,0.8,0.7333333333333333,0.0007719788253147,0.5555555555555555,higher_values_AD
pipeline_02,CG_left,MD,mean,CG_left_MD,0.8666666666666667,0.7333333333333333,0.0007661346494571,0.5555555555555555,higher_values_AD
pipeline_02,CG_left,MD,mean,CG_left_MD,0.8666666666666667,0.9333333333333333,0.0007532139390858,0.5555555555555555,higher_values_AD
pipeline_02,CG_left,MD,mean,CG_left_MD,0.9333333333333333,0.9333333333333333,0.0007523486136834,0.5555555555555555,higher_values_AD
pipeline_02,CG_left,MD,mean,CG_left_MD,0.9333333333333333,1.0,0.0007518706031745,0.5555555555555555,higher_values_AD
pipeline_02,CG_left,MD,mean,CG_left_MD,1.0,1.0,0.0007353967136854,0.5555555555555555,higher_values_AD
pipeline_02,CG_left,RD,mean,CG_left_RD,0.0,0.0,inf,0.6977777777777777,higher_values_AD
pipeline_02,CG_left,RD,mean,CG_left_RD,0.0,0.06666666666666667,0.0006557629729057,0.6977777777777777,higher_values_AD
pipeline_02,CG_left,RD,mean,CG_left_RD,0.06666666666666667,0.06666666666666667,0.0006531913903526,0.6977777777777777,higher_values_AD
pipeline_02,CG_left,RD,mean,CG_left_RD,0.06666666666666667,0.13333333333333333,0.0006479126971373,0.6977777777777777,higher_values_AD
pipeline_02,CG_left,RD,mean,CG_left_RD,0.13333333333333333,0.13333333333333333,0.0006455664769851,0.6977777777777777,higher_values_AD
pipeline_02,CG_left,RD,mean,CG_left_RD,0.13333333333333333,0.3333333333333333,0.0006247781565575,0.6977777777777777,higher_values_AD
pipeline_02,CG_left,RD,mean,CG_left_RD,0.2,0.3333333333333333,0.0006154774857495,0.6977777777777777,higher_values_AD
pipeline_02,CG_left,RD,mean,CG_left_RD,0.2,0.5333333333333333,0.0006047524540066,0.6977777777777777,higher_values_AD
pipeline_02,CG_left,RD,mean,CG_left_RD,0.26666666666666666,0.5333333333333333,0.0005988595549649,0.6977777777777777,higher_values_AD
pipeline_02,CG_left,RD,mean,CG_left_RD,0.26666666666666666,0.6,0.0005966368097575,0.6977777777777777,higher_values_AD
pipeline_02,CG_left,RD,mean,CG_left_RD,0.3333333333333333,0.6,0.0005929121275701,0.6977777777777777,higher_values_AD
pipeline_02,CG_left,RD,mean,CG_left_RD,0.3333333333333333,0.7333333333333333,0.0005895994291171,0.6977777777777777,higher_values_AD
pipeline_02,CG_left,RD,mean,CG_left_RD,0.6,0.7333333333333333,0.0005787949191057,0.6977777777777777,higher_values_AD
pipeline_02,CG_left,RD,mean,CG_left_RD,0.6,0.9333333333333333,0.0005642033652847,0.6977777777777777,higher_values_AD
pipeline_02,CG_left,RD,mean,CG_left_RD,0.7333333333333333,0.9333333333333333,0.0005555676382822,0.6977777777777777,higher_values_AD
pipeline_02,CG_left,RD,mean,CG_left_RD,0.7333333333333333,1.0,0.0005540011507931,0.6977777777777777,higher_values_AD
pipeline_02,CG_left,RD,mean,CG_left_RD,1.0,1.0,0.0005340955071569,0.6977777777777777,higher_values_AD
pipeline_02,CG_right,AD,mean,CG_right_AD,0.0,0.0,inf,0.6311111111111112,lower_values_AD
pipeline_02,CG_right,AD,mean,CG_right_AD,0.0,0.06666666666666667,-0.0010680198149343,0.6311111111111112,lower_values_AD
pipeline_02,CG_right,AD,mean,CG_right_AD,0.0,0.2,-0.0011094352384571,0.6311111111111112,lower_values_AD
pipeline_02,CG_right,AD,mean,CG_right_AD,0.13333333333333333,0.2,-0.0011316396975036,0.6311111111111112,lower_values_AD
pipeline_02,CG_right,AD,mean,CG_right_AD,0.13333333333333333,0.4,-0.0011545780438545,0.6311111111111112,lower_values_AD
pipeline_02,CG_right,AD,mean,CG_right_AD,0.2,0.4,-0.0011586283632114,0.6311111111111112,lower_values_AD
pipeline_02,CG_right,AD,mean,CG_right_AD,0.2,0.5333333333333333,-0.0011656328878967,0.6311111111111112,lower_values_AD
pipeline_02,CG_right,AD,mean,CG_right_AD,0.26666666666666666,0.5333333333333333,-0.0011729178053304,0.6311111111111112,lower_values_AD
pipeline_02,CG_right,AD,mean,CG_right_AD,0.26666666666666666,0.6,-0.0011797082544982,0.6311111111111112,lower_values_AD
pipeline_02,CG_right,AD,mean,CG_right_AD,0.3333333333333333,0.6,-0.0011813635525182,0.6311111111111112,lower_values_AD
pipeline_02,CG_right,AD,mean,CG_right_AD,0.3333333333333333,0.6666666666666666,-0.0011834588018671,0.6311111111111112,lower_values_AD
pipeline_02,CG_right,AD,mean,CG_right_AD,0.4,0.6666666666666666,-0.00118504573084,0.6311111111111112,lower_values_AD
pipeline_02,CG_right,AD,mean,CG_right_AD,0.4,0.7333333333333333,-0.0011909472267163,0.6311111111111112,lower_values_AD
pipeline_02,CG_right,AD,mean,CG_right_AD,0.9333333333333333,0.7333333333333333,-0.0012342556387532,0.6311111111111112,lower_values_AD
pipeline_02,CG_right,AD,mean,CG_right_AD,0.9333333333333333,1.0,-0.0012878694381882,0.6311111111111112,lower_values_AD
pipeline_02,CG_right,AD,mean,CG_right_AD,1.0,1.0,-0.0012966840428586,0.6311111111111112,lower_values_AD
pipeline_02,CG_right,FA,mean,CG_right_FA,0.0,0.0,inf,0.7111111111111111,lower_values_AD
pipeline_02,CG_right,FA,mean,CG_right_FA,0.0,0.06666666666666667,-0.3760533499448743,0.7111111111111111,lower_values_AD
pipeline_02,CG_right,FA,mean,CG_right_FA,0.0,0.26666666666666666,-0.3998667695037869,0.7111111111111111,lower_values_AD
pipeline_02,CG_right,FA,mean,CG_right_FA,0.06666666666666667,0.26666666666666666,-0.4069164069505469,0.7111111111111111,lower_values_AD
pipeline_02,CG_right,FA,mean,CG_right_FA,0.06666666666666667,0.3333333333333333,-0.4079535975588032,0.7111111111111111,lower_values_AD
pipeline_02,CG_right,FA,mean,CG_right_FA,0.2,0.3333333333333333,-0.4173946734829525,0.7111111111111111,lower_values_AD
pipeline_02,CG_right,FA,mean,CG_right_FA,0.2,0.6,-0.4306225043346103,0.7111111111111111,lower_values_AD
pipeline_02,CG_right,FA,mean,CG_right_FA,0.4,0.6,-0.4331198430090078,0.7111111111111111,lower_values_AD
pipeline_02,CG_right,FA,mean,CG_right_FA,0.4,0.6666666666666666,-0.4339259183638006,0.7111111111111111,lower_values_AD
pipeline_02,CG_right,FA,mean,CG_right_FA,0.4666666666666667,0.6666666666666666,-0.4363718634044498,0.7111111111111111,lower_values_AD
pipeline_02,CG_right,FA,mean,CG_right_FA,0.4666666666666667,0.8,-0.4385871160644167,0.7111111111111111,lower_values_AD
pipeline_02,CG_right,FA,mean,CG_right_FA,0.5333333333333333,0.8,-0.4471427985562228,0.7111111111111111,lower_values_AD
pipeline_02,CG_right,FA,mean,CG_right_FA,0.5333333333333333,0.8666666666666667,-0.4490412706105507,0.7111111111111111,lower_values_AD
pipeline_02,CG_right,FA,mean,CG_right_FA,0.8,0.8666666666666667,-0.4665896686455589,0.7111111111111111,lower_values_AD
pipeline_02,CG_right,FA,mean,CG_right_FA,0.8,1.0,-0.4679020016328822,0.7111111111111111,lower_values_AD
pipeline_02,CG_right,FA,mean,CG_right_FA,1.0,1.0,-0.4881369648685444,0.7111111111111111,lower_values_AD
pipeline_02,CG_right,MD,mean,CG_right_MD,0.0,0.0,inf,0.5777777777777777,higher_values_AD
pipeline_02,CG_right,MD,mean,CG_right_MD,0.0,0.06666666666666667,0.0008456000909021,0.5777777777777777,higher_values_AD
pipeline_02,CG_right,MD,mean,CG_right_MD,0.0,0.13333333333333333,0.000843249041223,0.5777777777777777,higher_values_AD
pipeline_02,CG_right,MD,mean,CG_right_MD,0.06666666666666667,0.13333333333333333,0.000827518430364,0.5777777777777777,higher_values_AD
pipeline_02,CG_right,MD,mean,CG_right_MD,0.06666666666666667,0.26666666666666666,0.0008229737906901,0.5777777777777777,higher_values_AD
pipeline_02,CG_right,MD,mean,CG_right_MD,0.13333333333333333,0.26666666666666666,0.0008201540290604,0.5777777777777777,higher_values_AD
pipeline_02,CG_right,MD,mean,CG_right_MD,0.13333333333333333,0.3333333333333333,0.0008183863766899,0.5777777777777777,higher_values_AD
pipeline_02,CG_right,MD,mean,CG_right_MD,0.26666666666666666,0.3333333333333333,0.000806839324449,0.5777777777777777,higher_values_AD
pipeline_02,CG_right,MD,mean,CG_right_MD,0.26666666666666666,0.5333333333333333,0.0007941080823607,0.5777777777777777,higher_values_AD
pipeline_02,CG_right,MD,mean,CG_right_MD,0.5333333333333333,0.5333333333333333,0.0007814236816071,0.5777777777777777,higher_values_AD
pipeline_02,CG_right,MD,mean,CG_right_MD,0.5333333333333333,0.6,0.0007803851217633,0.5777777777777777,higher_values_AD
pipeline_02,CG_right,MD,mean,CG_right_MD,0.6,0.6,0.0007717240019265,0.5777777777777777,higher_values_AD
pipeline_02,CG_right,MD,mean,CG_right_MD,0.6,0.7333333333333333,0.0007647303181559,0.5777777777777777,higher_values_AD
pipeline_02,CG_right,MD,mean,CG_right_MD,0.8,0.7333333333333333,0.0007588034111906,0.5777777777777777,higher_values_AD
pipeline_02,CG_right,MD,mean,CG_right_MD,0.8,0.8,0.0007519229998534,0.5777777777777777,higher_values_AD
pipeline_02,CG_right,MD,mean,CG_right_MD,0.8666666666666667,0.8,0.0007489546421954,0.5777777777777777,higher_values_AD
pipeline_02,CG_right,MD,mean,CG_right_MD,0.8666666666666667,0.9333333333333333,0.0007394395651608,0.5777777777777777,higher_values_AD
pipeline_02,CG_right,MD,mean,CG_right_MD,1.0,0.9333333333333333,0.0007383490685246,0.5777777777777777,higher_values_AD
pipeline_02,CG_right,MD,mean,CG_right_MD,1.0,1.0,0.0007208283649582,0.5777777777777777,higher_values_AD
pipeline_02,CG_right,RD,mean,CG_right_RD,0.0,0.0,inf,0.6933333333333334,higher_values_AD
pipeline_02,CG_right,RD,mean,CG_right_RD,0.0,0.06666666666666667,0.0006693999475845,0.6933333333333334,higher_values_AD
pipeline_02,CG_right,RD,mean,CG_right_RD,0.0,0.2,0.0006377254395424,0.6933333333333334,higher_values_AD
pipeline_02,CG_right,RD,mean,CG_right_RD,0.06666666666666667,0.2,0.0006333677194957,0.6933333333333334,higher_values_AD
pipeline_02,CG_right,RD,mean,CG_right_RD,0.06666666666666667,0.26666666666666666,0.0006189068597111,0.6933333333333334,higher_values_AD
pipeline_02,CG_right,RD,mean,CG_right_RD,0.2,0.26666666666666666,0.0006131032250024,0.6933333333333334,higher_values_AD
pipeline_02,CG_right,RD,mean,CG_right_RD,0.2,0.6,0.0005902035350365,0.6933333333333334,higher_values_AD
pipeline_02,CG_right,RD,mean,CG_right_RD,0.4,0.6,0.000576247359893,0.6933333333333334,higher_values_AD
pipeline_02,CG_right,RD,mean,CG_right_RD,0.4,0.7333333333333333,0.0005750445027834,0.6933333333333334,higher_values_AD
pipeline_02,CG_right,RD,mean,CG_right_RD,0.5333333333333333,0.7333333333333333,0.0005728863362267,0.6933333333333334,higher_values_AD
pipeline_02,CG_right,RD,mean,CG_right_RD,0.5333333333333333,0.8,0.0005698064574925,0.6933333333333334,higher_values_AD
pipeline_02,CG_right,RD,mean,CG_right_RD,0.6666666666666666,0.8,0.0005597362172649,0.6933333333333334,higher_values_AD
pipeline_02,CG_right,RD,mean,CG_right_RD,0.6666666666666666,0.8666666666666667,0.0005569612707392,0.6933333333333334,higher_values_AD
pipeline_02,CG_right,RD,mean,CG_right_RD,0.7333333333333333,0.8666666666666667,0.0005565167111416,0.6933333333333334,higher_values_AD
pipeline_02,CG_right,RD,mean,CG_right_RD,0.7333333333333333,0.9333333333333333,0.000547232638285,0.6933333333333334,higher_values_AD
pipeline_02,CG_right,RD,mean,CG_right_RD,0.8,0.9333333333333333,0.000541703753464,0.6933333333333334,higher_values_AD
pipeline_02,CG_right,RD,mean,CG_right_RD,0.8,1.0,0.0005399202897676,0.6933333333333334,higher_values_AD
pipeline_02,CG_right,RD,mean,CG_right_RD,1.0,1.0,0.0005180557079449,0.6933333333333334,higher_values_AD
pipeline_02,IFO_left,AD,mean,IFO_left_AD,0.0,0.0,inf,0.5333333333333333,higher_values_AD
pipeline_02,IFO_left,AD,mean,IFO_left_AD,0.06666666666666667,0.0,0.001611211740282,0.5333333333333333,higher_values_AD
pipeline_02,IFO_left,AD,mean,IFO_left_AD,0.06666666666666667,0.06666666666666667,0.0015593937502179,0.5333333333333333,higher_values_AD
pipeline_02,IFO_left,AD,mean,IFO_left_AD,0.13333333333333333,0.06666666666666667,0.001534030494851,0.5333333333333333,higher_values_AD
pipeline_02,IFO_left,AD,mean,IFO_left_AD,0.13333333333333333,0.2,0.0014838165866751,0.5333333333333333,higher_values_AD
pipeline_02,IFO_left,AD,mean,IFO_left_AD,0.3333333333333333,0.2,0.0014425333492699,0.5333333333333333,higher_values_AD
pipeline_02,IFO_left,AD,mean,IFO_left_AD,0.3333333333333333,0.4,0.0013971481396255,0.5333333333333333,higher_values_AD
pipeline_02,IFO_left,AD,mean,IFO_left_AD,0.4,0.4,0.0013922780324259,0.5333333333333333,higher_values_AD
pipeline_02,IFO_left,AD,mean,IFO_left_AD,0.4,0.5333333333333333,0.0013834098694418,0.5333333333333333,higher_values_AD
pipeline_02,IFO_left,AD,mean,IFO_left_AD,0.5333333333333333,0.5333333333333333,0.0013807248305613,0.5333333333333333,higher_values_AD
pipeline_02,IFO_left,AD,mean,IFO_left_AD,0.5333333333333333,0.6,0.0013801689364148,0.5333333333333333,higher_values_AD
pipeline_02,IFO_left,AD,mean,IFO_left_AD,0.6,0.6,0.0013733211761421,0.5333333333333333,higher_values_AD
pipeline_02,IFO_left,AD,mean,IFO_left_AD,0.6,0.8,0.001358957937893,0.5333333333333333,higher_values_AD
pipeline_02,IFO_left,AD,mean,IFO_left_AD,0.6666666666666666,0.8,0.0013485958240263,0.5333333333333333,higher_values_AD
pipeline_02,IFO_left,AD,mean,IFO_left_AD,0.6666666666666666,0.8666666666666667,0.0013460439364915,0.5333333333333333,higher_values_AD
pipeline_02,IFO_left,AD,mean,IFO_left_AD,0.9333333333333333,0.8666666666666667,0.0013293194591895,0.5333333333333333,higher_values_AD
pipeline_02,IFO_left,AD,mean,IFO_left_AD,0.9333333333333333,1.0,0.001316049461456,0.5333333333333333,higher_values_AD
pipeline_02,IFO_left,AD,mean,IFO_left_AD,1.0,1.0,0.0012984083786235,0.5333333333333333,higher_values_AD
pipeline_02,IFO_left,FA,mean,IFO_left_FA,0.0,0.0,inf,0.5955555555555556,lower_values_AD
pipeline_02,IFO_left,FA,mean,IFO_left_FA,0.06666666666666667,0.0,-0.4139869783248168,0.5955555555555556,lower_values_AD
pipeline_02,IFO_left,FA,mean,IFO_left_FA,0.06666666666666667,0.2,-0.4461826354505386,0.5955555555555556,lower_values_AD
pipeline_02,IFO_left,FA,mean,IFO_left_FA,0.13333333333333333,0.2,-0.45165787311429,0.5955555555555556,lower_values_AD
pipeline_02,IFO_left,FA,mean,IFO_left_FA,0.13333333333333333,0.4666666666666667,-0.4717950087915006,0.5955555555555556,lower_values_AD
pipeline_02,IFO_left,FA,mean,IFO_left_FA,0.4666666666666667,0.4666666666666667,-0.477734142602605,0.5955555555555556,lower_values_AD
pipeline_02,IFO_left,FA,mean,IFO_left_FA,0.4666666666666667,0.5333333333333333,-0.4814061379523509,0.5955555555555556,lower_values_AD
pipeline_02,IFO_left,FA,mean,IFO_left_FA,0.6,0.5333333333333333,-0.4854612944112095,0.5955555555555556,lower_values_AD
pipeline_02,IFO_left,FA,mean,IFO_left_FA,0.6,0.6666666666666666,-0.4898464244040049,0.5955555555555556,lower_values_AD
pipeline_02,IFO_left,FA,mean,IFO_left_FA,0.6666666666666666,0.6666666666666666,-0.4905974874955274,0.5955555555555556,lower_values_AD
pipeline_02,IFO_left,FA,mean,IFO_left_FA,0.6666666666666666,0.9333333333333333,-0.5041465846144986,0.5955555555555556,lower_values_AD
pipeline_02,IFO_left,FA,mean,IFO_left_FA,1.0,0.9333333333333333,-0.5268962761148663,0.5955555555555556,lower_values_AD
pipeline_02,IFO_left,FA,mean,IFO_left_FA,1.0,1.0,-0.5306516821303765,0.5955555555555556,lower_values_AD
pipeline_02,IFO_left,MD,mean,IFO_left_MD,0.0,0.0,inf,0.5911111111111111,higher_values_AD
pipeline_02,IFO_left,MD,mean,IFO_left_MD,0.06666666666666667,0.0,0.0011104089842067,0.5911111111111111,higher_values_AD
pipeline_02,IFO_left,MD,mean,IFO_left_MD,0.06666666666666667,0.06666666666666667,0.0010667259928882,0.5911111111111111,higher_values_AD
pipeline_02,IFO_left,MD,mean,IFO_left_MD,0.13333333333333333,0.06666666666666667,0.0010086840372317,0.5911111111111111,higher_values_AD
pipeline_02,IFO_left,MD,mean,IFO_left_MD,0.13333333333333333,0.26666666666666666,0.0009404264758732,0.5911111111111111,higher_values_AD
pipeline_02,IFO_left,MD,mean,IFO_left_MD,0.3333333333333333,0.26666666666666666,0.0009229578796749,0.5911111111111111,higher_values_AD
pipeline_02,IFO_left,MD,mean,IFO_left_MD,0.3333333333333333,0.6666666666666666,0.0008814114362954,0.5911111111111111,higher_values_AD
pipeline_02,IFO_left,MD,mean,IFO_left_MD,0.5333333333333333,0.6666666666666666,0.0008632014939564,0.5911111111111111,higher_values_AD
pipeline_02,IFO_left,MD,mean,IFO_left_MD,0.5333333333333333,0.7333333333333333,0.0008625450464415,0.5911111111111111,higher_values_AD
pipeline_02,IFO_left,MD,mean,IFO_left_MD,0.7333333333333333,0.7333333333333333,0.00086017121281,0.5911111111111111,higher_values_AD
pipeline_02,IFO_left,MD,mean,IFO_left_MD,0.7333333333333333,0.8,0.0008551033017165,0.5911111111111111,higher_values_AD
pipeline_02,IFO_left,MD,mean,IFO_left_MD,0.8,0.8,0.0008525799598141,0.5911111111111111,higher_values_AD
pipeline_02,IFO_left,MD,mean,IFO_left_MD,0.8,1.0,0.0008380938991244,0.5911111111111111,higher_values_AD
pipeline_02,IFO_left,MD,mean,IFO_left_MD,1.0,1.0,0.0008039306239632,0.5911111111111111,higher_values_AD
pipeline_02,IFO_left,RD,mean,IFO_left_RD,0.0,0.0,inf,0.6088888888888889,higher_values_AD
pipeline_02,IFO_left,RD,mean,IFO_left_RD,0.06666666666666667,0.0,0.000860007606461,0.6088888888888889,higher_values_AD
pipeline_02,IFO_left,RD,mean,IFO_left_RD,0.06666666666666667,0.13333333333333333,0.0007520645595488,0.6088888888888889,higher_values_AD
pipeline_02,IFO_left,RD,mean,IFO_left_RD,0.13333333333333333,0.13333333333333333,0.0007460108124755,0.6088888888888889,higher_values_AD
pipeline_02,IFO_left,RD,mean,IFO_left_RD,0.13333333333333333,0.26666666666666666,0.0006886063940854,0.6088888888888889,higher_values_AD
pipeline_02,IFO_left,RD,mean,IFO_left_RD,0.2,0.26666666666666666,0.0006771623880784,0.6088888888888889,higher_values_AD
pipeline_02,IFO_left,RD,mean,IFO_left_RD,0.2,0.3333333333333333,0.0006726872424645,0.6088888888888889,higher_values_AD
pipeline_02,IFO_left,RD,mean,IFO_left_RD,0.26666666666666666,0.3333333333333333,0.0006719706656216,0.6088888888888889,higher_values_AD
pipeline_02,IFO_left,RD,mean,IFO_left_RD,0.26666666666666666,0.4,0.000662319404028,0.6088888888888889,higher_values_AD
pipeline_02,IFO_left,RD,mean,IFO_left_RD,0.3333333333333333,0.4,0.0006611538841929,0.6088888888888889,higher_values_AD
pipeline_02,IFO_left,RD,mean,IFO_left_RD,0.3333333333333333,0.6666666666666666,0.0006384406211167,0.6088888888888889,higher_values_AD
pipeline_02,IFO_left,RD,mean,IFO_left_RD,0.6,0.6666666666666666,0.0006159000139775,0.6088888888888889,higher_values_AD
pipeline_02,IFO_left,RD,mean,IFO_left_RD,0.6,0.7333333333333333,0.0006139889641399,0.6088888888888889,higher_values_AD
pipeline_02,IFO_left,RD,mean,IFO_left_RD,0.7333333333333333,0.7333333333333333,0.0006048824601072,0.6088888888888889,higher_values_AD
pipeline_02,IFO_left,RD,mean,IFO_left_RD,0.7333333333333333,0.8666666666666667,0.0006031759848412,0.6088888888888889,higher_values_AD
pipeline_02,IFO_left,RD,mean,IFO_left_RD,0.8,0.8666666666666667,0.0005998944063693,0.6088888888888889,higher_values_AD
pipeline_02,IFO_left,RD,mean,IFO_left_RD,0.8,1.0,0.0005767434839782,0.6088888888888889,higher_values_AD
pipeline_02,IFO_left,RD,mean,IFO_left_RD,1.0,1.0,0.0005458930684703,0.6088888888888889,higher_values_AD
pipeline_02,IFO_right,AD,mean,IFO_right_AD,0.0,0.0,inf,0.5022222222222222,lower_values_AD
pipeline_02,IFO_right,AD,mean,IFO_right_AD,0.0,0.06666666666666667,-0.0012682771119737,0.5022222222222222,lower_values_AD
pipeline_02,IFO_right,AD,mean,IFO_right_AD,0.06666666666666667,0.06666666666666667,-0.0012732088174846,0.5022222222222222,lower_values_AD
pipeline_02,IFO_right,AD,mean,IFO_right_AD,0.06666666666666667,0.13333333333333333,-0.0012789537692855,0.5022222222222222,lower_values_AD
pipeline_02,IFO_right,AD,mean,IFO_right_AD,0.26666666666666666,0.13333333333333333,-0.001319848840533,0.5022222222222222,lower_values_AD
pipeline_02,IFO_right,AD,mean,IFO_right_AD,0.26666666666666666,0.2,-0.0013218147752047,0.5022222222222222,lower_values_AD
pipeline_02,IFO_right,AD,mean,IFO_right_AD,0.3333333333333333,0.2,-0.0013249555046959,0.5022222222222222,lower_values_AD
pipeline_02,IFO_right,AD,mean,IFO_right_AD,0.3333333333333333,0.4,-0.0013480731415258,0.5022222222222222,lower_values_AD
pipeline_02,IFO_right,AD,mean,IFO_right_AD,0.4666666666666667,0.4,-0.001351487885375,0.5022222222222222,lower_values_AD
pipeline_02,IFO_right,AD,mean,IFO_right_AD,0.4666666666666667,0.6,-0.0013602713930781,0.5022222222222222,lower_values_AD
pipeline_02,IFO_right,AD,mean,IFO_right_AD,0.6666666666666666,0.6,-0.0013997405620066,0.5022222222222222,lower_values_AD
pipeline_02,IFO_right,AD,mean,IFO_right_AD,0.6666666666666666,0.6666666666666666,-0.0014043855636756,0.5022222222222222,lower_values_AD
pipeline_02,IFO_right,AD,mean,IFO_right_AD,0.7333333333333333,0.6666666666666666,-0.0014053854097368,0.5022222222222222,lower_values_AD
pipeline_02,IFO_right,AD,mean,IFO_right_AD,0.7333333333333333,0.8,-0.0014131637303932,0.5022222222222222,lower_values_AD
pipeline_02,IFO_right,AD,mean,IFO_right_AD,0.8,0.8,-0.0014220658175946,0.5022222222222222,lower_values_AD
pipeline_02,IFO_right,AD,mean,IFO_right_AD,0.8,0.8666666666666667,-0.0014239100538185,0.5022222222222222,lower_values_AD
pipeline_02,IFO_right,AD,mean,IFO_right_AD,0.8666666666666667,0.8666666666666667,-0.0014338883467455,0.5022222222222222,lower_values_AD
pipeline_02,IFO_right,AD,mean,IFO_right_AD,0.8666666666666667,0.9333333333333333,-0.0014340375391611,0.5022222222222222,lower_values_AD
pipeline_02,IFO_right,AD,mean,IFO_right_AD,0.9333333333333333,0.9333333333333333,-0.0014621775479699,0.5022222222222222,lower_values_AD
pipeline_02,IFO_right,AD,mean,IFO_right_AD,0.9333333333333333,1.0,-0.0014913298261389,0.5022222222222222,lower_values_AD
pipeline_02,IFO_right,AD,mean,IFO_right_AD,1.0,1.0,-0.0014963735060547,0.5022222222222222,lower_values_AD
pipeline_02,IFO_right,FA,mean,IFO_right_FA,0.0,0.0,inf,0.5155555555555555,higher_values_AD
pipeline_02,IFO_right,FA,mean,IFO_right_FA,0.0,0.06666666666666667,0.5171874913000156,0.5155555555555555,higher_values_AD
pipeline_02,IFO_right,FA,mean,IFO_right_FA,0.0,0.13333333333333333,0.5148822566446389,0.5155555555555555,higher_values_AD
pipeline_02,IFO_right,FA,mean,IFO_right_FA,0.06666666666666667,0.13333333333333333,0.500244339097452,0.5155555555555555,higher_values_AD
pipeline_02,IFO_right,FA,mean,IFO_right_FA,0.06666666666666667,0.2,0.4995927420724266,0.5155555555555555,higher_values_AD
pipeline_02,IFO_right,FA,mean,IFO_right_FA,0.26666666666666666,0.2,0.4924584938693679,0.5155555555555555,higher_values_AD
pipeline_02,IFO_right,FA,mean,IFO_right_FA,0.26666666666666666,0.3333333333333333,0.4889542522829422,0.5155555555555555,higher_values_AD
pipeline_02,IFO_right,FA,mean,IFO_right_FA,0.4,0.3333333333333333,0.4884534143839172,0.5155555555555555,higher_values_AD
pipeline_02,IFO_right,FA,mean,IFO_right_FA,0.4,0.4666666666666667,0.4783173134357507,0.5155555555555555,higher_values_AD
pipeline_02,IFO_right,FA,mean,IFO_right_FA,0.4666666666666667,0.4666666666666667,0.4770845036121791,0.5155555555555555,higher_values_AD
pipeline_02,IFO_right,FA,mean,IFO_right_FA,0.4666666666666667,0.5333333333333333,0.4744188938288767,0.5155555555555555,higher_values_AD
pipeline_02,IFO_right,FA,mean,IFO_right_FA,0.6666666666666666,0.5333333333333333,0.4703427314998198,0.5155555555555555,higher_values_AD
pipeline_02,IFO_right,FA,mean,IFO_right_FA,0.6666666666666666,0.7333333333333333,0.4600030768408573,0.5155555555555555,higher_values_AD
pipeline_02,IFO_right,FA,mean,IFO_right_FA,0.7333333333333333,0.7333333333333333,0.4567330822010387,0.5155555555555555,higher_values_AD
pipeline_02,IFO_right,FA,mean,IFO_right_FA,0.7333333333333333,0.8,0.4565093256134426,0.5155555555555555,higher_values_AD
pipeline_02,IFO_right,FA,mean,IFO_right_FA,0.8666666666666667,0.8,0.4540545636973976,0.5155555555555555,higher_values_AD
pipeline_02,IFO_right,FA,mean,IFO_right_FA,0.8666666666666667,0.9333333333333333,0.4455520759954226,0.5155555555555555,higher_values_AD
pipeline_02,IFO_right,FA,mean,IFO_right_FA,0.9333333333333333,0.9333333333333333,0.4383608313462554,0.5155555555555555,higher_values_AD
pipeline_02,IFO_right,FA,mean,IFO_right_FA,0.9333333333333333,1.0,0.4183922626758705,0.5155555555555555,higher_values_AD
pipeline_02,IFO_right,FA,mean,IFO_right_FA,1.0,1.0,0.4134116094844087,0.5155555555555555,higher_values_AD
pipeline_02,IFO_right,MD,mean,IFO_right_MD,0.0,0.0,inf,0.5199999999999999,higher_values_AD
pipeline_02,IFO_right,MD,mean,IFO_right_MD,0.06666666666666667,0.0,0.0010178215324125,0.5199999999999999,higher_values_AD
pipeline_02,IFO_right,MD,mean,IFO_right_MD,0.06666666666666667,0.06666666666666667,0.0009808724856299,0.5199999999999999,higher_values_AD
pipeline_02,IFO_right,MD,mean,IFO_right_MD,0.13333333333333333,0.06666666666666667,0.0009738184780375,0.5199999999999999,higher_values_AD
pipeline_02,IFO_right,MD,mean,IFO_right_MD,0.13333333333333333,0.2,0.0009201202113968,0.5199999999999999,higher_values_AD
pipeline_02,IFO_right,MD,mean,IFO_right_MD,0.2,0.2,0.0009197325530437,0.5199999999999999,higher_values_AD
pipeline_02,IFO_right,MD,mean,IFO_right_MD,0.2,0.4,0.0009120435065146,0.5199999999999999,higher_values_AD
pipeline_02,IFO_right,MD,mean,IFO_right_MD,0.4666666666666667,0.4,0.0008988262737678,0.5199999999999999,higher_values_AD
pipeline_02,IFO_right,MD,mean,IFO_right_MD,0.4666666666666667,0.5333333333333333,0.0008828019845742,0.5199999999999999,higher_values_AD
pipeline_02,IFO_right,MD,mean,IFO_right_MD,0.5333333333333333,0.5333333333333333,0.0008782097171564,0.5199999999999999,higher_values_AD
pipeline_02,IFO_right,MD,mean,IFO_right_MD,0.5333333333333333,0.6,0.0008623663618366,0.5199999999999999,higher_values_AD
pipeline_02,IFO_right,MD,mean,IFO_right_MD,0.6,0.6,0.0008556203337187,0.5199999999999999,higher_values_AD
pipeline_02,IFO_right,MD,mean,IFO_right_MD,0.6,0.6666666666666666,0.0008538909694371,0.5199999999999999,higher_values_AD
pipeline_02,IFO_right,MD,mean,IFO_right_MD,0.6666666666666666,0.6666666666666666,0.0008503478152464,0.5199999999999999,higher_values_AD
pipeline_02,IFO_right,MD,mean,IFO_right_MD,0.6666666666666666,0.7333333333333333,0.0008467285375108,0.5199999999999999,higher_values_AD
pipeline_02,IFO_right,MD,mean,IFO_right_MD,0.8,0.7333333333333333,0.0008416468581133,0.5199999999999999,higher_values_AD
pipeline_02,IFO_right,MD,mean,IFO_right_MD,0.8,0.8666666666666667,0.0008244697282298,0.5199999999999999,higher_values_AD
pipeline_02,IFO_right,MD,mean,IFO_right_MD,0.9333333333333333,0.8666666666666667,0.0008175194830446,0.5199999999999999,higher_values_AD
pipeline_02,IFO_right,MD,mean,IFO_right_MD,0.9333333333333333,0.9333333333333333,0.0008126587982668,0.5199999999999999,higher_values_AD
pipeline_02,IFO_right,MD,mean,IFO_right_MD,1.0,0.9333333333333333,0.0007933952564602,0.5199999999999999,higher_values_AD
pipeline_02,IFO_right,MD,mean,IFO_right_MD,1.0,1.0,0.0007822157157006,0.5199999999999999,higher_values_AD
pipeline_02,IFO_right,RD,mean,IFO_right_RD,0.0,0.0,inf,0.5066666666666667,lower_values_AD
pipeline_02,IFO_right,RD,mean,IFO_right_RD,0.0,0.06666666666666667,-0.0005338466893178,0.5066666666666667,lower_values_AD
pipeline_02,IFO_right,RD,mean,IFO_right_RD,0.06666666666666667,0.06666666666666667,-0.0005534884765719,0.5066666666666667,lower_values_AD
pipeline_02,IFO_right,RD,mean,IFO_right_RD,0.06666666666666667,0.13333333333333333,-0.000561103501338,0.5066666666666667,lower_values_AD
pipeline_02,IFO_right,RD,mean,IFO_right_RD,0.2,0.13333333333333333,-0.0005757521724399,0.5066666666666667,lower_values_AD
pipeline_02,IFO_right,RD,mean,IFO_right_RD,0.2,0.26666666666666666,-0.0005848496391796,0.5066666666666667,lower_values_AD
pipeline_02,IFO_right,RD,mean,IFO_right_RD,0.3333333333333333,0.26666666666666666,-0.0005922377638386,0.5066666666666667,lower_values_AD
pipeline_02,IFO_right,RD,mean,IFO_right_RD,0.3333333333333333,0.4,-0.0006016029792755,0.5066666666666667,lower_values_AD
pipeline_02,IFO_right,RD,mean,IFO_right_RD,0.4,0.4,-0.0006130439721416,0.5066666666666667,lower_values_AD
pipeline_02,IFO_right,RD,mean,IFO_right_RD,0.4,0.4666666666666667,-0.0006203285529976,0.5066666666666667,lower_values_AD
pipeline_02,IFO_right,RD,mean,IFO_right_RD,0.5333333333333333,0.4666666666666667,-0.0006350781996712,0.5066666666666667,lower_values_AD
pipeline_02,IFO_right,RD,mean,IFO_right_RD,0.5333333333333333,0.5333333333333333,-0.000647976971217,0.5066666666666667,lower_values_AD
pipeline_02,IFO_right,RD,mean,IFO_right_RD,0.6,0.5333333333333333,-0.0006479848445256,0.5066666666666667,lower_values_AD
pipeline_02,IFO_right,RD,mean,IFO_right_RD,0.6,0.6,-0.000650166405885,0.5066666666666667,lower_values_AD
pipeline_02,IFO_right,RD,mean,IFO_right_RD,0.6666666666666666,0.6,-0.0006568169270999,0.5066666666666667,lower_values_AD
pipeline_02,IFO_right,RD,mean,IFO_right_RD,0.6666666666666666,0.7333333333333333,-0.0006600212217476,0.5066666666666667,lower_values_AD
pipeline_02,IFO_right,RD,mean,IFO_right_RD,0.7333333333333333,0.7333333333333333,-0.0006613587016639,0.5066666666666667,lower_values_AD
pipeline_02,IFO_right,RD,mean,IFO_right_RD,0.7333333333333333,0.8,-0.0006614833942409,0.5066666666666667,lower_values_AD
pipeline_02,IFO_right,RD,mean,IFO_right_RD,0.8666666666666667,0.8,-0.0006637890676306,0.5066666666666667,lower_values_AD
pipeline_02,IFO_right,RD,mean,IFO_right_RD,0.8666666666666667,0.9333333333333333,-0.000725643818593,0.5066666666666667,lower_values_AD
pipeline_02,IFO_right,RD,mean,IFO_right_RD,0.9333333333333333,0.9333333333333333,-0.0007296389420644,0.5066666666666667,lower_values_AD
pipeline_02,IFO_right,RD,mean,IFO_right_RD,0.9333333333333333,1.0,-0.0007351728255974,0.5066666666666667,lower_values_AD
pipeline_02,IFO_right,RD,mean,IFO_right_RD,1.0,1.0,-0.0007785455458653,0.5066666666666667,lower_values_AD
pipeline_02,ILF_left,AD,mean,ILF_left_AD,0.0,0.0,inf,0.6355555555555555,higher_values_AD
pipeline_02,ILF_left,AD,mean,ILF_left_AD,0.0,0.06666666666666667,0.0017303764560221,0.6355555555555555,higher_values_AD
pipeline_02,ILF_left,AD,mean,ILF_left_AD,0.0,0.13333333333333333,0.0016374649595102,0.6355555555555555,higher_values_AD
pipeline_02,ILF_left,AD,mean,ILF_left_AD,0.13333333333333333,0.13333333333333333,0.0015328087642225,0.6355555555555555,higher_values_AD
pipeline_02,ILF_left,AD,mean,ILF_left_AD,0.13333333333333333,0.26666666666666666,0.0015046828172579,0.6355555555555555,higher_values_AD
pipeline_02,ILF_left,AD,mean,ILF_left_AD,0.2,0.26666666666666666,0.0014866062037209,0.6355555555555555,higher_values_AD
pipeline_02,ILF_left,AD,mean,ILF_left_AD,0.2,0.6,0.0014285558338382,0.6355555555555555,higher_values_AD
pipeline_02,ILF_left,AD,mean,ILF_left_AD,0.3333333333333333,0.6,0.0014086912168594,0.6355555555555555,higher_values_AD
pipeline_02,ILF_left,AD,mean,ILF_left_AD,0.3333333333333333,0.7333333333333333,0.0013992452971141,0.6355555555555555,higher_values_AD
pipeline_02,ILF_left,AD,mean,ILF_left_AD,0.8,0.7333333333333333,0.0013228713940934,0.6355555555555555,higher_values_AD
pipeline_02,ILF_left,AD,mean,ILF_left_AD,0.8,0.8,0.0013189789009126,0.6355555555555555,higher_values_AD
pipeline_02,ILF_left,AD,mean,ILF_left_AD,0.8666666666666667,0.8,0.001316401109588,0.6355555555555555,higher_values_AD
pipeline_02,ILF_left,AD,mean,ILF_left_AD,0.8666666666666667,0.8666666666666667,0.0012956331175378,0.6355555555555555,higher_values_AD
pipeline_02,ILF_left,AD,mean,ILF_left_AD,0.9333333333333333,0.8666666666666667,0.0012956012011211,0.6355555555555555,higher_values_AD
pipeline_02,ILF_left,AD,mean,ILF_left_AD,0.9333333333333333,1.0,0.0012778914828506,0.6355555555555555,higher_values_AD
pipeline_02,ILF_left,AD,mean,ILF_left_AD,1.0,1.0,0.0012407149768533,0.6355555555555555,higher_values_AD
pipeline_02,ILF_left,FA,mean,ILF_left_FA,0.0,0.0,inf,0.6444444444444444,lower_values_AD
pipeline_02,ILF_left,FA,mean,ILF_left_FA,0.06666666666666667,0.0,-0.3911879187475803,0.6444444444444444,lower_values_AD
pipeline_02,ILF_left,FA,mean,ILF_left_FA,0.06666666666666667,0.2,-0.4018079024365045,0.6444444444444444,lower_values_AD
pipeline_02,ILF_left,FA,mean,ILF_left_FA,0.13333333333333333,0.2,-0.4068669579815785,0.6444444444444444,lower_values_AD
pipeline_02,ILF_left,FA,mean,ILF_left_FA,0.13333333333333333,0.4666666666666667,-0.4383868608991224,0.6444444444444444,lower_values_AD
pipeline_02,ILF_left,FA,mean,ILF_left_FA,0.3333333333333333,0.4666666666666667,-0.4480906509813415,0.6444444444444444,lower_values_AD
pipeline_02,ILF_left,FA,mean,ILF_left_FA,0.3333333333333333,0.5333333333333333,-0.4529144972183064,0.6444444444444444,lower_values_AD
pipeline_02,ILF_left,FA,mean,ILF_left_FA,0.4,0.5333333333333333,-0.4604390512252294,0.6444444444444444,lower_values_AD
pipeline_02,ILF_left,FA,mean,ILF_left_FA,0.4,0.6,-0.4612668738057106,0.6444444444444444,lower_values_AD
pipeline_02,ILF_left,FA,mean,ILF_left_FA,0.5333333333333333,0.6,-0.4637366772794429,0.6444444444444444,lower_values_AD
pipeline_02,ILF_left,FA,mean,ILF_left_FA,0.5333333333333333,0.7333333333333333,-0.4719572128826331,0.6444444444444444,lower_values_AD
pipeline_02,ILF_left,FA,mean,ILF_left_FA,0.6,0.7333333333333333,-0.472566114139693,0.6444444444444444,lower_values_AD
pipeline_02,ILF_left,FA,mean,ILF_left_FA,0.6,0.8,-0.47372333187661,0.6444444444444444,lower_values_AD
pipeline_02,ILF_left,FA,mean,ILF_left_FA,0.6666666666666666,0.8,-0.4795915201298374,0.6444444444444444,lower_values_AD
pipeline_02,ILF_left,FA,mean,ILF_left_FA,0.6666666666666666,0.8666666666666667,-0.4809940008590456,0.6444444444444444,lower_values_AD
pipeline_02,ILF_left,FA,mean,ILF_left_FA,0.7333333333333333,0.8666666666666667,-0.486452988994289,0.6444444444444444,lower_values_AD
pipeline_02,ILF_left,FA,mean,ILF_left_FA,0.7333333333333333,0.9333333333333333,-0.4903106604942475,0.6444444444444444,lower_values_AD
pipeline_02,ILF_left,FA,mean,ILF_left_FA,0.8,0.9333333333333333,-0.4933770934165788,0.6444444444444444,lower_values_AD
pipeline_02,ILF_left,FA,mean,ILF_left_FA,0.8,1.0,-0.4936784231141592,0.6444444444444444,lower_values_AD
pipeline_02,ILF_left,FA,mean,ILF_left_FA,1.0,1.0,-0.5168734371630918,0.6444444444444444,lower_values_AD
pipeline_02,ILF_left,MD,mean,ILF_left_MD,0.0,0.0,inf,0.72,higher_values_AD
pipeline_02,ILF_left,MD,mean,ILF_left_MD,0.0,0.06666666666666667,0.0012233370486042,0.72,higher_values_AD
pipeline_02,ILF_left,MD,mean,ILF_left_MD,0.0,0.13333333333333333,0.0011451681960943,0.72,higher_values_AD
pipeline_02,ILF_left,MD,mean,ILF_left_MD,0.13333333333333333,0.13333333333333333,0.0010573053459968,0.72,higher_values_AD
pipeline_02,ILF_left,MD,mean,ILF_left_MD,0.13333333333333333,0.6,0.00095528958834,0.72,higher_values_AD
pipeline_02,ILF_left,MD,mean,ILF_left_MD,0.26666666666666666,0.6,0.0009388173348266,0.72,higher_values_AD
pipeline_02,ILF_left,MD,mean,ILF_left_MD,0.26666666666666666,0.6666666666666666,0.0009357058952861,0.72,higher_values_AD
pipeline_02,ILF_left,MD,mean,ILF_left_MD,0.3333333333333333,0.6666666666666666,0.0009191611548168,0.72,higher_values_AD
pipeline_02,ILF_left,MD,mean,ILF_left_MD,0.3333333333333333,0.7333333333333333,0.0008778497997244,0.72,higher_values_AD
pipeline_02,ILF_left,MD,mean,ILF_left_MD,0.4,0.7333333333333333,0.0008717608272659,0.72,higher_values_AD
pipeline_02,ILF_left,MD,mean,ILF_left_MD,0.4,0.8,0.0008629093151821,0.72,higher_values_AD
pipeline_02,ILF_left,MD,mean,ILF_left_MD,0.5333333333333333,0.8,0.0008527297912935,0.72,higher_values_AD
pipeline_02,ILF_left,MD,mean,ILF_left_MD,0.5333333333333333,0.8666666666666667,0.0008512344449332,0.72,higher_values_AD
pipeline_02,ILF_left,MD,mean,ILF_left_MD,0.8,0.8666666666666667,0.0008442101096415,0.72,higher_values_AD
pipeline_02,ILF_left,MD,mean,ILF_left_MD,0.8,0.9333333333333333,0.0008320993299819,0.72,higher_values_AD
pipeline_02,ILF_left,MD,mean,ILF_left_MD,0.9333333333333333,0.9333333333333333,0.0008129907475381,0.72,higher_values_AD
pipeline_02,ILF_left,MD,mean,ILF_left_MD,0.9333333333333333,1.0,0.0008067419312832,0.72,higher_values_AD
pipeline_02,ILF_left,MD,mean,ILF_left_MD,1.0,1.0,0.0007876497720355,0.72,higher_values_AD
pipeline_02,ILF_left,RD,mean,ILF_left_RD,0.0,0.0,inf,0.7422222222222222,higher_values_AD
pipeline_02,ILF_left,RD,mean,ILF_left_RD,0.0,0.06666666666666667,0.0009698173461682,0.7422222222222222,higher_values_AD
pipeline_02,ILF_left,RD,mean,ILF_left_RD,0.0,0.13333333333333333,0.0008990198128497,0.7422222222222222,higher_values_AD
pipeline_02,ILF_left,RD,mean,ILF_left_RD,0.13333333333333333,0.13333333333333333,0.0008195536351612,0.7422222222222222,higher_values_AD
pipeline_02,ILF_left,RD,mean,ILF_left_RD,0.13333333333333333,0.4666666666666667,0.0007612113827692,0.7422222222222222,higher_values_AD
pipeline_02,ILF_left,RD,mean,ILF_left_RD,0.2,0.4666666666666667,0.0007020622649506,0.7422222222222222,higher_values_AD
pipeline_02,ILF_left,RD,mean,ILF_left_RD,0.2,0.6666666666666666,0.0006800051816164,0.7422222222222222,higher_values_AD
pipeline_02,ILF_left,RD,mean,ILF_left_RD,0.3333333333333333,0.6666666666666666,0.0006649229037824,0.7422222222222222,higher_values_AD
pipeline_02,ILF_left,RD,mean,ILF_left_RD,0.3333333333333333,0.8,0.0006310720853679,0.7422222222222222,higher_values_AD
pipeline_02,ILF_left,RD,mean,ILF_left_RD,0.4666666666666667,0.8,0.0006252607913164,0.7422222222222222,higher_values_AD
pipeline_02,ILF_left,RD,mean,ILF_left_RD,0.4666666666666667,0.8666666666666667,0.0006171520515372,0.7422222222222222,higher_values_AD
pipeline_02,ILF_left,RD,mean,ILF_left_RD,0.6666666666666666,0.8666666666666667,0.000612725570036,0.7422222222222222,higher_values_AD
pipeline_02,ILF_left,RD,mean,ILF_left_RD,0.6666666666666666,0.9333333333333333,0.0006003324399367,0.7422222222222222,higher_values_AD
pipeline_02,ILF_left,RD,mean,ILF_left_RD,0.8,0.9333333333333333,0.0005895022566423,0.7422222222222222,higher_values_AD
pipeline_02,ILF_left,RD,mean,ILF_left_RD,0.8,1.0,0.0005711671565944,0.7422222222222222,higher_values_AD
pipeline_02,ILF_left,RD,mean,ILF_left_RD,1.0,1.0,0.0005591180589891,0.7422222222222222,higher_values_AD
pipeline_02,ILF_right,AD,mean,ILF_right_AD,0.0,0.0,inf,0.6222222222222222,higher_values_AD
pipeline_02,ILF_right,AD,mean,ILF_right_AD,0.06666666666666667,0.0,0.0016773933918948,0.6222222222222222,higher_values_AD
pipeline_02,ILF_right,AD,mean,ILF_right_AD,0.06666666666666667,0.26666666666666666,0.0014841598028184,0.6222222222222222,higher_values_AD
pipeline_02,ILF_right,AD,mean,ILF_right_AD,0.13333333333333333,0.26666666666666666,0.0014795356956812,0.6222222222222222,higher_values_AD
pipeline_02,ILF_right,AD,mean,ILF_right_AD,0.13333333333333333,0.4666666666666667,0.001442118959941,0.6222222222222222,higher_values_AD
pipeline_02,ILF_right,AD,mean,ILF_right_AD,0.2,0.4666666666666667,0.0014407721090504,0.6222222222222222,higher_values_AD
pipeline_02,ILF_right,AD,mean,ILF_right_AD,0.2,0.5333333333333333,0.0014396861646656,0.6222222222222222,higher_values_AD
pipeline_02,ILF_right,AD,mean,ILF_right_AD,0.26666666666666666,0.5333333333333333,0.001436056480175,0.6222222222222222,higher_values_AD
pipeline_02,ILF_right,AD,mean,ILF_right_AD,0.26666666666666666,0.6666666666666666,0.0014067261908183,0.6222222222222222,higher_values_AD
pipeline_02,ILF_right,AD,mean,ILF_right_AD,0.6666666666666666,0.6666666666666666,0.0013432428060587,0.6222222222222222,higher_values_AD
pipeline_02,ILF_right,AD,mean,ILF_right_AD,0.6666666666666666,0.7333333333333333,0.0013402067139135,0.6222222222222222,higher_values_AD
pipeline_02,ILF_right,AD,mean,ILF_right_AD,0.8666666666666667,0.7333333333333333,0.0013194394261364,0.6222222222222222,higher_values_AD
pipeline_02,ILF_right,AD,mean,ILF_right_AD,0.8666666666666667,0.8666666666666667,0.0013139626712338,0.6222222222222222,higher_values_AD
pipeline_02,ILF_right,AD,mean,ILF_right_AD,0.9333333333333333,0.8666666666666667,0.001312587387083,0.6222222222222222,higher_values_AD
pipeline_02,ILF_right,AD,mean,ILF_right_AD,0.9333333333333333,1.0,0.0012831364930761,0.6222222222222222,higher_values_AD
pipeline_02,ILF_right,AD,mean,ILF_right_AD,1.0,1.0,0.0012509271758584,0.6222222222222222,higher_values_AD
pipeline_02,ILF_right,FA,mean,ILF_right_FA,0.0,0.0,inf,0.6044444444444445,higher_values_AD
pipeline_02,ILF_right,FA,mean,ILF_right_FA,0.0,0.06666666666666667,0.5398351028792489,0.6044444444444445,higher_values_AD
pipeline_02,ILF_right,FA,mean,ILF_right_FA,0.0,0.2,0.5217892667063888,0.6044444444444445,higher_values_AD
pipeline_02,ILF_right,FA,mean,ILF_right_FA,0.13333333333333333,0.2,0.4931964961857316,0.6044444444444445,higher_values_AD
pipeline_02,ILF_right,FA,mean,ILF_right_FA,0.13333333333333333,0.3333333333333333,0.4926623994385065,0.6044444444444445,higher_values_AD
pipeline_02,ILF_right,FA,mean,ILF_right_FA,0.26666666666666666,0.3333333333333333,0.4833624950707642,0.6044444444444445,higher_values_AD
pipeline_02,ILF_right,FA,mean,ILF_right_FA,0.26666666666666666,0.4,0.477739174386285,0.6044444444444445,higher_values_AD
pipeline_02,ILF_right,FA,mean,ILF_right_FA,0.4,0.4,0.4717316731662379,0.6044444444444445,higher_values_AD
pipeline_02,ILF_right,FA,mean,ILF_right_FA,0.4,0.6,0.464064349056842,0.6044444444444445,higher_values_AD
pipeline_02,ILF_right,FA,mean,ILF_right_FA,0.6,0.6,0.4512958453731839,0.6044444444444445,higher_values_AD
pipeline_02,ILF_right,FA,mean,ILF_right_FA,0.6,0.6666666666666666,0.4472330390890682,0.6044444444444445,higher_values_AD
pipeline_02,ILF_right,FA,mean,ILF_right_FA,0.6666666666666666,0.6666666666666666,0.4464799619275692,0.6044444444444445,higher_values_AD
pipeline_02,ILF_right,FA,mean,ILF_right_FA,0.6666666666666666,0.8,0.4405355843824862,0.6044444444444445,higher_values_AD
pipeline_02,ILF_right,FA,mean,ILF_right_FA,0.7333333333333333,0.8,0.439051949036247,0.6044444444444445,higher_values_AD
pipeline_02,ILF_right,FA,mean,ILF_right_FA,0.7333333333333333,0.9333333333333333,0.4373881948163387,0.6044444444444445,higher_values_AD
pipeline_02,ILF_right,FA,mean,ILF_right_FA,0.8,0.9333333333333333,0.4348960394251278,0.6044444444444445,higher_values_AD
pipeline_02,ILF_right,FA,mean,ILF_right_FA,0.8,1.0,0.4277870006604487,0.6044444444444445,higher_values_AD
pipeline_02,ILF_right,FA,mean,ILF_right_FA,1.0,1.0,0.3895230937506104,0.6044444444444445,higher_values_AD
pipeline_02,ILF_right,MD,mean,ILF_right_MD,0.0,0.0,inf,0.6000000000000001,higher_values_AD
pipeline_02,ILF_right,MD,mean,ILF_right_MD,0.06666666666666667,0.0,0.0011596887239542,0.6000000000000001,higher_values_AD
pipeline_02,ILF_right,MD,mean,ILF_right_MD,0.06666666666666667,0.13333333333333333,0.0009799669275733,0.6000000000000001,higher_values_AD
pipeline_02,ILF_right,MD,mean,ILF_right_MD,0.13333333333333333,0.13333333333333333,0.000974945388556,0.6000000000000001,higher_values_AD
pipeline_02,ILF_right,MD,mean,ILF_right_MD,0.13333333333333333,0.4666666666666667,0.0009543616430803,0.6000000000000001,higher_values_AD
pipeline_02,ILF_right,MD,mean,ILF_right_MD,0.5333333333333333,0.4666666666666667,0.0008933507715335,0.6000000000000001,higher_values_AD
pipeline_02,ILF_right,MD,mean,ILF_right_MD,0.5333333333333333,0.6666666666666666,0.0008668110601377,0.6000000000000001,higher_values_AD
pipeline_02,ILF_right,MD,mean,ILF_right_MD,0.6666666666666666,0.6666666666666666,0.0008644906921367,0.6000000000000001,higher_values_AD
pipeline_02,ILF_right,MD,mean,ILF_right_MD,0.6666666666666666,0.8666666666666667,0.0008506053413201,0.6000000000000001,higher_values_AD
pipeline_02,ILF_right,MD,mean,ILF_right_MD,0.7333333333333333,0.8666666666666667,0.0008475628080017,0.6000000000000001,higher_values_AD
pipeline_02,ILF_right,MD,mean,ILF_right_MD,0.7333333333333333,0.9333333333333333,0.0008424655006786,0.6000000000000001,higher_values_AD
pipeline_02,ILF_right,MD,mean,ILF_right_MD,0.8666666666666667,0.9333333333333333,0.0008325237521976,0.6000000000000001,higher_values_AD
pipeline_02,ILF_right,MD,mean,ILF_right_MD,0.8666666666666667,1.0,0.0008230767664824,0.6000000000000001,higher_values_AD
pipeline_02,ILF_right,MD,mean,ILF_right_MD,1.0,1.0,0.000795931339062,0.6000000000000001,higher_values_AD
pipeline_02,ILF_right,RD,mean,ILF_right_RD,0.0,0.0,inf,0.5555555555555555,higher_values_AD
pipeline_02,ILF_right,RD,mean,ILF_right_RD,0.06666666666666667,0.0,0.000900836389442,0.5555555555555555,higher_values_AD
pipeline_02,ILF_right,RD,mean,ILF_right_RD,0.13333333333333333,0.0,0.0007420320259541,0.5555555555555555,higher_values_AD
pipeline_02,ILF_right,RD,mean,ILF_right_RD,0.13333333333333333,0.4,0.0006910418147705,0.5555555555555555,higher_values_AD
pipeline_02,ILF_right,RD,mean,ILF_right_RD,0.4,0.4,0.0006760833348638,0.5555555555555555,higher_values_AD
pipeline_02,ILF_right,RD,mean,ILF_right_RD,0.4,0.4666666666666667,0.0006740787022906,0.5555555555555555,higher_values_AD
pipeline_02,ILF_right,RD,mean,ILF_right_RD,0.4666666666666667,0.4666666666666667,0.0006721240514403,0.5555555555555555,higher_values_AD
pipeline_02,ILF_right,RD,mean,ILF_right_RD,0.4666666666666667,0.5333333333333333,0.0006622996672639,0.5555555555555555,higher_values_AD
pipeline_02,ILF_right,RD,mean,ILF_right_RD,0.5333333333333333,0.5333333333333333,0.0006577869092251,0.5555555555555555,higher_values_AD
pipeline_02,ILF_right,RD,mean,ILF_right_RD,0.5333333333333333,0.6666666666666666,0.0006432042609527,0.5555555555555555,higher_values_AD
pipeline_02,ILF_right,RD,mean,ILF_right_RD,0.6,0.6666666666666666,0.0006356470479304,0.5555555555555555,higher_values_AD
pipeline_02,ILF_right,RD,mean,ILF_right_RD,0.6,0.7333333333333333,0.0006138846662684,0.5555555555555555,higher_values_AD
pipeline_02,ILF_right,RD,mean,ILF_right_RD,0.7333333333333333,0.7333333333333333,0.0006078914008539,0.5555555555555555,higher_values_AD
pipeline_02,ILF_right,RD,mean,ILF_right_RD,0.7333333333333333,0.8,0.0005930469030987,0.5555555555555555,higher_values_AD
pipeline_02,ILF_right,RD,mean,ILF_right_RD,0.8,0.8,0.0005890659143446,0.5555555555555555,higher_values_AD
pipeline_02,ILF_right,RD,mean,ILF_right_RD,0.8,0.9333333333333333,0.0005708469925189,0.5555555555555555,higher_values_AD
pipeline_02,ILF_right,RD,mean,ILF_right_RD,1.0,0.9333333333333333,0.0005663514685408,0.5555555555555555,higher_values_AD
pipeline_02,ILF_right,RD,mean,ILF_right_RD,1.0,1.0,0.0005653267662635,0.5555555555555555,higher_values_AD
pipeline_02,UF_left,AD,mean,UF_left_AD,0.0,0.0,inf,0.6266666666666667,higher_values_AD
pipeline_02,UF_left,AD,mean,UF_left_AD,0.0,0.06666666666666667,0.0013339066577043,0.6266666666666667,higher_values_AD
pipeline_02,UF_left,AD,mean,UF_left_AD,0.0,0.2,0.0012997270899571,0.6266666666666667,higher_values_AD
pipeline_02,UF_left,AD,mean,UF_left_AD,0.13333333333333333,0.2,0.0012685948683885,0.6266666666666667,higher_values_AD
pipeline_02,UF_left,AD,mean,UF_left_AD,0.13333333333333333,0.26666666666666666,0.0012604759460526,0.6266666666666667,higher_values_AD
pipeline_02,UF_left,AD,mean,UF_left_AD,0.26666666666666666,0.26666666666666666,0.0012433375150394,0.6266666666666667,higher_values_AD
pipeline_02,UF_left,AD,mean,UF_left_AD,0.26666666666666666,0.4666666666666667,0.0012179284885379,0.6266666666666667,higher_values_AD
pipeline_02,UF_left,AD,mean,UF_left_AD,0.3333333333333333,0.4666666666666667,0.0012124889105179,0.6266666666666667,higher_values_AD
pipeline_02,UF_left,AD,mean,UF_left_AD,0.3333333333333333,0.6666666666666666,0.0012107246065925,0.6266666666666667,higher_values_AD
pipeline_02,UF_left,AD,mean,UF_left_AD,0.5333333333333333,0.6666666666666666,0.0012038365782259,0.6266666666666667,higher_values_AD
pipeline_02,UF_left,AD,mean,UF_left_AD,0.5333333333333333,0.8,0.0012021266350086,0.6266666666666667,higher_values_AD
pipeline_02,UF_left,AD,mean,UF_left_AD,0.6666666666666666,0.8,0.001198414462283,0.6266666666666667,higher_values_AD
pipeline_02,UF_left,AD,mean,UF_left_AD,0.6666666666666666,0.8666666666666667,0.0011941490875302,0.6266666666666667,higher_values_AD
pipeline_02,UF_left,AD,mean,UF_left_AD,0.9333333333333333,0.8666666666666667,0.0011758249833371,0.6266666666666667,higher_values_AD
pipeline_02,UF_left,AD,mean,UF_left_AD,0.9333333333333333,0.9333333333333333,0.0011739225538909,0.6266666666666667,higher_values_AD
pipeline_02,UF_left,AD,mean,UF_left_AD,1.0,0.9333333333333333,0.0011720507358835,0.6266666666666667,higher_values_AD
pipeline_02,UF_left,AD,mean,UF_left_AD,1.0,1.0,0.0011566528916372,0.6266666666666667,higher_values_AD
pipeline_02,UF_left,FA,mean,UF_left_FA,0.0,0.0,inf,0.6977777777777778,lower_values_AD
pipeline_02,UF_left,FA,mean,UF_left_FA,0.0,0.06666666666666667,-0.3256924471627754,0.6977777777777778,lower_values_AD
pipeline_02,UF_left,FA,mean,UF_left_FA,0.0,0.4,-0.3845621684987279,0.6977777777777778,lower_values_AD
pipeline_02,UF_left,FA,mean,UF_left_FA,0.13333333333333333,0.4,-0.3986637640158756,0.6977777777777778,lower_values_AD
pipeline_02,UF_left,FA,mean,UF_left_FA,0.13333333333333333,0.4666666666666667,-0.4023413810349743,0.6977777777777778,lower_values_AD
pipeline_02,UF_left,FA,mean,UF_left_FA,0.2,0.4666666666666667,-0.4024022912527803,0.6977777777777778,lower_values_AD
pipeline_02,UF_left,FA,mean,UF_left_FA,0.2,0.5333333333333333,-0.4060344558205614,0.6977777777777778,lower_values_AD
pipeline_02,UF_left,FA,mean,UF_left_FA,0.26666666666666666,0.5333333333333333,-0.4083479672041631,0.6977777777777778,lower_values_AD
pipeline_02,UF_left,FA,mean,UF_left_FA,0.26666666666666666,0.7333333333333333,-0.4161687241703151,0.6977777777777778,lower_values_AD
pipeline_02,UF_left,FA,mean,UF_left_FA,0.7333333333333333,0.7333333333333333,-0.4406705995249427,0.6977777777777778,lower_values_AD
pipeline_02,UF_left,FA,mean,UF_left_FA,0.7333333333333333,0.8666666666666667,-0.4453925451259412,0.6977777777777778,lower_values_AD
pipeline_02,UF_left,FA,mean,UF_left_FA,0.9333333333333333,0.8666666666666667,-0.4532808464335621,0.6977777777777778,lower_values_AD
pipeline_02,UF_left,FA,mean,UF_left_FA,0.9333333333333333,0.9333333333333333,-0.4540889062666153,0.6977777777777778,lower_values_AD
pipeline_02,UF_left,FA,mean,UF_left_FA,1.0,0.9333333333333333,-0.4595488227475914,0.6977777777777778,lower_values_AD
pipeline_02,UF_left,FA,mean,UF_left_FA,1.0,1.0,-0.4633418597489059,0.6977777777777778,lower_values_AD
pipeline_02,UF_left,MD,mean,UF_left_MD,0.0,0.0,inf,0.72,higher_values_AD
pipeline_02,UF_left,MD,mean,UF_left_MD,0.0,0.06666666666666667,0.0009668991615148,0.72,higher_values_AD
pipeline_02,UF_left,MD,mean,UF_left_MD,0.0,0.2,0.0008894620708579,0.72,higher_values_AD
pipeline_02,UF_left,MD,mean,UF_left_MD,0.06666666666666667,0.2,0.000884696558905,0.72,higher_values_AD
pipeline_02,UF_left,MD,mean,UF_left_MD,0.06666666666666667,0.3333333333333333,0.0008479306098475,0.72,higher_values_AD
pipeline_02,UF_left,MD,mean,UF_left_MD,0.13333333333333333,0.3333333333333333,0.0008439365490348,0.72,higher_values_AD
pipeline_02,UF_left,MD,mean,UF_left_MD,0.13333333333333333,0.4,0.0008361586871459,0.72,higher_values_AD
pipeline_02,UF_left,MD,mean,UF_left_MD,0.26666666666666666,0.4,0.000829067495715,0.72,higher_values_AD
pipeline_02,UF_left,MD,mean,UF_left_MD,0.26666666666666666,0.6666666666666666,0.0008183247359966,0.72,higher_values_AD
pipeline_02,UF_left,MD,mean,UF_left_MD,0.3333333333333333,0.6666666666666666,0.0008177708226935,0.72,higher_values_AD
pipeline_02,UF_left,MD,mean,UF_left_MD,0.3333333333333333,0.7333333333333333,0.000816851902863,0.72,higher_values_AD
pipeline_02,UF_left,MD,mean,UF_left_MD,0.5333333333333333,0.7333333333333333,0.0008002686596168,0.72,higher_values_AD
pipeline_02,UF_left,MD,mean,UF_left_MD,0.5333333333333333,0.8666666666666667,0.0007952545413507,0.72,higher_values_AD
pipeline_02,UF_left,MD,mean,UF_left_MD,0.6,0.8666666666666667,0.0007933545803906,0.72,higher_values_AD
pipeline_02,UF_left,MD,mean,UF_left_MD,0.6,0.9333333333333333,0.0007895034854568,0.72,higher_values_AD
pipeline_02,UF_left,MD,mean,UF_left_MD,0.8666666666666667,0.9333333333333333,0.0007711298225821,0.72,higher_values_AD
pipeline_02,UF_left,MD,mean,UF_left_MD,0.8666666666666667,1.0,0.0007707245838245,0.72,higher_values_AD
pipeline_02,UF_left,MD,mean,UF_left_MD,1.0,1.0,0.0007647729657066,0.72,higher_values_AD
pipeline_02,UF_left,RD,mean,UF_left_RD,0.0,0.0,inf,0.7422222222222222,higher_values_AD
pipeline_02,UF_left,RD,mean,UF_left_RD,0.0,0.06666666666666667,0.0007964123752452,0.7422222222222222,higher_values_AD
pipeline_02,UF_left,RD,mean,UF_left_RD,0.0,0.26666666666666666,0.0007039551323516,0.7422222222222222,higher_values_AD
pipeline_02,UF_left,RD,mean,UF_left_RD,0.06666666666666667,0.26666666666666666,0.0006789555944794,0.7422222222222222,higher_values_AD
pipeline_02,UF_left,RD,mean,UF_left_RD,0.06666666666666667,0.4,0.0006482772896592,0.7422222222222222,higher_values_AD
pipeline_02,UF_left,RD,mean,UF_left_RD,0.2,0.4,0.0006326972354538,0.7422222222222222,higher_values_AD
pipeline_02,UF_left,RD,mean,UF_left_RD,0.2,0.7333333333333333,0.0006209643180504,0.7422222222222222,higher_values_AD
pipeline_02,UF_left,RD,mean,UF_left_RD,0.4666666666666667,0.7333333333333333,0.0006081376661004,0.7422222222222222,higher_values_AD
pipeline_02,UF_left,RD,mean,UF_left_RD,0.4666666666666667,0.8,0.0006061781419682,0.7422222222222222,higher_values_AD
pipeline_02,UF_left,RD,mean,UF_left_RD,0.6,0.8,0.0005880348558261,0.7422222222222222,higher_values_AD
pipeline_02,UF_left,RD,mean,UF_left_RD,0.6,0.8666666666666667,0.0005838849901509,0.7422222222222222,higher_values_AD
pipeline_02,UF_left,RD,mean,UF_left_RD,0.6666666666666666,0.8666666666666667,0.0005784810835816,0.7422222222222222,higher_values_AD
pipeline_02,UF_left,RD,mean,UF_left_RD,0.6666666666666666,0.9333333333333333,0.0005752909838029,0.7422222222222222,higher_values_AD
pipeline_02,UF_left,RD,mean,UF_left_RD,1.0,0.9333333333333333,0.0005556507889549,0.7422222222222222,higher_values_AD
pipeline_02,UF_left,RD,mean,UF_left_RD,1.0,1.0,0.000554723581289,0.7422222222222222,higher_values_AD
pipeline_02,UF_right,AD,mean,UF_right_AD,0.0,0.0,inf,0.6488888888888888,higher_values_AD
pipeline_02,UF_right,AD,mean,UF_right_AD,0.0,0.06666666666666667,0.0013317900788284,0.6488888888888888,higher_values_AD
pipeline_02,UF_right,AD,mean,UF_right_AD,0.0,0.13333333333333333,0.0013017439156754,0.6488888888888888,higher_values_AD
pipeline_02,UF_right,AD,mean,UF_right_AD,0.06666666666666667,0.13333333333333333,0.0012791753885791,0.6488888888888888,higher_values_AD
pipeline_02,UF_right,AD,mean,UF_right_AD,0.06666666666666667,0.26666666666666666,0.0012656301397865,0.6488888888888888,higher_values_AD
pipeline_02,UF_right,AD,mean,UF_right_AD,0.13333333333333333,0.26666666666666666,0.0012653302506127,0.6488888888888888,higher_values_AD
pipeline_02,UF_right,AD,mean,UF_right_AD,0.13333333333333333,0.4,0.0012490098508703,0.6488888888888888,higher_values_AD
pipeline_02,UF_right,AD,mean,UF_right_AD,0.2,0.4,0.0012488439823705,0.6488888888888888,higher_values_AD
pipeline_02,UF_right,AD,mean,UF_right_AD,0.2,0.4666666666666667,0.001247808332783,0.6488888888888888,higher_values_AD
pipeline_02,UF_right,AD,mean,UF_right_AD,0.26666666666666666,0.4666666666666667,0.0012464059218516,0.6488888888888888,higher_values_AD
pipeline_02,UF_right,AD,mean,UF_right_AD,0.26666666666666666,0.6,0.0012367776735296,0.6488888888888888,higher_values_AD
pipeline_02,UF_right,AD,mean,UF_right_AD,0.4,0.6,0.0012230584937974,0.6488888888888888,higher_values_AD
pipeline_02,UF_right,AD,mean,UF_right_AD,0.4,0.6666666666666666,0.0012224343448374,0.6488888888888888,higher_values_AD
pipeline_02,UF_right,AD,mean,UF_right_AD,0.4666666666666667,0.6666666666666666,0.0012214203006397,0.6488888888888888,higher_values_AD
pipeline_02,UF_right,AD,mean,UF_right_AD,0.4666666666666667,0.7333333333333333,0.0012188020201529,0.6488888888888888,higher_values_AD
pipeline_02,UF_right,AD,mean,UF_right_AD,0.7333333333333333,0.7333333333333333,0.0012041529436676,0.6488888888888888,higher_values_AD
pipeline_02,UF_right,AD,mean,UF_right_AD,0.7333333333333333,0.8666666666666667,0.0011944068271283,0.6488888888888888,higher_values_AD
pipeline_02,UF_right,AD,mean,UF_right_AD,0.8,0.8666666666666667,0.0011904912966546,0.6488888888888888,higher_values_AD
pipeline_02,UF_right,AD,mean,UF_right_AD,0.8,0.9333333333333333,0.0011886743569514,0.6488888888888888,higher_values_AD
pipeline_02,UF_right,AD,mean,UF_right_AD,1.0,0.9333333333333333,0.0011803931582306,0.6488888888888888,higher_values_AD
pipeline_02,UF_right,AD,mean,UF_right_AD,1.0,1.0,0.0011715887340341,0.6488888888888888,higher_values_AD
pipeline_02,UF_right,FA,mean,UF_right_FA,0.0,0.0,inf,0.7066666666666667,lower_values_AD
pipeline_02,UF_right,FA,mean,UF_right_FA,0.0,0.06666666666666667,-0.3521141459948296,0.7066666666666667,lower_values_AD
pipeline_02,UF_right,FA,mean,UF_right_FA,0.0,0.4666666666666667,-0.3796647271070687,0.7066666666666667,lower_values_AD
pipeline_02,UF_right,FA,mean,UF_right_FA,0.13333333333333333,0.4666666666666667,-0.3879111590197689,0.7066666666666667,lower_values_AD
pipeline_02,UF_right,FA,mean,UF_right_FA,0.13333333333333333,0.5333333333333333,-0.3884331546944506,0.7066666666666667,lower_values_AD
pipeline_02,UF_right,FA,mean,UF_right_FA,0.26666666666666666,0.5333333333333333,-0.3897837082173987,0.7066666666666667,lower_values_AD
pipeline_02,UF_right,FA,mean,UF_right_FA,0.26666666666666666,0.7333333333333333,-0.4043180763921514,0.7066666666666667,lower_values_AD
pipeline_02,UF_right,FA,mean,UF_right_FA,0.8,0.7333333333333333,-0.4223172347075412,0.7066666666666667,lower_values_AD
pipeline_02,UF_right,FA,mean,UF_right_FA,0.8,0.8666666666666667,-0.424281445923863,0.7066666666666667,lower_values_AD
pipeline_02,UF_right,FA,mean,UF_right_FA,0.9333333333333333,0.8666666666666667,-0.4323622825251422,0.7066666666666667,lower_values_AD
pipeline_02,UF_right,FA,mean,UF_right_FA,0.9333333333333333,1.0,-0.4404787028695471,0.7066666666666667,lower_values_AD
pipeline_02,UF_right,FA,mean,UF_right_FA,1.0,1.0,-0.4445143488003016,0.7066666666666667,lower_values_AD
pipeline_02,UF_right,MD,mean,UF_right_MD,0.0,0.0,inf,0.7511111111111111,higher_values_AD
pipeline_02,UF_right,MD,mean,UF_right_MD,0.0,0.06666666666666667,0.0009508467479684,0.7511111111111111,higher_values_AD
pipeline_02,UF_right,MD,mean,UF_right_MD,0.0,0.2,0.0008835105417505,0.7511111111111111,higher_values_AD
pipeline_02,UF_right,MD,mean,UF_right_MD,0.06666666666666667,0.2,0.000881553629374,0.7511111111111111,higher_values_AD
pipeline_02,UF_right,MD,mean,UF_right_MD,0.06666666666666667,0.5333333333333333,0.0008607756133315,0.7511111111111111,higher_values_AD
pipeline_02,UF_right,MD,mean,UF_right_MD,0.2,0.5333333333333333,0.0008564095928017,0.7511111111111111,higher_values_AD
pipeline_02,UF_right,MD,mean,UF_right_MD,0.2,0.7333333333333333,0.0008427380172874,0.7511111111111111,higher_values_AD
pipeline_02,UF_right,MD,mean,UF_right_MD,0.4,0.7333333333333333,0.0008247420237722,0.7511111111111111,higher_values_AD
pipeline_02,UF_right,MD,mean,UF_right_MD,0.4,0.8,0.0008233655860068,0.7511111111111111,higher_values_AD
pipeline_02,UF_right,MD,mean,UF_right_MD,0.7333333333333333,0.8,0.0008012959761347,0.7511111111111111,higher_values_AD
pipeline_02,UF_right,MD,mean,UF_right_MD,0.7333333333333333,0.8666666666666667,0.0007977283923471,0.7511111111111111,higher_values_AD
pipeline_02,UF_right,MD,mean,UF_right_MD,0.8,0.8666666666666667,0.0007976738318016,0.7511111111111111,higher_values_AD
pipeline_02,UF_right,MD,mean,UF_right_MD,0.8,0.9333333333333333,0.000791978123421,0.7511111111111111,higher_values_AD
pipeline_02,UF_right,MD,mean,UF_right_MD,0.8666666666666667,0.9333333333333333,0.0007894288106029,0.7511111111111111,higher_values_AD
pipeline_02,UF_right,MD,mean,UF_right_MD,0.8666666666666667,1.0,0.0007821623910303,0.7511111111111111,higher_values_AD
pipeline_02,UF_right,MD,mean,UF_right_MD,1.0,1.0,0.0007718093537161,0.7511111111111111,higher_values_AD
pipeline_02,UF_right,RD,mean,UF_right_RD,0.0,0.0,inf,0.7733333333333333,higher_values_AD
pipeline_02,UF_right,RD,mean,UF_right_RD,0.0,0.06666666666666667,0.0007603750842419,0.7733333333333333,higher_values_AD
pipeline_02,UF_right,RD,mean,UF_right_RD,0.0,0.26666666666666666,0.0006879075338243,0.7733333333333333,higher_values_AD
pipeline_02,UF_right,RD,mean,UF_right_RD,0.06666666666666667,0.26666666666666666,0.0006827427496128,0.7733333333333333,higher_values_AD
pipeline_02,UF_right,RD,mean,UF_right_RD,0.06666666666666667,0.6,0.0006664708573098,0.7733333333333333,higher_values_AD
pipeline_02,UF_right,RD,mean,UF_right_RD,0.2,0.6,0.0006614114272042,0.7733333333333333,higher_values_AD
pipeline_02,UF_right,RD,mean,UF_right_RD,0.2,0.8,0.0006337959647942,0.7733333333333333,higher_values_AD
pipeline_02,UF_right,RD,mean,UF_right_RD,0.7333333333333333,0.8,0.0005998674910297,0.7733333333333333,higher_values_AD
pipeline_02,UF_right,RD,mean,UF_right_RD,0.7333333333333333,0.8666666666666667,0.0005936300070019,0.7733333333333333,higher_values_AD
pipeline_02,UF_right,RD,mean,UF_right_RD,0.8666666666666667,0.8666666666666667,0.0005913950725357,0.7733333333333333,higher_values_AD
pipeline_02,UF_right,RD,mean,UF_right_RD,0.8666666666666667,1.0,0.0005760401743764,0.7733333333333333,higher_values_AD
pipeline_02,UF_right,RD,mean,UF_right_RD,1.0,1.0,0.0005624683846194,0.7733333333333333,higher_values_AD
pipeline_03,CC_2,AD,mean,CC_2_AD,0.0,0.0,inf,0.68,higher_values_AD
pipeline_03,CC_2,AD,mean,CC_2_AD,0.0,0.06666666666666667,0.0015435626147567,0.68,higher_values_AD
pipeline_03,CC_2,AD,mean,CC_2_AD,0.0,0.13333333333333333,0.0015195323307954,0.68,higher_values_AD
pipeline_03,CC_2,AD,mean,CC_2_AD,0.06666666666666667,0.13333333333333333,0.0015098237089738,0.68,higher_values_AD
pipeline_03,CC_2,AD,mean,CC_2_AD,0.06666666666666667,0.26666666666666666,0.0014879943833788,0.68,higher_values_AD
pipeline_03,CC_2,AD,mean,CC_2_AD,0.13333333333333333,0.26666666666666666,0.00148054346773,0.68,higher_values_AD
pipeline_03,CC_2,AD,mean,CC_2_AD,0.13333333333333333,0.5333333333333333,0.0014352189261132,0.68,higher_values_AD
pipeline_03,CC_2,AD,mean,CC_2_AD,0.4,0.5333333333333333,0.0013967878414553,0.68,higher_values_AD
pipeline_03,CC_2,AD,mean,CC_2_AD,0.4,0.6,0.0013927827654398,0.68,higher_values_AD
pipeline_03,CC_2,AD,mean,CC_2_AD,0.4666666666666667,0.6,0.0013921584436136,0.68,higher_values_AD
pipeline_03,CC_2,AD,mean,CC_2_AD,0.4666666666666667,0.7333333333333333,0.0013867098445377,0.68,higher_values_AD
pipeline_03,CC_2,AD,mean,CC_2_AD,0.6,0.7333333333333333,0.001370648760144,0.68,higher_values_AD
pipeline_03,CC_2,AD,mean,CC_2_AD,0.6,0.8,0.0013701373432397,0.68,higher_values_AD
pipeline_03,CC_2,AD,mean,CC_2_AD,0.6666666666666666,0.8,0.0013516582669008,0.68,higher_values_AD
pipeline_03,CC_2,AD,mean,CC_2_AD,0.6666666666666666,0.9333333333333333,0.0013403158364176,0.68,higher_values_AD
pipeline_03,CC_2,AD,mean,CC_2_AD,0.8666666666666667,0.9333333333333333,0.0013168712704221,0.68,higher_values_AD
pipeline_03,CC_2,AD,mean,CC_2_AD,0.8666666666666667,1.0,0.0013164653141735,0.68,higher_values_AD
pipeline_03,CC_2,AD,mean,CC_2_AD,1.0,1.0,0.0012903059960101,0.68,higher_values_AD
pipeline_03,CC_2,FA,mean,CC_2_FA,0.0,0.0,inf,0.6222222222222222,lower_values_AD
pipeline_03,CC_2,FA,mean,CC_2_FA,0.06666666666666667,0.0,-0.3523907322102549,0.6222222222222222,lower_values_AD
pipeline_03,CC_2,FA,mean,CC_2_FA,0.06666666666666667,0.2,-0.3717582206983164,0.6222222222222222,lower_values_AD
pipeline_03,CC_2,FA,mean,CC_2_FA,0.13333333333333333,0.2,-0.3824052934560437,0.6222222222222222,lower_values_AD
pipeline_03,CC_2,FA,mean,CC_2_FA,0.13333333333333333,0.26666666666666666,-0.4063547316130267,0.6222222222222222,lower_values_AD
pipeline_03,CC_2,FA,mean,CC_2_FA,0.2,0.26666666666666666,-0.4072077247001643,0.6222222222222222,lower_values_AD
pipeline_03,CC_2,FA,mean,CC_2_FA,0.2,0.4,-0.4258313711500194,0.6222222222222222,lower_values_AD
pipeline_03,CC_2,FA,mean,CC_2_FA,0.26666666666666666,0.4,-0.4258891455610175,0.6222222222222222,lower_values_AD
pipeline_03,CC_2,FA,mean,CC_2_FA,0.26666666666666666,0.4666666666666667,-0.430078767741266,0.6222222222222222,lower_values_AD
pipeline_03,CC_2,FA,mean,CC_2_FA,0.3333333333333333,0.4666666666666667,-0.4303125750282286,0.6222222222222222,lower_values_AD
pipeline_03,CC_2,FA,mean,CC_2_FA,0.3333333333333333,0.6,-0.4338463256842139,0.6222222222222222,lower_values_AD
pipeline_03,CC_2,FA,mean,CC_2_FA,0.4,0.6,-0.4361153985183981,0.6222222222222222,lower_values_AD
pipeline_03,CC_2,FA,mean,CC_2_FA,0.4,0.7333333333333333,-0.4445844687855492,0.6222222222222222,lower_values_AD
pipeline_03,CC_2,FA,mean,CC_2_FA,0.6,0.7333333333333333,-0.4539075543164746,0.6222222222222222,lower_values_AD
pipeline_03,CC_2,FA,mean,CC_2_FA,0.6,0.8,-0.4579071100399737,0.6222222222222222,lower_values_AD
pipeline_03,CC_2,FA,mean,CC_2_FA,0.8,0.8,-0.4631001913010401,0.6222222222222222,lower_values_AD
pipeline_03,CC_2,FA,mean,CC_2_FA,0.8,0.8666666666666667,-0.4648283520458439,0.6222222222222222,lower_values_AD
pipeline_03,CC_2,FA,mean,CC_2_FA,0.8666666666666667,0.8666666666666667,-0.4721208693207541,0.6222222222222222,lower_values_AD
pipeline_03,CC_2,FA,mean,CC_2_FA,0.8666666666666667,0.9333333333333333,-0.4783988937217417,0.6222222222222222,lower_values_AD
pipeline_03,CC_2,FA,mean,CC_2_FA,0.9333333333333333,0.9333333333333333,-0.4832632860241645,0.6222222222222222,lower_values_AD
pipeline_03,CC_2,FA,mean,CC_2_FA,0.9333333333333333,1.0,-0.4868666769015829,0.6222222222222222,lower_values_AD
pipeline_03,CC_2,FA,mean,CC_2_FA,1.0,1.0,-0.501391105687722,0.6222222222222222,lower_values_AD
pipeline_03,CC_2,MD,mean,CC_2_MD,0.0,0.0,inf,0.6533333333333333,higher_values_AD
pipeline_03,CC_2,MD,mean,CC_2_MD,0.0,0.06666666666666667,0.0010648966394531,0.6533333333333333,higher_values_AD
pipeline_03,CC_2,MD,mean,CC_2_MD,0.06666666666666667,0.06666666666666667,0.0010585933249352,0.6533333333333333,higher_values_AD
pipeline_03,CC_2,MD,mean,CC_2_MD,0.06666666666666667,0.13333333333333333,0.0010491606165372,0.6533333333333333,higher_values_AD
pipeline_03,CC_2,MD,mean,CC_2_MD,0.13333333333333333,0.13333333333333333,0.0010420150884165,0.6533333333333333,higher_values_AD
pipeline_03,CC_2,MD,mean,CC_2_MD,0.13333333333333333,0.4666666666666667,0.0009533054261654,0.6533333333333333,higher_values_AD
pipeline_03,CC_2,MD,mean,CC_2_MD,0.3333333333333333,0.4666666666666667,0.0009289686478389,0.6533333333333333,higher_values_AD
pipeline_03,CC_2,MD,mean,CC_2_MD,0.3333333333333333,0.5333333333333333,0.000909906441418,0.6533333333333333,higher_values_AD
pipeline_03,CC_2,MD,mean,CC_2_MD,0.4,0.5333333333333333,0.0009061484284358,0.6533333333333333,higher_values_AD
pipeline_03,CC_2,MD,mean,CC_2_MD,0.4,0.6,0.0009025245533469,0.6533333333333333,higher_values_AD
pipeline_03,CC_2,MD,mean,CC_2_MD,0.4666666666666667,0.6,0.0008964393760338,0.6533333333333333,higher_values_AD
pipeline_03,CC_2,MD,mean,CC_2_MD,0.4666666666666667,0.6666666666666666,0.0008963424785154,0.6533333333333333,higher_values_AD
pipeline_03,CC_2,MD,mean,CC_2_MD,0.5333333333333333,0.6666666666666666,0.0008833972104082,0.6533333333333333,higher_values_AD
pipeline_03,CC_2,MD,mean,CC_2_MD,0.5333333333333333,0.8,0.0008813405033084,0.6533333333333333,higher_values_AD
pipeline_03,CC_2,MD,mean,CC_2_MD,0.6,0.8,0.0008679328435782,0.6533333333333333,higher_values_AD
pipeline_03,CC_2,MD,mean,CC_2_MD,0.6,0.8666666666666667,0.0008673243756521,0.6533333333333333,higher_values_AD
pipeline_03,CC_2,MD,mean,CC_2_MD,0.8,0.8666666666666667,0.0008552290054318,0.6533333333333333,higher_values_AD
pipeline_03,CC_2,MD,mean,CC_2_MD,0.8,1.0,0.0008392400039443,0.6533333333333333,higher_values_AD
pipeline_03,CC_2,MD,mean,CC_2_MD,1.0,1.0,0.0008015944969419,0.6533333333333333,higher_values_AD
pipeline_03,CC_2,RD,mean,CC_2_RD,0.0,0.0,inf,0.6444444444444445,higher_values_AD
pipeline_03,CC_2,RD,mean,CC_2_RD,0.06666666666666667,0.0,0.0008476182535698,0.6444444444444445,higher_values_AD
pipeline_03,CC_2,RD,mean,CC_2_RD,0.06666666666666667,0.2,0.000825398124553,0.6444444444444445,higher_values_AD
pipeline_03,CC_2,RD,mean,CC_2_RD,0.13333333333333333,0.2,0.0008081107786745,0.6444444444444445,higher_values_AD
pipeline_03,CC_2,RD,mean,CC_2_RD,0.13333333333333333,0.3333333333333333,0.0007257421964686,0.6444444444444445,higher_values_AD
pipeline_03,CC_2,RD,mean,CC_2_RD,0.2,0.3333333333333333,0.0007118981073743,0.6444444444444445,higher_values_AD
pipeline_03,CC_2,RD,mean,CC_2_RD,0.2,0.4666666666666667,0.0006934029645085,0.6444444444444445,higher_values_AD
pipeline_03,CC_2,RD,mean,CC_2_RD,0.3333333333333333,0.4666666666666667,0.0006904832952084,0.6444444444444445,higher_values_AD
pipeline_03,CC_2,RD,mean,CC_2_RD,0.3333333333333333,0.5333333333333333,0.0006684682800623,0.6444444444444445,higher_values_AD
pipeline_03,CC_2,RD,mean,CC_2_RD,0.4,0.5333333333333333,0.0006663792772136,0.6444444444444445,higher_values_AD
pipeline_03,CC_2,RD,mean,CC_2_RD,0.4,0.6666666666666666,0.0006594450468614,0.6444444444444445,higher_values_AD
pipeline_03,CC_2,RD,mean,CC_2_RD,0.4666666666666667,0.6666666666666666,0.0006462651436216,0.6444444444444445,higher_values_AD
pipeline_03,CC_2,RD,mean,CC_2_RD,0.4666666666666667,0.7333333333333333,0.0006427539060906,0.6444444444444445,higher_values_AD
pipeline_03,CC_2,RD,mean,CC_2_RD,0.6,0.7333333333333333,0.00062901659405,0.6444444444444445,higher_values_AD
pipeline_03,CC_2,RD,mean,CC_2_RD,0.6,0.8,0.0006279726533983,0.6444444444444445,higher_values_AD
pipeline_03,CC_2,RD,mean,CC_2_RD,0.7333333333333333,0.8,0.0006214840752864,0.6444444444444445,higher_values_AD
pipeline_03,CC_2,RD,mean,CC_2_RD,0.7333333333333333,0.9333333333333333,0.0006057090223825,0.6444444444444445,higher_values_AD
pipeline_03,CC_2,RD,mean,CC_2_RD,0.8,0.9333333333333333,0.0006026688135986,0.6444444444444445,higher_values_AD
pipeline_03,CC_2,RD,mean,CC_2_RD,0.8,1.0,0.0005887020873412,0.6444444444444445,higher_values_AD
pipeline_03,CC_2,RD,mean,CC_2_RD,1.0,1.0,0.0005439561105556,0.6444444444444445,higher_values_AD
pipeline_03,CC_7,AD,mean,CC_7_AD,0.0,0.0,inf,0.6311111111111111,higher_values_AD
pipeline_03,CC_7,AD,mean,CC_7_AD,0.06666666666666667,0.0,0.0020294927692883,0.6311111111111111,higher_values_AD
pipeline_03,CC_7,AD,mean,CC_7_AD,0.13333333333333333,0.0,0.0018777654435168,0.6311111111111111,higher_values_AD
pipeline_03,CC_7,AD,mean,CC_7_AD,0.13333333333333333,0.13333333333333333,0.0017356282695064,0.6311111111111111,higher_values_AD
pipeline_03,CC_7,AD,mean,CC_7_AD,0.2,0.13333333333333333,0.0017289663875052,0.6311111111111111,higher_values_AD
pipeline_03,CC_7,AD,mean,CC_7_AD,0.2,0.5333333333333333,0.0017035160670486,0.6311111111111111,higher_values_AD
pipeline_03,CC_7,AD,mean,CC_7_AD,0.26666666666666666,0.5333333333333333,0.0017020266107723,0.6311111111111111,higher_values_AD
pipeline_03,CC_7,AD,mean,CC_7_AD,0.26666666666666666,0.6,0.0016985380571808,0.6311111111111111,higher_values_AD
pipeline_03,CC_7,AD,mean,CC_7_AD,0.4666666666666667,0.6,0.0016773096373837,0.6311111111111111,higher_values_AD
pipeline_03,CC_7,AD,mean,CC_7_AD,0.4666666666666667,0.7333333333333333,0.0016426484106693,0.6311111111111111,higher_values_AD
pipeline_03,CC_7,AD,mean,CC_7_AD,0.6666666666666666,0.7333333333333333,0.0016096092338351,0.6311111111111111,higher_values_AD
pipeline_03,CC_7,AD,mean,CC_7_AD,0.6666666666666666,0.9333333333333333,0.0015862867354164,0.6311111111111111,higher_values_AD
pipeline_03,CC_7,AD,mean,CC_7_AD,0.8666666666666667,0.9333333333333333,0.0015692235860544,0.6311111111111111,higher_values_AD
pipeline_03,CC_7,AD,mean,CC_7_AD,0.8666666666666667,1.0,0.0015683219737398,0.6311111111111111,higher_values_AD
pipeline_03,CC_7,AD,mean,CC_7_AD,1.0,1.0,0.0015414440362136,0.6311111111111111,higher_values_AD
pipeline_03,CC_7,FA,mean,CC_7_FA,0.0,0.0,inf,0.528888888888889,higher_values_AD
pipeline_03,CC_7,FA,mean,CC_7_FA,0.0,0.06666666666666667,0.6464957204012765,0.528888888888889,higher_values_AD
pipeline_03,CC_7,FA,mean,CC_7_FA,0.0,0.13333333333333333,0.6280392937808952,0.528888888888889,higher_values_AD
pipeline_03,CC_7,FA,mean,CC_7_FA,0.13333333333333333,0.13333333333333333,0.6048996956187872,0.528888888888889,higher_values_AD
pipeline_03,CC_7,FA,mean,CC_7_FA,0.13333333333333333,0.2,0.6040288839750233,0.528888888888889,higher_values_AD
pipeline_03,CC_7,FA,mean,CC_7_FA,0.26666666666666666,0.2,0.5989767977961763,0.528888888888889,higher_values_AD
pipeline_03,CC_7,FA,mean,CC_7_FA,0.26666666666666666,0.26666666666666666,0.5977908570970055,0.528888888888889,higher_values_AD
pipeline_03,CC_7,FA,mean,CC_7_FA,0.3333333333333333,0.26666666666666666,0.5899527416194478,0.528888888888889,higher_values_AD
pipeline_03,CC_7,FA,mean,CC_7_FA,0.3333333333333333,0.4,0.5867189221808164,0.528888888888889,higher_values_AD
pipeline_03,CC_7,FA,mean,CC_7_FA,0.4,0.4,0.5836249723513882,0.528888888888889,higher_values_AD
pipeline_03,CC_7,FA,mean,CC_7_FA,0.4,0.4666666666666667,0.5792383974998251,0.528888888888889,higher_values_AD
pipeline_03,CC_7,FA,mean,CC_7_FA,0.5333333333333333,0.4666666666666667,0.5687116765241528,0.528888888888889,higher_values_AD
pipeline_03,CC_7,FA,mean,CC_7_FA,0.5333333333333333,0.5333333333333333,0.5663300382564322,0.528888888888889,higher_values_AD
pipeline_03,CC_7,FA,mean,CC_7_FA,0.6666666666666666,0.5333333333333333,0.5609979875519397,0.528888888888889,higher_values_AD
pipeline_03,CC_7,FA,mean,CC_7_FA,0.6666666666666666,0.7333333333333333,0.5583040620593818,0.528888888888889,higher_values_AD
pipeline_03,CC_7,FA,mean,CC_7_FA,0.7333333333333333,0.7333333333333333,0.5529418260644139,0.528888888888889,higher_values_AD
pipeline_03,CC_7,FA,mean,CC_7_FA,0.7333333333333333,0.9333333333333333,0.541246432864284,0.528888888888889,higher_values_AD
pipeline_03,CC_7,FA,mean,CC_7_FA,0.8666666666666667,0.9333333333333333,0.5203940080911549,0.528888888888889,higher_values_AD
pipeline_03,CC_7,FA,mean,CC_7_FA,0.8666666666666667,1.0,0.516914689119998,0.528888888888889,higher_values_AD
pipeline_03,CC_7,FA,mean,CC_7_FA,1.0,1.0,0.5116730554846575,0.528888888888889,higher_values_AD
pipeline_03,CC_7,MD,mean,CC_7_MD,0.0,0.0,inf,0.5422222222222222,higher_values_AD
pipeline_03,CC_7,MD,mean,CC_7_MD,0.06666666666666667,0.0,0.0012563737151427,0.5422222222222222,higher_values_AD
pipeline_03,CC_7,MD,mean,CC_7_MD,0.13333333333333333,0.0,0.001199061071796,0.5422222222222222,higher_values_AD
pipeline_03,CC_7,MD,mean,CC_7_MD,0.13333333333333333,0.13333333333333333,0.0010565145631628,0.5422222222222222,higher_values_AD
pipeline_03,CC_7,MD,mean,CC_7_MD,0.2,0.13333333333333333,0.0010559181675581,0.5422222222222222,higher_values_AD
pipeline_03,CC_7,MD,mean,CC_7_MD,0.2,0.3333333333333333,0.0010295911220427,0.5422222222222222,higher_values_AD
pipeline_03,CC_7,MD,mean,CC_7_MD,0.3333333333333333,0.3333333333333333,0.0009930023499584,0.5422222222222222,higher_values_AD
pipeline_03,CC_7,MD,mean,CC_7_MD,0.3333333333333333,0.4,0.0009903890862441,0.5422222222222222,higher_values_AD
pipeline_03,CC_7,MD,mean,CC_7_MD,0.4666666666666667,0.4,0.0009772198598041,0.5422222222222222,higher_values_AD
pipeline_03,CC_7,MD,mean,CC_7_MD,0.4666666666666667,0.5333333333333333,0.0009702716107746,0.5422222222222222,higher_values_AD
pipeline_03,CC_7,MD,mean,CC_7_MD,0.5333333333333333,0.5333333333333333,0.0009667537130061,0.5422222222222222,higher_values_AD
pipeline_03,CC_7,MD,mean,CC_7_MD,0.5333333333333333,0.7333333333333333,0.0009420966451394,0.5422222222222222,higher_values_AD
pipeline_03,CC_7,MD,mean,CC_7_MD,0.6666666666666666,0.7333333333333333,0.0009295742598893,0.5422222222222222,higher_values_AD
pipeline_03,CC_7,MD,mean,CC_7_MD,0.6666666666666666,0.8,0.000929217228573,0.5422222222222222,higher_values_AD
pipeline_03,CC_7,MD,mean,CC_7_MD,0.8,0.8,0.0009213769365537,0.5422222222222222,higher_values_AD
pipeline_03,CC_7,MD,mean,CC_7_MD,0.8,0.9333333333333333,0.0009170303878536,0.5422222222222222,higher_values_AD
pipeline_03,CC_7,MD,mean,CC_7_MD,0.8666666666666667,0.9333333333333333,0.0009132864626371,0.5422222222222222,higher_values_AD
pipeline_03,CC_7,MD,mean,CC_7_MD,0.8666666666666667,1.0,0.0009048036226717,0.5422222222222222,higher_values_AD
pipeline_03,CC_7,MD,mean,CC_7_MD,1.0,1.0,0.0008677119769333,0.5422222222222222,higher_values_AD
pipeline_03,CC_7,RD,mean,CC_7_RD,0.0,0.0,inf,0.5333333333333333,higher_values_AD
pipeline_03,CC_7,RD,mean,CC_7_RD,0.06666666666666667,0.0,0.0008698141850444,0.5333333333333333,higher_values_AD
pipeline_03,CC_7,RD,mean,CC_7_RD,0.13333333333333333,0.0,0.0008597088852486,0.5333333333333333,higher_values_AD
pipeline_03,CC_7,RD,mean,CC_7_RD,0.13333333333333333,0.06666666666666667,0.0007440025512676,0.5333333333333333,higher_values_AD
pipeline_03,CC_7,RD,mean,CC_7_RD,0.2,0.06666666666666667,0.0007328639461184,0.5333333333333333,higher_values_AD
pipeline_03,CC_7,RD,mean,CC_7_RD,0.2,0.3333333333333333,0.0006807194200885,0.5333333333333333,higher_values_AD
pipeline_03,CC_7,RD,mean,CC_7_RD,0.3333333333333333,0.3333333333333333,0.0006610251737356,0.5333333333333333,higher_values_AD
pipeline_03,CC_7,RD,mean,CC_7_RD,0.3333333333333333,0.4,0.0006530067594538,0.5333333333333333,higher_values_AD
pipeline_03,CC_7,RD,mean,CC_7_RD,0.4,0.4,0.0006508487061829,0.5333333333333333,higher_values_AD
pipeline_03,CC_7,RD,mean,CC_7_RD,0.4,0.5333333333333333,0.0006289839817134,0.5333333333333333,higher_values_AD
pipeline_03,CC_7,RD,mean,CC_7_RD,0.5333333333333333,0.5333333333333333,0.0006139464307047,0.5333333333333333,higher_values_AD
pipeline_03,CC_7,RD,mean,CC_7_RD,0.5333333333333333,0.6,0.0006068899970647,0.5333333333333333,higher_values_AD
pipeline_03,CC_7,RD,mean,CC_7_RD,0.6,0.6,0.0006068240169368,0.5333333333333333,higher_values_AD
pipeline_03,CC_7,RD,mean,CC_7_RD,0.6,0.8,0.0005940926045224,0.5333333333333333,higher_values_AD
pipeline_03,CC_7,RD,mean,CC_7_RD,0.8,0.8,0.0005784080553659,0.5333333333333333,higher_values_AD
pipeline_03,CC_7,RD,mean,CC_7_RD,0.8,0.8666666666666667,0.0005781750097,0.5333333333333333,higher_values_AD
pipeline_03,CC_7,RD,mean,CC_7_RD,0.8666666666666667,0.8666666666666667,0.000562696534068,0.5333333333333333,higher_values_AD
pipeline_03,CC_7,RD,mean,CC_7_RD,0.8666666666666667,0.9333333333333333,0.0005358812270335,0.5333333333333333,higher_values_AD
pipeline_03,CC_7,RD,mean,CC_7_RD,0.9333333333333333,0.9333333333333333,0.0005308459474414,0.5333333333333333,higher_values_AD
pipeline_03,CC_7,RD,mean,CC_7_RD,0.9333333333333333,1.0,0.0005300823878101,0.5333333333333333,higher_values_AD
pipeline_03,CC_7,RD,mean,CC_7_RD,1.0,1.0,0.0005299663951032,0.5333333333333333,higher_values_AD
pipeline_03,CG_left,AD,mean,CG_left_AD,0.0,0.0,inf,0.6,lower_values_AD
pipeline_03,CG_left,AD,mean,CG_left_AD,0.0,0.06666666666666667,-0.0010900351172661,0.6,lower_values_AD
pipeline_03,CG_left,AD,mean,CG_left_AD,0.0,0.2,-0.0011102995343964,0.6,lower_values_AD
pipeline_03,CG_left,AD,mean,CG_left_AD,0.06666666666666667,0.2,-0.001112320006874,0.6,lower_values_AD
pipeline_03,CG_left,AD,mean,CG_left_AD,0.06666666666666667,0.3333333333333333,-0.0011308789688879,0.6,lower_values_AD
pipeline_03,CG_left,AD,mean,CG_left_AD,0.3333333333333333,0.3333333333333333,-0.0011590185689588,0.6,lower_values_AD
pipeline_03,CG_left,AD,mean,CG_left_AD,0.3333333333333333,0.4,-0.0011716258269444,0.6,lower_values_AD
pipeline_03,CG_left,AD,mean,CG_left_AD,0.4666666666666667,0.4,-0.0011766798463881,0.6,lower_values_AD
pipeline_03,CG_left,AD,mean,CG_left_AD,0.4666666666666667,0.4666666666666667,-0.0011868949470779,0.6,lower_values_AD
pipeline_03,CG_left,AD,mean,CG_left_AD,0.5333333333333333,0.4666666666666667,-0.0011876973619615,0.6,lower_values_AD
pipeline_03,CG_left,AD,mean,CG_left_AD,0.5333333333333333,0.6666666666666666,-0.0011925974504787,0.6,lower_values_AD
pipeline_03,CG_left,AD,mean,CG_left_AD,0.6,0.6666666666666666,-0.001193908626533,0.6,lower_values_AD
pipeline_03,CG_left,AD,mean,CG_left_AD,0.6,0.8,-0.0012130954720029,0.6,lower_values_AD
pipeline_03,CG_left,AD,mean,CG_left_AD,0.6666666666666666,0.8,-0.0012146137882206,0.6,lower_values_AD
pipeline_03,CG_left,AD,mean,CG_left_AD,0.6666666666666666,0.9333333333333333,-0.0012218141129782,0.6,lower_values_AD
pipeline_03,CG_left,AD,mean,CG_left_AD,0.9333333333333333,0.9333333333333333,-0.0012313639608313,0.6,lower_values_AD
pipeline_03,CG_left,AD,mean,CG_left_AD,0.9333333333333333,1.0,-0.0012516411893245,0.6,lower_values_AD
pipeline_03,CG_left,AD,mean,CG_left_AD,1.0,1.0,-0.00130291757322,0.6,lower_values_AD
pipeline_03,CG_left,FA,mean,CG_left_FA,0.0,0.0,inf,0.7155555555555555,lower_values_AD
pipeline_03,CG_left,FA,mean,CG_left_FA,0.06666666666666667,0.0,-0.3632081369129671,0.7155555555555555,lower_values_AD
pipeline_03,CG_left,FA,mean,CG_left_FA,0.06666666666666667,0.13333333333333333,-0.3690337652503551,0.7155555555555555,lower_values_AD
pipeline_03,CG_left,FA,mean,CG_left_FA,0.13333333333333333,0.13333333333333333,-0.3715229934759511,0.7155555555555555,lower_values_AD
pipeline_03,CG_left,FA,mean,CG_left_FA,0.13333333333333333,0.5333333333333333,-0.3958400587676062,0.7155555555555555,lower_values_AD
pipeline_03,CG_left,FA,mean,CG_left_FA,0.26666666666666666,0.5333333333333333,-0.4025628771620392,0.7155555555555555,lower_values_AD
pipeline_03,CG_left,FA,mean,CG_left_FA,0.26666666666666666,0.6,-0.406187859195505,0.7155555555555555,lower_values_AD
pipeline_03,CG_left,FA,mean,CG_left_FA,0.3333333333333333,0.6,-0.4079198361996973,0.7155555555555555,lower_values_AD
pipeline_03,CG_left,FA,mean,CG_left_FA,0.3333333333333333,0.7333333333333333,-0.4122061713898165,0.7155555555555555,lower_values_AD
pipeline_03,CG_left,FA,mean,CG_left_FA,0.5333333333333333,0.7333333333333333,-0.419803169384623,0.7155555555555555,lower_values_AD
pipeline_03,CG_left,FA,mean,CG_left_FA,0.5333333333333333,0.8666666666666667,-0.4275445806936617,0.7155555555555555,lower_values_AD
pipeline_03,CG_left,FA,mean,CG_left_FA,0.6666666666666666,0.8666666666666667,-0.4354884229454137,0.7155555555555555,lower_values_AD
pipeline_03,CG_left,FA,mean,CG_left_FA,0.6666666666666666,1.0,-0.4491342636748558,0.7155555555555555,lower_values_AD
pipeline_03,CG_left,FA,mean,CG_left_FA,1.0,1.0,-0.4738283659295225,0.7155555555555555,lower_values_AD
pipeline_03,CG_left,MD,mean,CG_left_MD,0.0,0.0,inf,0.5688888888888889,higher_values_AD
pipeline_03,CG_left,MD,mean,CG_left_MD,0.06666666666666667,0.0,0.0008639114222015,0.5688888888888889,higher_values_AD
pipeline_03,CG_left,MD,mean,CG_left_MD,0.06666666666666667,0.26666666666666666,0.000832204786004,0.5688888888888889,higher_values_AD
pipeline_03,CG_left,MD,mean,CG_left_MD,0.2,0.26666666666666666,0.0008224226920013,0.5688888888888889,higher_values_AD
pipeline_03,CG_left,MD,mean,CG_left_MD,0.2,0.4666666666666667,0.0008056162430464,0.5688888888888889,higher_values_AD
pipeline_03,CG_left,MD,mean,CG_left_MD,0.4,0.4666666666666667,0.00079508394428,0.5688888888888889,higher_values_AD
pipeline_03,CG_left,MD,mean,CG_left_MD,0.4,0.6,0.0007872323381453,0.5688888888888889,higher_values_AD
pipeline_03,CG_left,MD,mean,CG_left_MD,0.5333333333333333,0.6,0.0007830865024078,0.5688888888888889,higher_values_AD
pipeline_03,CG_left,MD,mean,CG_left_MD,0.5333333333333333,0.6666666666666666,0.0007804373510957,0.5688888888888889,higher_values_AD
pipeline_03,CG_left,MD,mean,CG_left_MD,0.8,0.6666666666666666,0.0007730092010244,0.5688888888888889,higher_values_AD
pipeline_03,CG_left,MD,mean,CG_left_MD,0.8,0.7333333333333333,0.0007703378244867,0.5688888888888889,higher_values_AD
pipeline_03,CG_left,MD,mean,CG_left_MD,0.8666666666666667,0.7333333333333333,0.0007681107444964,0.5688888888888889,higher_values_AD
pipeline_03,CG_left,MD,mean,CG_left_MD,0.8666666666666667,1.0,0.0007502364923916,0.5688888888888889,higher_values_AD
pipeline_03,CG_left,MD,mean,CG_left_MD,1.0,1.0,0.0007371695524326,0.5688888888888889,higher_values_AD
pipeline_03,CG_left,RD,mean,CG_left_RD,0.0,0.0,inf,0.68,higher_values_AD
pipeline_03,CG_left,RD,mean,CG_left_RD,0.06666666666666667,0.0,0.0006812265180369,0.68,higher_values_AD
pipeline_03,CG_left,RD,mean,CG_left_RD,0.06666666666666667,0.3333333333333333,0.0006363546108968,0.68,higher_values_AD
pipeline_03,CG_left,RD,mean,CG_left_RD,0.2,0.3333333333333333,0.0006247800610287,0.68,higher_values_AD
pipeline_03,CG_left,RD,mean,CG_left_RD,0.2,0.4666666666666667,0.0006166795069927,0.68,higher_values_AD
pipeline_03,CG_left,RD,mean,CG_left_RD,0.4,0.4666666666666667,0.0005956716032629,0.68,higher_values_AD
pipeline_03,CG_left,RD,mean,CG_left_RD,0.4,0.7333333333333333,0.0005872344654049,0.68,higher_values_AD
pipeline_03,CG_left,RD,mean,CG_left_RD,0.4666666666666667,0.7333333333333333,0.0005871086116289,0.68,higher_values_AD
pipeline_03,CG_left,RD,mean,CG_left_RD,0.4666666666666667,0.8,0.0005867158369714,0.68,higher_values_AD
pipeline_03,CG_left,RD,mean,CG_left_RD,0.5333333333333333,0.8,0.0005866020069019,0.68,higher_values_AD
pipeline_03,CG_left,RD,mean,CG_left_RD,0.5333333333333333,0.8666666666666667,0.0005826037699,0.68,higher_values_AD
pipeline_03,CG_left,RD,mean,CG_left_RD,0.7333333333333333,0.8666666666666667,0.0005638261930609,0.68,higher_values_AD
pipeline_03,CG_left,RD,mean,CG_left_RD,0.7333333333333333,1.0,0.000559915254421,0.68,higher_values_AD
pipeline_03,CG_left,RD,mean,CG_left_RD,1.0,1.0,0.0005381984194906,0.68,higher_values_AD
pipeline_03,CG_right,AD,mean,CG_right_AD,0.0,0.0,inf,0.6133333333333333,lower_values_AD
pipeline_03,CG_right,AD,mean,CG_right_AD,0.0,0.06666666666666667,-0.0010486179581189,0.6133333333333333,lower_values_AD
pipeline_03,CG_right,AD,mean,CG_right_AD,0.0,0.2,-0.0011003134127105,0.6133333333333333,lower_values_AD
pipeline_03,CG_right,AD,mean,CG_right_AD,0.2,0.2,-0.0011210232566597,0.6133333333333333,lower_values_AD
pipeline_03,CG_right,AD,mean,CG_right_AD,0.2,0.4666666666666667,-0.0011633629630919,0.6133333333333333,lower_values_AD
pipeline_03,CG_right,AD,mean,CG_right_AD,0.26666666666666666,0.4666666666666667,-0.0011663135190893,0.6133333333333333,lower_values_AD
pipeline_03,CG_right,AD,mean,CG_right_AD,0.26666666666666666,0.6666666666666666,-0.0011721929597045,0.6133333333333333,lower_values_AD
pipeline_03,CG_right,AD,mean,CG_right_AD,0.5333333333333333,0.6666666666666666,-0.0011844714327728,0.6133333333333333,lower_values_AD
pipeline_03,CG_right,AD,mean,CG_right_AD,0.5333333333333333,0.7333333333333333,-0.0011845465445811,0.6133333333333333,lower_values_AD
pipeline_03,CG_right,AD,mean,CG_right_AD,0.8,0.7333333333333333,-0.0011988358433128,0.6133333333333333,lower_values_AD
pipeline_03,CG_right,AD,mean,CG_right_AD,0.8,0.8,-0.0012067671852746,0.6133333333333333,lower_values_AD
pipeline_03,CG_right,AD,mean,CG_right_AD,0.9333333333333333,0.8,-0.0012328552036034,0.6133333333333333,lower_values_AD
pipeline_03,CG_right,AD,mean,CG_right_AD,0.9333333333333333,0.9333333333333333,-0.0012425028856864,0.6133333333333333,lower_values_AD
pipeline_03,CG_right,AD,mean,CG_right_AD,1.0,0.9333333333333333,-0.0012788097662792,0.6133333333333333,lower_values_AD
pipeline_03,CG_right,AD,mean,CG_right_AD,1.0,1.0,-0.0012811090500215,0.6133333333333333,lower_values_AD
pipeline_03,CG_right,FA,mean,CG_right_FA,0.0,0.0,inf,0.6133333333333333,lower_values_AD
pipeline_03,CG_right,FA,mean,CG_right_FA,0.0,0.06666666666666667,-0.3250179925868392,0.6133333333333333,lower_values_AD
pipeline_03,CG_right,FA,mean,CG_right_FA,0.0,0.26666666666666666,-0.3867198504586734,0.6133333333333333,lower_values_AD
pipeline_03,CG_right,FA,mean,CG_right_FA,0.3333333333333333,0.26666666666666666,-0.406227549192429,0.6133333333333333,lower_values_AD
pipeline_03,CG_right,FA,mean,CG_right_FA,0.3333333333333333,0.3333333333333333,-0.4101939014688452,0.6133333333333333,lower_values_AD
pipeline_03,CG_right,FA,mean,CG_right_FA,0.4,0.3333333333333333,-0.4145894515979607,0.6133333333333333,lower_values_AD
pipeline_03,CG_right,FA,mean,CG_right_FA,0.4,0.5333333333333333,-0.432706443866478,0.6133333333333333,lower_values_AD
pipeline_03,CG_right,FA,mean,CG_right_FA,0.4666666666666667,0.5333333333333333,-0.4330130343573876,0.6133333333333333,lower_values_AD
pipeline_03,CG_right,FA,mean,CG_right_FA,0.4666666666666667,0.6666666666666666,-0.4360402974330812,0.6133333333333333,lower_values_AD
pipeline_03,CG_right,FA,mean,CG_right_FA,0.6,0.6666666666666666,-0.4411614228940978,0.6133333333333333,lower_values_AD
pipeline_03,CG_right,FA,mean,CG_right_FA,0.6,0.7333333333333333,-0.4420476417098069,0.6133333333333333,lower_values_AD
pipeline_03,CG_right,FA,mean,CG_right_FA,0.6666666666666666,0.7333333333333333,-0.442063672296356,0.6133333333333333,lower_values_AD
pipeline_03,CG_right,FA,mean,CG_right_FA,0.6666666666666666,0.9333333333333333,-0.4524573891478205,0.6133333333333333,lower_values_AD
pipeline_03,CG_right,FA,mean,CG_right_FA,0.7333333333333333,0.9333333333333333,-0.4601969932793844,0.6133333333333333,lower_values_AD
pipeline_03,CG_right,FA,mean,CG_right_FA,0.7333333333333333,1.0,-0.4612021607133404,0.6133333333333333,lower_values_AD
pipeline_03,CG_right,FA,mean,CG_right_FA,1.0,1.0,-0.4874807408572666,0.6133333333333333,lower_values_AD
pipeline_03,CG_right,MD,mean,CG_right_MD,0.0,0.0,inf,0.5911111111111111,higher_values_AD
pipeline_03,CG_right,MD,mean,CG_right_MD,0.0,0.06666666666666667,0.0008527810050216,0.5911111111111111,higher_values_AD
pipeline_03,CG_right,MD,mean,CG_right_MD,0.0,0.13333333333333333,0.0008334606796538,0.5911111111111111,higher_values_AD
pipeline_03,CG_right,MD,mean,CG_right_MD,0.06666666666666667,0.13333333333333333,0.0008288268331097,0.5911111111111111,higher_values_AD
pipeline_03,CG_right,MD,mean,CG_right_MD,0.06666666666666667,0.3333333333333333,0.0008200637740597,0.5911111111111111,higher_values_AD
pipeline_03,CG_right,MD,mean,CG_right_MD,0.26666666666666666,0.3333333333333333,0.000808975671679,0.5911111111111111,higher_values_AD
pipeline_03,CG_right,MD,mean,CG_right_MD,0.26666666666666666,0.4666666666666667,0.0007969760623318,0.5911111111111111,higher_values_AD
pipeline_03,CG_right,MD,mean,CG_right_MD,0.4,0.4666666666666667,0.0007873058545993,0.5911111111111111,higher_values_AD
pipeline_03,CG_right,MD,mean,CG_right_MD,0.4,0.5333333333333333,0.0007812938985896,0.5911111111111111,higher_values_AD
pipeline_03,CG_right,MD,mean,CG_right_MD,0.5333333333333333,0.5333333333333333,0.0007749491848353,0.5911111111111111,higher_values_AD
pipeline_03,CG_right,MD,mean,CG_right_MD,0.5333333333333333,0.7333333333333333,0.0007689418502128,0.5911111111111111,higher_values_AD
pipeline_03,CG_right,MD,mean,CG_right_MD,0.6666666666666666,0.7333333333333333,0.0007621349193372,0.5911111111111111,higher_values_AD
pipeline_03,CG_right,MD,mean,CG_right_MD,0.6666666666666666,0.8,0.0007593639478051,0.5911111111111111,higher_values_AD
pipeline_03,CG_right,MD,mean,CG_right_MD,0.8666666666666667,0.8,0.0007464815284018,0.5911111111111111,higher_values_AD
pipeline_03,CG_right,MD,mean,CG_right_MD,0.8666666666666667,0.9333333333333333,0.0007385883262282,0.5911111111111111,higher_values_AD
pipeline_03,CG_right,MD,mean,CG_right_MD,1.0,0.9333333333333333,0.0007366722095627,0.5911111111111111,higher_values_AD
pipeline_03,CG_right,MD,mean,CG_right_MD,1.0,1.0,0.0007234739119053,0.5911111111111111,higher_values_AD
pipeline_03,CG_right,RD,mean,CG_right_RD,0.0,0.0,inf,0.6355555555555555,higher_values_AD
pipeline_03,CG_right,RD,mean,CG_right_RD,0.0,0.06666666666666667,0.0007054357185839,0.6355555555555555,higher_values_AD
pipeline_03,CG_right,RD,mean,CG_right_RD,0.0,0.2,0.0006461828096368,0.6355555555555555,higher_values_AD
pipeline_03,CG_right,RD,mean,CG_right_RD,0.2,0.2,0.0006190239065732,0.6355555555555555,higher_values_AD
pipeline_03,CG_right,RD,mean,CG_right_RD,0.2,0.4666666666666667,0.0006012532444562,0.6355555555555555,higher_values_AD
pipeline_03,CG_right,RD,mean,CG_right_RD,0.4666666666666667,0.4666666666666667,0.0005809522820932,0.6355555555555555,higher_values_AD
pipeline_03,CG_right,RD,mean,CG_right_RD,0.4666666666666667,0.7333333333333333,0.0005757504944067,0.6355555555555555,higher_values_AD
pipeline_03,CG_right,RD,mean,CG_right_RD,0.5333333333333333,0.7333333333333333,0.0005753974875107,0.6355555555555555,higher_values_AD
pipeline_03,CG_right,RD,mean,CG_right_RD,0.5333333333333333,0.8,0.0005737518339606,0.6355555555555555,higher_values_AD
pipeline_03,CG_right,RD,mean,CG_right_RD,0.6666666666666666,0.8,0.0005643804386563,0.6355555555555555,higher_values_AD
pipeline_03,CG_right,RD,mean,CG_right_RD,0.6666666666666666,0.8666666666666667,0.0005614954835627,0.6355555555555555,higher_values_AD
pipeline_03,CG_right,RD,mean,CG_right_RD,0.8,0.8666666666666667,0.0005444966843473,0.6355555555555555,higher_values_AD
pipeline_03,CG_right,RD,mean,CG_right_RD,0.8,1.0,0.0005379052750155,0.6355555555555555,higher_values_AD
pipeline_03,CG_right,RD,mean,CG_right_RD,1.0,1.0,0.000517833030823,0.6355555555555555,higher_values_AD
pipeline_03,IFO_left,AD,mean,IFO_left_AD,0.0,0.0,inf,0.5511111111111111,higher_values_AD
pipeline_03,IFO_left,AD,mean,IFO_left_AD,0.06666666666666667,0.0,0.0015714115104263,0.5511111111111111,higher_values_AD
pipeline_03,IFO_left,AD,mean,IFO_left_AD,0.06666666666666667,0.06666666666666667,0.0015196431228654,0.5511111111111111,higher_values_AD
pipeline_03,IFO_left,AD,mean,IFO_left_AD,0.13333333333333333,0.06666666666666667,0.0014985392088901,0.5511111111111111,higher_values_AD
pipeline_03,IFO_left,AD,mean,IFO_left_AD,0.13333333333333333,0.2,0.0014383076144515,0.5511111111111111,higher_values_AD
pipeline_03,IFO_left,AD,mean,IFO_left_AD,0.3333333333333333,0.2,0.0014188091562056,0.5511111111111111,higher_values_AD
pipeline_03,IFO_left,AD,mean,IFO_left_AD,0.3333333333333333,0.3333333333333333,0.0013930648282551,0.5511111111111111,higher_values_AD
pipeline_03,IFO_left,AD,mean,IFO_left_AD,0.4,0.3333333333333333,0.0013890402978072,0.5511111111111111,higher_values_AD
pipeline_03,IFO_left,AD,mean,IFO_left_AD,0.4,0.4666666666666667,0.0013725689637619,0.5511111111111111,higher_values_AD
pipeline_03,IFO_left,AD,mean,IFO_left_AD,0.5333333333333333,0.4666666666666667,0.0013571345908597,0.5511111111111111,higher_values_AD
pipeline_03,IFO_left,AD,mean,IFO_left_AD,0.5333333333333333,0.6,0.0013483372149204,0.5511111111111111,higher_values_AD
pipeline_03,IFO_left,AD,mean,IFO_left_AD,0.6,0.6,0.0013482168219188,0.5511111111111111,higher_values_AD
pipeline_03,IFO_left,AD,mean,IFO_left_AD,0.6,0.9333333333333333,0.0013164954227791,0.5511111111111111,higher_values_AD
pipeline_03,IFO_left,AD,mean,IFO_left_AD,0.8666666666666667,0.9333333333333333,0.0013042022816827,0.5511111111111111,higher_values_AD
pipeline_03,IFO_left,AD,mean,IFO_left_AD,0.8666666666666667,1.0,0.0013020694976722,0.5511111111111111,higher_values_AD
pipeline_03,IFO_left,AD,mean,IFO_left_AD,1.0,1.0,0.0012822991001805,0.5511111111111111,higher_values_AD
pipeline_03,IFO_left,FA,mean,IFO_left_FA,0.0,0.0,inf,0.6044444444444445,lower_values_AD
pipeline_03,IFO_left,FA,mean,IFO_left_FA,0.0,0.06666666666666667,-0.4008408932529748,0.6044444444444445,lower_values_AD
pipeline_03,IFO_left,FA,mean,IFO_left_FA,0.06666666666666667,0.06666666666666667,-0.4019275421791948,0.6044444444444445,lower_values_AD
pipeline_03,IFO_left,FA,mean,IFO_left_FA,0.06666666666666667,0.13333333333333333,-0.4227101740563824,0.6044444444444445,lower_values_AD
pipeline_03,IFO_left,FA,mean,IFO_left_FA,0.13333333333333333,0.13333333333333333,-0.4282538244614096,0.6044444444444445,lower_values_AD
pipeline_03,IFO_left,FA,mean,IFO_left_FA,0.13333333333333333,0.4666666666666667,-0.4488147452675583,0.6044444444444445,lower_values_AD
pipeline_03,IFO_left,FA,mean,IFO_left_FA,0.2,0.4666666666666667,-0.4526335430161535,0.6044444444444445,lower_values_AD
pipeline_03,IFO_left,FA,mean,IFO_left_FA,0.2,0.5333333333333333,-0.4570540867537276,0.6044444444444445,lower_values_AD
pipeline_03,IFO_left,FA,mean,IFO_left_FA,0.5333333333333333,0.5333333333333333,-0.4662994223678,0.6044444444444445,lower_values_AD
pipeline_03,IFO_left,FA,mean,IFO_left_FA,0.5333333333333333,0.6,-0.4695666801292816,0.6044444444444445,lower_values_AD
pipeline_03,IFO_left,FA,mean,IFO_left_FA,0.6666666666666666,0.6,-0.4742789683133395,0.6044444444444445,lower_values_AD
pipeline_03,IFO_left,FA,mean,IFO_left_FA,0.6666666666666666,0.8666666666666667,-0.4783026840262895,0.6044444444444445,lower_values_AD
pipeline_03,IFO_left,FA,mean,IFO_left_FA,0.8,0.8666666666666667,-0.4859690843984457,0.6044444444444445,lower_values_AD
pipeline_03,IFO_left,FA,mean,IFO_left_FA,0.8,0.9333333333333333,-0.4924616948800315,0.6044444444444445,lower_values_AD
pipeline_03,IFO_left,FA,mean,IFO_left_FA,1.0,0.9333333333333333,-0.5095731573935813,0.6044444444444445,lower_values_AD
pipeline_03,IFO_left,FA,mean,IFO_left_FA,1.0,1.0,-0.5143077055070044,0.6044444444444445,lower_values_AD
pipeline_03,IFO_left,MD,mean,IFO_left_MD,0.0,0.0,inf,0.6,higher_values_AD
pipeline_03,IFO_left,MD,mean,IFO_left_MD,0.06666666666666667,0.0,0.0010928959824805,0.6,higher_values_AD
pipeline_03,IFO_left,MD,mean,IFO_left_MD,0.06666666666666667,0.06666666666666667,0.0010426018004253,0.6,higher_values_AD
pipeline_03,IFO_left,MD,mean,IFO_left_MD,0.13333333333333333,0.06666666666666667,0.0010083570214887,0.6,higher_values_AD
pipeline_03,IFO_left,MD,mean,IFO_left_MD,0.13333333333333333,0.2,0.0009794854249675,0.6,higher_values_AD
pipeline_03,IFO_left,MD,mean,IFO_left_MD,0.26666666666666666,0.2,0.0009334163814449,0.6,higher_values_AD
pipeline_03,IFO_left,MD,mean,IFO_left_MD,0.26666666666666666,0.26666666666666666,0.000931283247931,0.6,higher_values_AD
pipeline_03,IFO_left,MD,mean,IFO_left_MD,0.3333333333333333,0.26666666666666666,0.0009204382506801,0.6,higher_values_AD
pipeline_03,IFO_left,MD,mean,IFO_left_MD,0.3333333333333333,0.4,0.0009139396204953,0.6,higher_values_AD
pipeline_03,IFO_left,MD,mean,IFO_left_MD,0.4,0.4,0.0008907283564294,0.6,higher_values_AD
pipeline_03,IFO_left,MD,mean,IFO_left_MD,0.4,0.6666666666666666,0.0008748640422306,0.6,higher_values_AD
pipeline_03,IFO_left,MD,mean,IFO_left_MD,0.4666666666666667,0.6666666666666666,0.0008713719618479,0.6,higher_values_AD
pipeline_03,IFO_left,MD,mean,IFO_left_MD,0.4666666666666667,0.8,0.0008681655960932,0.6,higher_values_AD
pipeline_03,IFO_left,MD,mean,IFO_left_MD,0.6,0.8,0.0008598538092887,0.6,higher_values_AD
pipeline_03,IFO_left,MD,mean,IFO_left_MD,0.6,0.8666666666666667,0.0008591023562364,0.6,higher_values_AD
pipeline_03,IFO_left,MD,mean,IFO_left_MD,0.8,0.8666666666666667,0.0008449477611441,0.6,higher_values_AD
pipeline_03,IFO_left,MD,mean,IFO_left_MD,0.8,1.0,0.0008269560720416,0.6,higher_values_AD
pipeline_03,IFO_left,MD,mean,IFO_left_MD,1.0,1.0,0.0007973837595621,0.6,higher_values_AD
pipeline_03,IFO_left,RD,mean,IFO_left_RD,0.0,0.0,inf,0.6444444444444444,higher_values_AD
pipeline_03,IFO_left,RD,mean,IFO_left_RD,0.06666666666666667,0.0,0.0008536382174804,0.6444444444444444,higher_values_AD
pipeline_03,IFO_left,RD,mean,IFO_left_RD,0.06666666666666667,0.2,0.0007725735505316,0.6444444444444444,higher_values_AD
pipeline_03,IFO_left,RD,mean,IFO_left_RD,0.2,0.2,0.0007011928040859,0.6444444444444444,higher_values_AD
pipeline_03,IFO_left,RD,mean,IFO_left_RD,0.2,0.26666666666666666,0.0006861878413612,0.6444444444444444,higher_values_AD
pipeline_03,IFO_left,RD,mean,IFO_left_RD,0.26666666666666666,0.26666666666666666,0.0006839449826869,0.6444444444444444,higher_values_AD
pipeline_03,IFO_left,RD,mean,IFO_left_RD,0.26666666666666666,0.3333333333333333,0.0006777710634509,0.6444444444444444,higher_values_AD
pipeline_03,IFO_left,RD,mean,IFO_left_RD,0.3333333333333333,0.3333333333333333,0.0006712527982401,0.6444444444444444,higher_values_AD
pipeline_03,IFO_left,RD,mean,IFO_left_RD,0.3333333333333333,0.6,0.0006440006840063,0.6444444444444444,higher_values_AD
pipeline_03,IFO_left,RD,mean,IFO_left_RD,0.4,0.6,0.0006415723858714,0.6444444444444444,higher_values_AD
pipeline_03,IFO_left,RD,mean,IFO_left_RD,0.4,0.8,0.000632587268712,0.6444444444444444,higher_values_AD
pipeline_03,IFO_left,RD,mean,IFO_left_RD,0.5333333333333333,0.8,0.0006259306635708,0.6444444444444444,higher_values_AD
pipeline_03,IFO_left,RD,mean,IFO_left_RD,0.5333333333333333,0.8666666666666667,0.0006170085874604,0.6444444444444444,higher_values_AD
pipeline_03,IFO_left,RD,mean,IFO_left_RD,0.8,0.8666666666666667,0.0006109463551193,0.6444444444444444,higher_values_AD
pipeline_03,IFO_left,RD,mean,IFO_left_RD,0.8,1.0,0.0005799606700599,0.6444444444444444,higher_values_AD
pipeline_03,IFO_left,RD,mean,IFO_left_RD,1.0,1.0,0.0005450629651278,0.6444444444444444,higher_values_AD
pipeline_03,IFO_right,AD,mean,IFO_right_AD,0.0,0.0,inf,0.5066666666666667,higher_values_AD
pipeline_03,IFO_right,AD,mean,IFO_right_AD,0.0,0.06666666666666667,0.0014699559964228,0.5066666666666667,higher_values_AD
pipeline_03,IFO_right,AD,mean,IFO_right_AD,0.13333333333333333,0.06666666666666667,0.0014426109351639,0.5066666666666667,higher_values_AD
pipeline_03,IFO_right,AD,mean,IFO_right_AD,0.13333333333333333,0.13333333333333333,0.0014379985315553,0.5066666666666667,higher_values_AD
pipeline_03,IFO_right,AD,mean,IFO_right_AD,0.2,0.13333333333333333,0.0014279723695088,0.5066666666666667,higher_values_AD
pipeline_03,IFO_right,AD,mean,IFO_right_AD,0.2,0.2,0.001427202616053,0.5066666666666667,higher_values_AD
pipeline_03,IFO_right,AD,mean,IFO_right_AD,0.26666666666666666,0.2,0.0014183963340031,0.5066666666666667,higher_values_AD
pipeline_03,IFO_right,AD,mean,IFO_right_AD,0.26666666666666666,0.26666666666666666,0.0014021035417327,0.5066666666666667,higher_values_AD
pipeline_03,IFO_right,AD,mean,IFO_right_AD,0.3333333333333333,0.26666666666666666,0.0013946743071081,0.5066666666666667,higher_values_AD
pipeline_03,IFO_right,AD,mean,IFO_right_AD,0.3333333333333333,0.3333333333333333,0.0013920531987822,0.5066666666666667,higher_values_AD
pipeline_03,IFO_right,AD,mean,IFO_right_AD,0.4666666666666667,0.3333333333333333,0.0013697555516269,0.5066666666666667,higher_values_AD
pipeline_03,IFO_right,AD,mean,IFO_right_AD,0.4666666666666667,0.4666666666666667,0.0013399983413272,0.5066666666666667,higher_values_AD
pipeline_03,IFO_right,AD,mean,IFO_right_AD,0.5333333333333333,0.4666666666666667,0.0013394397916341,0.5066666666666667,higher_values_AD
pipeline_03,IFO_right,AD,mean,IFO_right_AD,0.5333333333333333,0.6666666666666666,0.0013261719448305,0.5066666666666667,higher_values_AD
pipeline_03,IFO_right,AD,mean,IFO_right_AD,0.6,0.6666666666666666,0.0013219529365334,0.5066666666666667,higher_values_AD
pipeline_03,IFO_right,AD,mean,IFO_right_AD,0.6,0.7333333333333333,0.001319610600627,0.5066666666666667,higher_values_AD
pipeline_03,IFO_right,AD,mean,IFO_right_AD,0.6666666666666666,0.7333333333333333,0.0013142378320131,0.5066666666666667,higher_values_AD
pipeline_03,IFO_right,AD,mean,IFO_right_AD,0.6666666666666666,0.8,0.0013141745916937,0.5066666666666667,higher_values_AD
pipeline_03,IFO_right,AD,mean,IFO_right_AD,0.7333333333333333,0.8,0.0013097335908449,0.5066666666666667,higher_values_AD
pipeline_03,IFO_right,AD,mean,IFO_right_AD,0.7333333333333333,0.8666666666666667,0.0013049297208399,0.5066666666666667,higher_values_AD
pipeline_03,IFO_right,AD,mean,IFO_right_AD,0.9333333333333333,0.8666666666666667,0.0012811489060999,0.5066666666666667,higher_values_AD
pipeline_03,IFO_right,AD,mean,IFO_right_AD,0.9333333333333333,0.9333333333333333,0.0012674457509004,0.5066666666666667,higher_values_AD
pipeline_03,IFO_right,AD,mean,IFO_right_AD,1.0,0.9333333333333333,0.0012628465628892,0.5066666666666667,higher_values_AD
pipeline_03,IFO_right,AD,mean,IFO_right_AD,1.0,1.0,0.0012430294662228,0.5066666666666667,higher_values_AD
pipeline_03,IFO_right,FA,mean,IFO_right_FA,0.0,0.0,inf,0.5288888888888889,lower_values_AD
pipeline_03,IFO_right,FA,mean,IFO_right_FA,0.06666666666666667,0.0,-0.3899314334575729,0.5288888888888889,lower_values_AD
pipeline_03,IFO_right,FA,mean,IFO_right_FA,0.06666666666666667,0.06666666666666667,-0.3999133039816802,0.5288888888888889,lower_values_AD
pipeline_03,IFO_right,FA,mean,IFO_right_FA,0.13333333333333333,0.06666666666666667,-0.416336031243843,0.5288888888888889,lower_values_AD
pipeline_03,IFO_right,FA,mean,IFO_right_FA,0.13333333333333333,0.26666666666666666,-0.4342193127072771,0.5288888888888889,lower_values_AD
pipeline_03,IFO_right,FA,mean,IFO_right_FA,0.4,0.26666666666666666,-0.4418612628663688,0.5288888888888889,lower_values_AD
pipeline_03,IFO_right,FA,mean,IFO_right_FA,0.4,0.6,-0.4486320369127289,0.5288888888888889,lower_values_AD
pipeline_03,IFO_right,FA,mean,IFO_right_FA,0.4666666666666667,0.6,-0.4491126764763464,0.5288888888888889,lower_values_AD
pipeline_03,IFO_right,FA,mean,IFO_right_FA,0.4666666666666667,0.6666666666666666,-0.4541987730082731,0.5288888888888889,lower_values_AD
pipeline_03,IFO_right,FA,mean,IFO_right_FA,0.6666666666666666,0.6666666666666666,-0.4655115337997997,0.5288888888888889,lower_values_AD
pipeline_03,IFO_right,FA,mean,IFO_right_FA,0.6666666666666666,0.8,-0.4705222439061743,0.5288888888888889,lower_values_AD
pipeline_03,IFO_right,FA,mean,IFO_right_FA,0.8,0.8,-0.4753702121475027,0.5288888888888889,lower_values_AD
pipeline_03,IFO_right,FA,mean,IFO_right_FA,0.8,0.8666666666666667,-0.4783296611868344,0.5288888888888889,lower_values_AD
pipeline_03,IFO_right,FA,mean,IFO_right_FA,1.0,0.8666666666666667,-0.4866121042671276,0.5288888888888889,lower_values_AD
pipeline_03,IFO_right,FA,mean,IFO_right_FA,1.0,1.0,-0.5018963329009544,0.5288888888888889,lower_values_AD
pipeline_03,IFO_right,MD,mean,IFO_right_MD,0.0,0.0,inf,0.5066666666666666,higher_values_AD
pipeline_03,IFO_right,MD,mean,IFO_right_MD,0.06666666666666667,0.0,0.001002942395398,0.5066666666666666,higher_values_AD
pipeline_03,IFO_right,MD,mean,IFO_right_MD,0.13333333333333333,0.0,0.0009911537913492,0.5066666666666666,higher_values_AD
pipeline_03,IFO_right,MD,mean,IFO_right_MD,0.13333333333333333,0.13333333333333333,0.0009674748931026,0.5066666666666666,higher_values_AD
pipeline_03,IFO_right,MD,mean,IFO_right_MD,0.2,0.13333333333333333,0.0009590853193763,0.5066666666666666,higher_values_AD
pipeline_03,IFO_right,MD,mean,IFO_right_MD,0.2,0.26666666666666666,0.0009393752253697,0.5066666666666666,higher_values_AD
pipeline_03,IFO_right,MD,mean,IFO_right_MD,0.26666666666666666,0.26666666666666666,0.0009255038272146,0.5066666666666666,higher_values_AD
pipeline_03,IFO_right,MD,mean,IFO_right_MD,0.26666666666666666,0.3333333333333333,0.0009254811717553,0.5066666666666666,higher_values_AD
pipeline_03,IFO_right,MD,mean,IFO_right_MD,0.4,0.3333333333333333,0.0009017370872164,0.5066666666666666,higher_values_AD
pipeline_03,IFO_right,MD,mean,IFO_right_MD,0.4,0.4666666666666667,0.0008943013373391,0.5066666666666666,higher_values_AD
pipeline_03,IFO_right,MD,mean,IFO_right_MD,0.4666666666666667,0.4666666666666667,0.000893015184649,0.5066666666666666,higher_values_AD
pipeline_03,IFO_right,MD,mean,IFO_right_MD,0.4666666666666667,0.6,0.0008825979117785,0.5066666666666666,higher_values_AD
pipeline_03,IFO_right,MD,mean,IFO_right_MD,0.6,0.6,0.0008589131406166,0.5066666666666666,higher_values_AD
pipeline_03,IFO_right,MD,mean,IFO_right_MD,0.6,0.6666666666666666,0.0008493969944618,0.5066666666666666,higher_values_AD
pipeline_03,IFO_right,MD,mean,IFO_right_MD,0.6666666666666666,0.6666666666666666,0.0008470904795516,0.5066666666666666,higher_values_AD
pipeline_03,IFO_right,MD,mean,IFO_right_MD,0.6666666666666666,0.7333333333333333,0.0008462995997783,0.5066666666666666,higher_values_AD
pipeline_03,IFO_right,MD,mean,IFO_right_MD,0.7333333333333333,0.7333333333333333,0.0008450035926742,0.5066666666666666,higher_values_AD
pipeline_03,IFO_right,MD,mean,IFO_right_MD,0.7333333333333333,0.8,0.0008410343832617,0.5066666666666666,higher_values_AD
pipeline_03,IFO_right,MD,mean,IFO_right_MD,0.8,0.8,0.0008373306054126,0.5066666666666666,higher_values_AD
pipeline_03,IFO_right,MD,mean,IFO_right_MD,0.8,0.8666666666666667,0.0008193210755229,0.5066666666666666,higher_values_AD
pipeline_03,IFO_right,MD,mean,IFO_right_MD,0.9333333333333333,0.8666666666666667,0.0008145156619079,0.5066666666666666,higher_values_AD
pipeline_03,IFO_right,MD,mean,IFO_right_MD,0.9333333333333333,0.9333333333333333,0.0008104081049348,0.5066666666666666,higher_values_AD
pipeline_03,IFO_right,MD,mean,IFO_right_MD,1.0,0.9333333333333333,0.0007966074362541,0.5066666666666666,higher_values_AD
pipeline_03,IFO_right,MD,mean,IFO_right_MD,1.0,1.0,0.0007858239971026,0.5066666666666666,higher_values_AD
pipeline_03,IFO_right,RD,mean,IFO_right_RD,0.0,0.0,inf,0.52,higher_values_AD
pipeline_03,IFO_right,RD,mean,IFO_right_RD,0.06666666666666667,0.0,0.0007831081272347,0.52,higher_values_AD
pipeline_03,IFO_right,RD,mean,IFO_right_RD,0.13333333333333333,0.0,0.000759648356738,0.52,higher_values_AD
pipeline_03,IFO_right,RD,mean,IFO_right_RD,0.13333333333333333,0.13333333333333333,0.000743934110088,0.52,higher_values_AD
pipeline_03,IFO_right,RD,mean,IFO_right_RD,0.2,0.13333333333333333,0.0007246417943254,0.52,higher_values_AD
pipeline_03,IFO_right,RD,mean,IFO_right_RD,0.2,0.3333333333333333,0.0006871699862349,0.52,higher_values_AD
pipeline_03,IFO_right,RD,mean,IFO_right_RD,0.3333333333333333,0.3333333333333333,0.000679057573305,0.52,higher_values_AD
pipeline_03,IFO_right,RD,mean,IFO_right_RD,0.3333333333333333,0.4666666666666667,0.0006705052917144,0.52,higher_values_AD
pipeline_03,IFO_right,RD,mean,IFO_right_RD,0.4,0.4666666666666667,0.0006677278545045,0.52,higher_values_AD
pipeline_03,IFO_right,RD,mean,IFO_right_RD,0.4,0.6,0.0006582930836399,0.52,higher_values_AD
pipeline_03,IFO_right,RD,mean,IFO_right_RD,0.7333333333333333,0.6,0.0006096592519533,0.52,higher_values_AD
pipeline_03,IFO_right,RD,mean,IFO_right_RD,0.7333333333333333,0.8,0.0006044188416638,0.52,higher_values_AD
pipeline_03,IFO_right,RD,mean,IFO_right_RD,0.8,0.8,0.0005988769919053,0.52,higher_values_AD
pipeline_03,IFO_right,RD,mean,IFO_right_RD,0.8,0.8666666666666667,0.0005940974258631,0.52,higher_values_AD
pipeline_03,IFO_right,RD,mean,IFO_right_RD,0.8666666666666667,0.8666666666666667,0.000588086498658,0.52,higher_values_AD
pipeline_03,IFO_right,RD,mean,IFO_right_RD,0.8666666666666667,0.9333333333333333,0.0005718943183092,0.52,higher_values_AD
pipeline_03,IFO_right,RD,mean,IFO_right_RD,1.0,0.9333333333333333,0.0005634878722435,0.52,higher_values_AD
pipeline_03,IFO_right,RD,mean,IFO_right_RD,1.0,1.0,0.0005450131202279,0.52,higher_values_AD
pipeline_03,ILF_left,AD,mean,ILF_left_AD,0.0,0.0,inf,0.7022222222222222,higher_values_AD
pipeline_03,ILF_left,AD,mean,ILF_left_AD,0.0,0.06666666666666667,0.0016946700032289,0.7022222222222222,higher_values_AD
pipeline_03,ILF_left,AD,mean,ILF_left_AD,0.0,0.13333333333333333,0.001677405758555,0.7022222222222222,higher_values_AD
pipeline_03,ILF_left,AD,mean,ILF_left_AD,0.06666666666666667,0.13333333333333333,0.0016087875273191,0.7022222222222222,higher_values_AD
pipeline_03,ILF_left,AD,mean,ILF_left_AD,0.06666666666666667,0.2,0.0015478284967159,0.7022222222222222,higher_values_AD
pipeline_03,ILF_left,AD,mean,ILF_left_AD,0.13333333333333333,0.2,0.0015326716260129,0.7022222222222222,higher_values_AD
pipeline_03,ILF_left,AD,mean,ILF_left_AD,0.13333333333333333,0.5333333333333333,0.0014569647327299,0.7022222222222222,higher_values_AD
pipeline_03,ILF_left,AD,mean,ILF_left_AD,0.26666666666666666,0.5333333333333333,0.0014434844387603,0.7022222222222222,higher_values_AD
pipeline_03,ILF_left,AD,mean,ILF_left_AD,0.26666666666666666,0.6,0.001442687689194,0.7022222222222222,higher_values_AD
pipeline_03,ILF_left,AD,mean,ILF_left_AD,0.3333333333333333,0.6,0.0014124870485174,0.7022222222222222,higher_values_AD
pipeline_03,ILF_left,AD,mean,ILF_left_AD,0.3333333333333333,0.6666666666666666,0.0014012461985901,0.7022222222222222,higher_values_AD
pipeline_03,ILF_left,AD,mean,ILF_left_AD,0.4,0.6666666666666666,0.0013991565141907,0.7022222222222222,higher_values_AD
pipeline_03,ILF_left,AD,mean,ILF_left_AD,0.4,0.8,0.0013682769084898,0.7022222222222222,higher_values_AD
pipeline_03,ILF_left,AD,mean,ILF_left_AD,0.7333333333333333,0.8,0.0013155354846837,0.7022222222222222,higher_values_AD
pipeline_03,ILF_left,AD,mean,ILF_left_AD,0.7333333333333333,0.9333333333333333,0.001309368684163,0.7022222222222222,higher_values_AD
pipeline_03,ILF_left,AD,mean,ILF_left_AD,0.8666666666666667,0.9333333333333333,0.0012856609002136,0.7022222222222222,higher_values_AD
pipeline_03,ILF_left,AD,mean,ILF_left_AD,0.8666666666666667,1.0,0.0012838296708744,0.7022222222222222,higher_values_AD
pipeline_03,ILF_left,AD,mean,ILF_left_AD,1.0,1.0,0.001259844698115,0.7022222222222222,higher_values_AD
pipeline_03,ILF_left,FA,mean,ILF_left_FA,0.0,0.0,inf,0.6711111111111111,lower_values_AD
pipeline_03,ILF_left,FA,mean,ILF_left_FA,0.0,0.06666666666666667,-0.3777247212288365,0.6711111111111111,lower_values_AD
pipeline_03,ILF_left,FA,mean,ILF_left_FA,0.06666666666666667,0.06666666666666667,-0.3778507053937974,0.6711111111111111,lower_values_AD
pipeline_03,ILF_left,FA,mean,ILF_left_FA,0.06666666666666667,0.26666666666666666,-0.3878260233885274,0.6711111111111111,lower_values_AD
pipeline_03,ILF_left,FA,mean,ILF_left_FA,0.13333333333333333,0.26666666666666666,-0.393506261506664,0.6711111111111111,lower_values_AD
pipeline_03,ILF_left,FA,mean,ILF_left_FA,0.13333333333333333,0.4,-0.4221918530181358,0.6711111111111111,lower_values_AD
pipeline_03,ILF_left,FA,mean,ILF_left_FA,0.2,0.4,-0.4304794857484942,0.6711111111111111,lower_values_AD
pipeline_03,ILF_left,FA,mean,ILF_left_FA,0.2,0.4666666666666667,-0.4316518785814665,0.6711111111111111,lower_values_AD
pipeline_03,ILF_left,FA,mean,ILF_left_FA,0.26666666666666666,0.4666666666666667,-0.434442456943624,0.6711111111111111,lower_values_AD
pipeline_03,ILF_left,FA,mean,ILF_left_FA,0.26666666666666666,0.6,-0.4358145877981668,0.6711111111111111,lower_values_AD
pipeline_03,ILF_left,FA,mean,ILF_left_FA,0.4,0.6,-0.4429605089988366,0.6711111111111111,lower_values_AD
pipeline_03,ILF_left,FA,mean,ILF_left_FA,0.4,0.7333333333333333,-0.4475475049995657,0.6711111111111111,lower_values_AD
pipeline_03,ILF_left,FA,mean,ILF_left_FA,0.4666666666666667,0.7333333333333333,-0.4487121113311285,0.6711111111111111,lower_values_AD
pipeline_03,ILF_left,FA,mean,ILF_left_FA,0.4666666666666667,0.8,-0.4610442206288913,0.6711111111111111,lower_values_AD
pipeline_03,ILF_left,FA,mean,ILF_left_FA,0.7333333333333333,0.8,-0.472392619734177,0.6711111111111111,lower_values_AD
pipeline_03,ILF_left,FA,mean,ILF_left_FA,0.7333333333333333,0.8666666666666667,-0.479563568292744,0.6711111111111111,lower_values_AD
pipeline_03,ILF_left,FA,mean,ILF_left_FA,0.8,0.8666666666666667,-0.4820275099618648,0.6711111111111111,lower_values_AD
pipeline_03,ILF_left,FA,mean,ILF_left_FA,0.8,0.9333333333333333,-0.4926738275533613,0.6711111111111111,lower_values_AD
pipeline_03,ILF_left,FA,mean,ILF_left_FA,0.9333333333333333,0.9333333333333333,-0.4927554099549002,0.6711111111111111,lower_values_AD
pipeline_03,ILF_left,FA,mean,ILF_left_FA,0.9333333333333333,1.0,-0.5013266974564389,0.6711111111111111,lower_values_AD
pipeline_03,ILF_left,FA,mean,ILF_left_FA,1.0,1.0,-0.5044851924738615,0.6711111111111111,lower_values_AD
pipeline_03,ILF_left,MD,mean,ILF_left_MD,0.0,0.0,inf,0.7422222222222222,higher_values_AD
pipeline_03,ILF_left,MD,mean,ILF_left_MD,0.0,0.06666666666666667,0.0012044662969534,0.7422222222222222,higher_values_AD
pipeline_03,ILF_left,MD,mean,ILF_left_MD,0.0,0.13333333333333333,0.0011966983180819,0.7422222222222222,higher_values_AD
pipeline_03,ILF_left,MD,mean,ILF_left_MD,0.06666666666666667,0.13333333333333333,0.0011414581093371,0.7422222222222222,higher_values_AD
pipeline_03,ILF_left,MD,mean,ILF_left_MD,0.06666666666666667,0.2,0.0010809508375569,0.7422222222222222,higher_values_AD
pipeline_03,ILF_left,MD,mean,ILF_left_MD,0.13333333333333333,0.2,0.0010678705854372,0.7422222222222222,higher_values_AD
pipeline_03,ILF_left,MD,mean,ILF_left_MD,0.13333333333333333,0.6,0.0009807776822658,0.7422222222222222,higher_values_AD
pipeline_03,ILF_left,MD,mean,ILF_left_MD,0.2,0.6,0.0009653655689478,0.7422222222222222,higher_values_AD
pipeline_03,ILF_left,MD,mean,ILF_left_MD,0.2,0.6666666666666666,0.000955645381354,0.7422222222222222,higher_values_AD
pipeline_03,ILF_left,MD,mean,ILF_left_MD,0.3333333333333333,0.6666666666666666,0.0009287480728631,0.7422222222222222,higher_values_AD
pipeline_03,ILF_left,MD,mean,ILF_left_MD,0.3333333333333333,0.7333333333333333,0.0009231444107775,0.7422222222222222,higher_values_AD
pipeline_03,ILF_left,MD,mean,ILF_left_MD,0.4666666666666667,0.7333333333333333,0.0008740365960948,0.7422222222222222,higher_values_AD
pipeline_03,ILF_left,MD,mean,ILF_left_MD,0.4666666666666667,0.8666666666666667,0.0008617467704217,0.7422222222222222,higher_values_AD
pipeline_03,ILF_left,MD,mean,ILF_left_MD,0.6666666666666666,0.8666666666666667,0.0008512213852383,0.7422222222222222,higher_values_AD
pipeline_03,ILF_left,MD,mean,ILF_left_MD,0.6666666666666666,0.9333333333333333,0.0008435676883915,0.7422222222222222,higher_values_AD
pipeline_03,ILF_left,MD,mean,ILF_left_MD,0.8666666666666667,0.9333333333333333,0.0008152393048069,0.7422222222222222,higher_values_AD
pipeline_03,ILF_left,MD,mean,ILF_left_MD,0.8666666666666667,1.0,0.0008103882541952,0.7422222222222222,higher_values_AD
pipeline_03,ILF_left,MD,mean,ILF_left_MD,1.0,1.0,0.00079906565898,0.7422222222222222,higher_values_AD
pipeline_03,ILF_left,RD,mean,ILF_left_RD,0.0,0.0,inf,0.76,higher_values_AD
pipeline_03,ILF_left,RD,mean,ILF_left_RD,0.0,0.06666666666666667,0.00095936444172,0.76,higher_values_AD
pipeline_03,ILF_left,RD,mean,ILF_left_RD,0.0,0.13333333333333333,0.0009563446043637,0.76,higher_values_AD
pipeline_03,ILF_left,RD,mean,ILF_left_RD,0.06666666666666667,0.13333333333333333,0.0009077933997345,0.76,higher_values_AD
pipeline_03,ILF_left,RD,mean,ILF_left_RD,0.06666666666666667,0.2,0.0008475120018768,0.76,higher_values_AD
pipeline_03,ILF_left,RD,mean,ILF_left_RD,0.13333333333333333,0.2,0.0008354700656201,0.76,higher_values_AD
pipeline_03,ILF_left,RD,mean,ILF_left_RD,0.13333333333333333,0.5333333333333333,0.0007471849271654,0.76,higher_values_AD
pipeline_03,ILF_left,RD,mean,ILF_left_RD,0.2,0.5333333333333333,0.0007263061330846,0.76,higher_values_AD
pipeline_03,ILF_left,RD,mean,ILF_left_RD,0.2,0.7333333333333333,0.0006952717659029,0.76,higher_values_AD
pipeline_03,ILF_left,RD,mean,ILF_left_RD,0.3333333333333333,0.7333333333333333,0.0006700033712188,0.76,higher_values_AD
pipeline_03,ILF_left,RD,mean,ILF_left_RD,0.3333333333333333,0.8666666666666667,0.0006361131446016,0.76,higher_values_AD
pipeline_03,ILF_left,RD,mean,ILF_left_RD,0.8,0.8666666666666667,0.0005899025745015,0.76,higher_values_AD
pipeline_03,ILF_left,RD,mean,ILF_left_RD,0.8,1.0,0.0005736675443872,0.76,higher_values_AD
pipeline_03,ILF_left,RD,mean,ILF_left_RD,1.0,1.0,0.000551139838271,0.76,higher_values_AD
pipeline_03,ILF_right,AD,mean,ILF_right_AD,0.0,0.0,inf,0.648888888888889,higher_values_AD
pipeline_03,ILF_right,AD,mean,ILF_right_AD,0.06666666666666667,0.0,0.001600706509487,0.648888888888889,higher_values_AD
pipeline_03,ILF_right,AD,mean,ILF_right_AD,0.06666666666666667,0.4,0.0014868033877255,0.648888888888889,higher_values_AD
pipeline_03,ILF_right,AD,mean,ILF_right_AD,0.26666666666666666,0.4,0.0014426521058979,0.648888888888889,higher_values_AD
pipeline_03,ILF_right,AD,mean,ILF_right_AD,0.26666666666666666,0.5333333333333333,0.0014180762385918,0.648888888888889,higher_values_AD
pipeline_03,ILF_right,AD,mean,ILF_right_AD,0.3333333333333333,0.5333333333333333,0.0014067832375171,0.648888888888889,higher_values_AD
pipeline_03,ILF_right,AD,mean,ILF_right_AD,0.3333333333333333,0.6666666666666666,0.0013962447372755,0.648888888888889,higher_values_AD
pipeline_03,ILF_right,AD,mean,ILF_right_AD,0.6666666666666666,0.6666666666666666,0.0013522356151705,0.648888888888889,higher_values_AD
pipeline_03,ILF_right,AD,mean,ILF_right_AD,0.6666666666666666,0.8666666666666667,0.0013365253384175,0.648888888888889,higher_values_AD
pipeline_03,ILF_right,AD,mean,ILF_right_AD,0.8,0.8666666666666667,0.0013030242413148,0.648888888888889,higher_values_AD
pipeline_03,ILF_right,AD,mean,ILF_right_AD,0.8,0.9333333333333333,0.0012953494081743,0.648888888888889,higher_values_AD
pipeline_03,ILF_right,AD,mean,ILF_right_AD,0.8666666666666667,0.9333333333333333,0.001290014873089,0.648888888888889,higher_values_AD
pipeline_03,ILF_right,AD,mean,ILF_right_AD,0.8666666666666667,1.0,0.0012870287251265,0.648888888888889,higher_values_AD
pipeline_03,ILF_right,AD,mean,ILF_right_AD,1.0,1.0,0.00124139191995,0.648888888888889,higher_values_AD
pipeline_03,ILF_right,FA,mean,ILF_right_FA,0.0,0.0,inf,0.568888888888889,higher_values_AD
pipeline_03,ILF_right,FA,mean,ILF_right_FA,0.0,0.06666666666666667,0.5491499261641472,0.568888888888889,higher_values_AD
pipeline_03,ILF_right,FA,mean,ILF_right_FA,0.0,0.2,0.5131428806815607,0.568888888888889,higher_values_AD
pipeline_03,ILF_right,FA,mean,ILF_right_FA,0.13333333333333333,0.2,0.4952142060315956,0.568888888888889,higher_values_AD
pipeline_03,ILF_right,FA,mean,ILF_right_FA,0.13333333333333333,0.26666666666666666,0.4836293408021712,0.568888888888889,higher_values_AD
pipeline_03,ILF_right,FA,mean,ILF_right_FA,0.26666666666666666,0.26666666666666666,0.4795647787842327,0.568888888888889,higher_values_AD
pipeline_03,ILF_right,FA,mean,ILF_right_FA,0.26666666666666666,0.3333333333333333,0.4668557334311773,0.568888888888889,higher_values_AD
pipeline_03,ILF_right,FA,mean,ILF_right_FA,0.3333333333333333,0.3333333333333333,0.4652542339026533,0.568888888888889,higher_values_AD
pipeline_03,ILF_right,FA,mean,ILF_right_FA,0.3333333333333333,0.4,0.463946396369542,0.568888888888889,higher_values_AD
pipeline_03,ILF_right,FA,mean,ILF_right_FA,0.4,0.4,0.460369741865368,0.568888888888889,higher_values_AD
pipeline_03,ILF_right,FA,mean,ILF_right_FA,0.4,0.4666666666666667,0.4586669395975668,0.568888888888889,higher_values_AD
pipeline_03,ILF_right,FA,mean,ILF_right_FA,0.4666666666666667,0.4666666666666667,0.4523156403283448,0.568888888888889,higher_values_AD
pipeline_03,ILF_right,FA,mean,ILF_right_FA,0.4666666666666667,0.5333333333333333,0.4499334312074579,0.568888888888889,higher_values_AD
pipeline_03,ILF_right,FA,mean,ILF_right_FA,0.6,0.5333333333333333,0.4459299895232779,0.568888888888889,higher_values_AD
pipeline_03,ILF_right,FA,mean,ILF_right_FA,0.6,0.6666666666666666,0.4376772425720629,0.568888888888889,higher_values_AD
pipeline_03,ILF_right,FA,mean,ILF_right_FA,0.6666666666666666,0.6666666666666666,0.4357921422187854,0.568888888888889,higher_values_AD
pipeline_03,ILF_right,FA,mean,ILF_right_FA,0.6666666666666666,0.8,0.4242420507428812,0.568888888888889,higher_values_AD
pipeline_03,ILF_right,FA,mean,ILF_right_FA,0.7333333333333333,0.8,0.4236479162122394,0.568888888888889,higher_values_AD
pipeline_03,ILF_right,FA,mean,ILF_right_FA,0.7333333333333333,0.9333333333333333,0.4159186432544726,0.568888888888889,higher_values_AD
pipeline_03,ILF_right,FA,mean,ILF_right_FA,0.8666666666666667,0.9333333333333333,0.4107730600713697,0.568888888888889,higher_values_AD
pipeline_03,ILF_right,FA,mean,ILF_right_FA,0.8666666666666667,1.0,0.3999224243457648,0.568888888888889,higher_values_AD
pipeline_03,ILF_right,FA,mean,ILF_right_FA,1.0,1.0,0.3897220341034107,0.568888888888889,higher_values_AD
pipeline_03,ILF_right,MD,mean,ILF_right_MD,0.0,0.0,inf,0.6266666666666667,higher_values_AD
pipeline_03,ILF_right,MD,mean,ILF_right_MD,0.06666666666666667,0.0,0.0011041590390097,0.6266666666666667,higher_values_AD
pipeline_03,ILF_right,MD,mean,ILF_right_MD,0.06666666666666667,0.13333333333333333,0.0010091575718612,0.6266666666666667,higher_values_AD
pipeline_03,ILF_right,MD,mean,ILF_right_MD,0.13333333333333333,0.13333333333333333,0.0010071328058781,0.6266666666666667,higher_values_AD
pipeline_03,ILF_right,MD,mean,ILF_right_MD,0.13333333333333333,0.4,0.0009541317991684,0.6266666666666667,higher_values_AD
pipeline_03,ILF_right,MD,mean,ILF_right_MD,0.26666666666666666,0.4,0.0009457928137006,0.6266666666666667,higher_values_AD
pipeline_03,ILF_right,MD,mean,ILF_right_MD,0.26666666666666666,0.4666666666666667,0.0009382358339947,0.6266666666666667,higher_values_AD
pipeline_03,ILF_right,MD,mean,ILF_right_MD,0.4666666666666667,0.4666666666666667,0.0009079732800209,0.6266666666666667,higher_values_AD
pipeline_03,ILF_right,MD,mean,ILF_right_MD,0.4666666666666667,0.6,0.0008958992810021,0.6266666666666667,higher_values_AD
pipeline_03,ILF_right,MD,mean,ILF_right_MD,0.5333333333333333,0.6,0.000893825743624,0.6266666666666667,higher_values_AD
pipeline_03,ILF_right,MD,mean,ILF_right_MD,0.5333333333333333,0.7333333333333333,0.0008810677175597,0.6266666666666667,higher_values_AD
pipeline_03,ILF_right,MD,mean,ILF_right_MD,0.6,0.7333333333333333,0.0008771498603191,0.6266666666666667,higher_values_AD
pipeline_03,ILF_right,MD,mean,ILF_right_MD,0.6,0.8666666666666667,0.0008603496301165,0.6266666666666667,higher_values_AD
pipeline_03,ILF_right,MD,mean,ILF_right_MD,0.7333333333333333,0.8666666666666667,0.0008529028751988,0.6266666666666667,higher_values_AD
pipeline_03,ILF_right,MD,mean,ILF_right_MD,0.7333333333333333,1.0,0.0008355669678595,0.6266666666666667,higher_values_AD
pipeline_03,ILF_right,MD,mean,ILF_right_MD,1.0,1.0,0.0007982156697785,0.6266666666666667,higher_values_AD
pipeline_03,ILF_right,RD,mean,ILF_right_RD,0.0,0.0,inf,0.5822222222222222,higher_values_AD
pipeline_03,ILF_right,RD,mean,ILF_right_RD,0.06666666666666667,0.0,0.0008558853040407,0.5822222222222222,higher_values_AD
pipeline_03,ILF_right,RD,mean,ILF_right_RD,0.06666666666666667,0.06666666666666667,0.00083728839015,0.5822222222222222,higher_values_AD
pipeline_03,ILF_right,RD,mean,ILF_right_RD,0.13333333333333333,0.06666666666666667,0.0007893731564797,0.5822222222222222,higher_values_AD
pipeline_03,ILF_right,RD,mean,ILF_right_RD,0.13333333333333333,0.3333333333333333,0.000722159581816,0.5822222222222222,higher_values_AD
pipeline_03,ILF_right,RD,mean,ILF_right_RD,0.2,0.3333333333333333,0.0007188603083929,0.5822222222222222,higher_values_AD
pipeline_03,ILF_right,RD,mean,ILF_right_RD,0.2,0.4,0.0007100976553378,0.5822222222222222,higher_values_AD
pipeline_03,ILF_right,RD,mean,ILF_right_RD,0.4,0.4,0.0006928515220689,0.5822222222222222,higher_values_AD
pipeline_03,ILF_right,RD,mean,ILF_right_RD,0.4,0.4666666666666667,0.0006858817683724,0.5822222222222222,higher_values_AD
pipeline_03,ILF_right,RD,mean,ILF_right_RD,0.4666666666666667,0.4666666666666667,0.0006768333319908,0.5822222222222222,higher_values_AD
pipeline_03,ILF_right,RD,mean,ILF_right_RD,0.4666666666666667,0.6666666666666666,0.0006639520609032,0.5822222222222222,higher_values_AD
pipeline_03,ILF_right,RD,mean,ILF_right_RD,0.6,0.6666666666666666,0.000636214938924,0.5822222222222222,higher_values_AD
pipeline_03,ILF_right,RD,mean,ILF_right_RD,0.6,0.7333333333333333,0.0006336238128577,0.5822222222222222,higher_values_AD
pipeline_03,ILF_right,RD,mean,ILF_right_RD,0.7333333333333333,0.7333333333333333,0.0006123331719716,0.5822222222222222,higher_values_AD
pipeline_03,ILF_right,RD,mean,ILF_right_RD,0.7333333333333333,0.9333333333333333,0.0005810884532028,0.5822222222222222,higher_values_AD
pipeline_03,ILF_right,RD,mean,ILF_right_RD,0.8666666666666667,0.9333333333333333,0.0005766275449796,0.5822222222222222,higher_values_AD
pipeline_03,ILF_right,RD,mean,ILF_right_RD,0.8666666666666667,1.0,0.000575270277495,0.5822222222222222,higher_values_AD
pipeline_03,ILF_right,RD,mean,ILF_right_RD,1.0,1.0,0.0005628602831204,0.5822222222222222,higher_values_AD
pipeline_03,UF_left,AD,mean,UF_left_AD,0.0,0.0,inf,0.5955555555555556,higher_values_AD
pipeline_03,UF_left,AD,mean,UF_left_AD,0.0,0.06666666666666667,0.0013536224550928,0.5955555555555556,higher_values_AD
pipeline_03,UF_left,AD,mean,UF_left_AD,0.0,0.2,0.0012847012141192,0.5955555555555556,higher_values_AD
pipeline_03,UF_left,AD,mean,UF_left_AD,0.13333333333333333,0.2,0.0012607569172719,0.5955555555555556,higher_values_AD
pipeline_03,UF_left,AD,mean,UF_left_AD,0.13333333333333333,0.26666666666666666,0.0012343314555084,0.5955555555555556,higher_values_AD
pipeline_03,UF_left,AD,mean,UF_left_AD,0.26666666666666666,0.26666666666666666,0.001217467842556,0.5955555555555556,higher_values_AD
pipeline_03,UF_left,AD,mean,UF_left_AD,0.26666666666666666,0.3333333333333333,0.0012048378648923,0.5955555555555556,higher_values_AD
pipeline_03,UF_left,AD,mean,UF_left_AD,0.3333333333333333,0.3333333333333333,0.0011981236900876,0.5955555555555556,higher_values_AD
pipeline_03,UF_left,AD,mean,UF_left_AD,0.3333333333333333,0.6,0.0011918127276375,0.5955555555555556,higher_values_AD
pipeline_03,UF_left,AD,mean,UF_left_AD,0.5333333333333333,0.6,0.0011870586935253,0.5955555555555556,higher_values_AD
pipeline_03,UF_left,AD,mean,UF_left_AD,0.5333333333333333,0.8,0.0011793058973459,0.5955555555555556,higher_values_AD
pipeline_03,UF_left,AD,mean,UF_left_AD,0.7333333333333333,0.8,0.0011762912454533,0.5955555555555556,higher_values_AD
pipeline_03,UF_left,AD,mean,UF_left_AD,0.7333333333333333,0.8666666666666667,0.001172545948914,0.5955555555555556,higher_values_AD
pipeline_03,UF_left,AD,mean,UF_left_AD,1.0,0.8666666666666667,0.0011543468260523,0.5955555555555556,higher_values_AD
pipeline_03,UF_left,AD,mean,UF_left_AD,1.0,1.0,0.0011223866177837,0.5955555555555556,higher_values_AD
pipeline_03,UF_left,FA,mean,UF_left_FA,0.0,0.0,inf,0.7422222222222222,lower_values_AD
pipeline_03,UF_left,FA,mean,UF_left_FA,0.0,0.06666666666666667,-0.3047241997579399,0.7422222222222222,lower_values_AD
pipeline_03,UF_left,FA,mean,UF_left_FA,0.0,0.3333333333333333,-0.3509274019036106,0.7422222222222222,lower_values_AD
pipeline_03,UF_left,FA,mean,UF_left_FA,0.06666666666666667,0.3333333333333333,-0.3682023445589176,0.7422222222222222,lower_values_AD
pipeline_03,UF_left,FA,mean,UF_left_FA,0.06666666666666667,0.6,-0.3753785107797551,0.7422222222222222,lower_values_AD
pipeline_03,UF_left,FA,mean,UF_left_FA,0.3333333333333333,0.6,-0.3960270514194308,0.7422222222222222,lower_values_AD
pipeline_03,UF_left,FA,mean,UF_left_FA,0.3333333333333333,0.7333333333333333,-0.3980724760292924,0.7422222222222222,lower_values_AD
pipeline_03,UF_left,FA,mean,UF_left_FA,0.6,0.7333333333333333,-0.4217858320250327,0.7422222222222222,lower_values_AD
pipeline_03,UF_left,FA,mean,UF_left_FA,0.6,0.8,-0.4234724434440607,0.7422222222222222,lower_values_AD
pipeline_03,UF_left,FA,mean,UF_left_FA,0.6666666666666666,0.8,-0.425914411440824,0.7422222222222222,lower_values_AD
pipeline_03,UF_left,FA,mean,UF_left_FA,0.6666666666666666,0.9333333333333333,-0.4261570861296844,0.7422222222222222,lower_values_AD
pipeline_03,UF_left,FA,mean,UF_left_FA,1.0,0.9333333333333333,-0.4463750291696579,0.7422222222222222,lower_values_AD
pipeline_03,UF_left,FA,mean,UF_left_FA,1.0,1.0,-0.4633893746510182,0.7422222222222222,lower_values_AD
pipeline_03,UF_left,MD,mean,UF_left_MD,0.0,0.0,inf,0.7288888888888889,higher_values_AD
pipeline_03,UF_left,MD,mean,UF_left_MD,0.0,0.06666666666666667,0.0010307146363579,0.7288888888888889,higher_values_AD
pipeline_03,UF_left,MD,mean,UF_left_MD,0.0,0.2,0.0008831149928042,0.7288888888888889,higher_values_AD
pipeline_03,UF_left,MD,mean,UF_left_MD,0.06666666666666667,0.2,0.0008819752322033,0.7288888888888889,higher_values_AD
pipeline_03,UF_left,MD,mean,UF_left_MD,0.06666666666666667,0.4,0.0008421991110798,0.7288888888888889,higher_values_AD
pipeline_03,UF_left,MD,mean,UF_left_MD,0.26666666666666666,0.4,0.0008336841045835,0.7288888888888889,higher_values_AD
pipeline_03,UF_left,MD,mean,UF_left_MD,0.26666666666666666,0.6666666666666666,0.0008146274890913,0.7288888888888889,higher_values_AD
pipeline_03,UF_left,MD,mean,UF_left_MD,0.3333333333333333,0.6666666666666666,0.000814031723026,0.7288888888888889,higher_values_AD
pipeline_03,UF_left,MD,mean,UF_left_MD,0.3333333333333333,0.7333333333333333,0.0008139332866405,0.7288888888888889,higher_values_AD
pipeline_03,UF_left,MD,mean,UF_left_MD,0.4666666666666667,0.7333333333333333,0.0008114131213282,0.7288888888888889,higher_values_AD
pipeline_03,UF_left,MD,mean,UF_left_MD,0.4666666666666667,0.8,0.0008085424412383,0.7288888888888889,higher_values_AD
pipeline_03,UF_left,MD,mean,UF_left_MD,0.5333333333333333,0.8,0.0007940867115175,0.7288888888888889,higher_values_AD
pipeline_03,UF_left,MD,mean,UF_left_MD,0.5333333333333333,0.9333333333333333,0.000792897484548,0.7288888888888889,higher_values_AD
pipeline_03,UF_left,MD,mean,UF_left_MD,0.9333333333333333,0.9333333333333333,0.0007660390416732,0.7288888888888889,higher_values_AD
pipeline_03,UF_left,MD,mean,UF_left_MD,0.9333333333333333,1.0,0.000762229572822,0.7288888888888889,higher_values_AD
pipeline_03,UF_left,MD,mean,UF_left_MD,1.0,1.0,0.0007601652738088,0.7288888888888889,higher_values_AD
pipeline_03,UF_left,RD,mean,UF_left_RD,0.0,0.0,inf,0.7644444444444445,higher_values_AD
pipeline_03,UF_left,RD,mean,UF_left_RD,0.0,0.06666666666666667,0.0008692607253078,0.7644444444444445,higher_values_AD
pipeline_03,UF_left,RD,mean,UF_left_RD,0.0,0.26666666666666666,0.0007075067606148,0.7644444444444445,higher_values_AD
pipeline_03,UF_left,RD,mean,UF_left_RD,0.06666666666666667,0.26666666666666666,0.0006826471408792,0.7644444444444445,higher_values_AD
pipeline_03,UF_left,RD,mean,UF_left_RD,0.06666666666666667,0.5333333333333333,0.0006539055668485,0.7644444444444445,higher_values_AD
pipeline_03,UF_left,RD,mean,UF_left_RD,0.2,0.5333333333333333,0.0006480336769226,0.7644444444444445,higher_values_AD
pipeline_03,UF_left,RD,mean,UF_left_RD,0.2,0.6,0.0006456525627874,0.7644444444444445,higher_values_AD
pipeline_03,UF_left,RD,mean,UF_left_RD,0.26666666666666666,0.6,0.0006391975599075,0.7644444444444445,higher_values_AD
pipeline_03,UF_left,RD,mean,UF_left_RD,0.26666666666666666,0.7333333333333333,0.0006299940814141,0.7644444444444445,higher_values_AD
pipeline_03,UF_left,RD,mean,UF_left_RD,0.3333333333333333,0.7333333333333333,0.0006275182341761,0.7644444444444445,higher_values_AD
pipeline_03,UF_left,RD,mean,UF_left_RD,0.3333333333333333,0.8,0.0006231607096167,0.7644444444444445,higher_values_AD
pipeline_03,UF_left,RD,mean,UF_left_RD,0.6,0.8,0.000595594331599,0.7644444444444445,higher_values_AD
pipeline_03,UF_left,RD,mean,UF_left_RD,0.6,0.9333333333333333,0.0005931170760711,0.7644444444444445,higher_values_AD
pipeline_03,UF_left,RD,mean,UF_left_RD,1.0,0.9333333333333333,0.0005630744987831,0.7644444444444445,higher_values_AD
pipeline_03,UF_left,RD,mean,UF_left_RD,1.0,1.0,0.0005465037690564,0.7644444444444445,higher_values_AD
pipeline_03,UF_right,AD,mean,UF_right_AD,0.0,0.0,inf,0.6488888888888888,higher_values_AD
pipeline_03,UF_right,AD,mean,UF_right_AD,0.0,0.06666666666666667,0.0013299443022619,0.6488888888888888,higher_values_AD
pipeline_03,UF_right,AD,mean,UF_right_AD,0.0,0.13333333333333333,0.001279001586598,0.6488888888888888,higher_values_AD
pipeline_03,UF_right,AD,mean,UF_right_AD,0.06666666666666667,0.13333333333333333,0.0012631576393553,0.6488888888888888,higher_values_AD
pipeline_03,UF_right,AD,mean,UF_right_AD,0.06666666666666667,0.2,0.0012566407807459,0.6488888888888888,higher_values_AD
pipeline_03,UF_right,AD,mean,UF_right_AD,0.13333333333333333,0.2,0.0012529332375317,0.6488888888888888,higher_values_AD
pipeline_03,UF_right,AD,mean,UF_right_AD,0.13333333333333333,0.4666666666666667,0.0012283505813558,0.6488888888888888,higher_values_AD
pipeline_03,UF_right,AD,mean,UF_right_AD,0.26666666666666666,0.4666666666666667,0.0012263865154154,0.6488888888888888,higher_values_AD
pipeline_03,UF_right,AD,mean,UF_right_AD,0.26666666666666666,0.5333333333333333,0.0012256215352665,0.6488888888888888,higher_values_AD
pipeline_03,UF_right,AD,mean,UF_right_AD,0.3333333333333333,0.5333333333333333,0.0012145200628866,0.6488888888888888,higher_values_AD
pipeline_03,UF_right,AD,mean,UF_right_AD,0.3333333333333333,0.6666666666666666,0.0012033400675898,0.6488888888888888,higher_values_AD
pipeline_03,UF_right,AD,mean,UF_right_AD,0.4666666666666667,0.6666666666666666,0.0011945016399881,0.6488888888888888,higher_values_AD
pipeline_03,UF_right,AD,mean,UF_right_AD,0.4666666666666667,0.7333333333333333,0.0011905292411619,0.6488888888888888,higher_values_AD
pipeline_03,UF_right,AD,mean,UF_right_AD,0.7333333333333333,0.7333333333333333,0.0011847372835691,0.6488888888888888,higher_values_AD
pipeline_03,UF_right,AD,mean,UF_right_AD,0.7333333333333333,0.8666666666666667,0.0011766682779668,0.6488888888888888,higher_values_AD
pipeline_03,UF_right,AD,mean,UF_right_AD,0.8666666666666667,0.8666666666666667,0.0011679582906175,0.6488888888888888,higher_values_AD
pipeline_03,UF_right,AD,mean,UF_right_AD,0.8666666666666667,0.9333333333333333,0.0011663067804833,0.6488888888888888,higher_values_AD
pipeline_03,UF_right,AD,mean,UF_right_AD,0.9333333333333333,0.9333333333333333,0.0011653103155378,0.6488888888888888,higher_values_AD
pipeline_03,UF_right,AD,mean,UF_right_AD,0.9333333333333333,1.0,0.0011652171339954,0.6488888888888888,higher_values_AD
pipeline_03,UF_right,AD,mean,UF_right_AD,1.0,1.0,0.0011598851975922,0.6488888888888888,higher_values_AD
pipeline_03,UF_right,FA,mean,UF_right_FA,0.0,0.0,inf,0.76,lower_values_AD
pipeline_03,UF_right,FA,mean,UF_right_FA,0.0,0.06666666666666667,-0.3325456537950984,0.76,lower_values_AD
pipeline_03,UF_right,FA,mean,UF_right_FA,0.0,0.5333333333333333,-0.3602826476135097,0.76,lower_values_AD
pipeline_03,UF_right,FA,mean,UF_right_FA,0.13333333333333333,0.5333333333333333,-0.3734246908272145,0.76,lower_values_AD
pipeline_03,UF_right,FA,mean,UF_right_FA,0.13333333333333333,0.7333333333333333,-0.378381376316333,0.76,lower_values_AD
pipeline_03,UF_right,FA,mean,UF_right_FA,0.6666666666666666,0.7333333333333333,-0.4046363440286857,0.76,lower_values_AD
pipeline_03,UF_right,FA,mean,UF_right_FA,0.6666666666666666,0.8,-0.4046667904717265,0.76,lower_values_AD
pipeline_03,UF_right,FA,mean,UF_right_FA,0.8,0.8,-0.4055741499759902,0.76,lower_values_AD
pipeline_03,UF_right,FA,mean,UF_right_FA,0.8,0.9333333333333333,-0.4143684006018446,0.76,lower_values_AD
pipeline_03,UF_right,FA,mean,UF_right_FA,0.9333333333333333,0.9333333333333333,-0.4175185655800938,0.76,lower_values_AD
pipeline_03,UF_right,FA,mean,UF_right_FA,0.9333333333333333,1.0,-0.4236657553135164,0.76,lower_values_AD
pipeline_03,UF_right,FA,mean,UF_right_FA,1.0,1.0,-0.4289232489521565,0.76,lower_values_AD
pipeline_03,UF_right,MD,mean,UF_right_MD,0.0,0.0,inf,0.7733333333333333,higher_values_AD
pipeline_03,UF_right,MD,mean,UF_right_MD,0.0,0.06666666666666667,0.0009635349992833,0.7733333333333333,higher_values_AD
pipeline_03,UF_right,MD,mean,UF_right_MD,0.0,0.26666666666666666,0.0008875565010594,0.7733333333333333,higher_values_AD
pipeline_03,UF_right,MD,mean,UF_right_MD,0.06666666666666667,0.26666666666666666,0.0008812723640401,0.7733333333333333,higher_values_AD
pipeline_03,UF_right,MD,mean,UF_right_MD,0.06666666666666667,0.5333333333333333,0.0008659736776551,0.7733333333333333,higher_values_AD
pipeline_03,UF_right,MD,mean,UF_right_MD,0.13333333333333333,0.5333333333333333,0.0008582295657004,0.7733333333333333,higher_values_AD
pipeline_03,UF_right,MD,mean,UF_right_MD,0.13333333333333333,0.6666666666666666,0.0008515424468852,0.7733333333333333,higher_values_AD
pipeline_03,UF_right,MD,mean,UF_right_MD,0.26666666666666666,0.6666666666666666,0.0008459835268243,0.7733333333333333,higher_values_AD
pipeline_03,UF_right,MD,mean,UF_right_MD,0.26666666666666666,0.8,0.0008362822148034,0.7733333333333333,higher_values_AD
pipeline_03,UF_right,MD,mean,UF_right_MD,0.6,0.8,0.000808971812803,0.7733333333333333,higher_values_AD
pipeline_03,UF_right,MD,mean,UF_right_MD,0.6,0.8666666666666667,0.0008052599337968,0.7733333333333333,higher_values_AD
pipeline_03,UF_right,MD,mean,UF_right_MD,0.8666666666666667,0.8666666666666667,0.0007901007387269,0.7733333333333333,higher_values_AD
pipeline_03,UF_right,MD,mean,UF_right_MD,0.8666666666666667,1.0,0.0007808425617355,0.7733333333333333,higher_values_AD
pipeline_03,UF_right,MD,mean,UF_right_MD,1.0,1.0,0.0007707791161894,0.7733333333333333,higher_values_AD
pipeline_03,UF_right,RD,mean,UF_right_RD,0.0,0.0,inf,0.8,higher_values_AD
pipeline_03,UF_right,RD,mean,UF_right_RD,0.0,0.06666666666666667,0.0007803303447728,0.8,higher_values_AD
pipeline_03,UF_right,RD,mean,UF_right_RD,0.0,0.4666666666666667,0.0006941957305066,0.8,higher_values_AD
pipeline_03,UF_right,RD,mean,UF_right_RD,0.06666666666666667,0.4666666666666667,0.0006903297256232,0.8,higher_values_AD
pipeline_03,UF_right,RD,mean,UF_right_RD,0.06666666666666667,0.6,0.0006766570616148,0.8,higher_values_AD
pipeline_03,UF_right,RD,mean,UF_right_RD,0.13333333333333333,0.6,0.0006735051732016,0.8,higher_values_AD
pipeline_03,UF_right,RD,mean,UF_right_RD,0.13333333333333333,0.6666666666666666,0.0006712699310491,0.8,higher_values_AD
pipeline_03,UF_right,RD,mean,UF_right_RD,0.2,0.6666666666666666,0.0006622396971511,0.8,higher_values_AD
pipeline_03,UF_right,RD,mean,UF_right_RD,0.2,0.8,0.0006489932799605,0.8,higher_values_AD
pipeline_03,UF_right,RD,mean,UF_right_RD,0.6,0.8,0.0006170689337622,0.8,higher_values_AD
pipeline_03,UF_right,RD,mean,UF_right_RD,0.6,0.8666666666666667,0.0006126252823557,0.8,higher_values_AD
pipeline_03,UF_right,RD,mean,UF_right_RD,0.8666666666666667,0.8666666666666667,0.000599911669434,0.8,higher_values_AD
pipeline_03,UF_right,RD,mean,UF_right_RD,0.8666666666666667,1.0,0.0005829297021799,0.8,higher_values_AD
pipeline_03,UF_right,RD,mean,UF_right_RD,1.0,1.0,0.0005700979884412,0.8,higher_values_AD
