subject,pipeline,tract,metric,present
AD_001,pipeline_01,CC_2,AD,True
AD_001,pipeline_01,CC_2,FA,True
AD_001,pipeline_01,CC_2,MD,True
AD_001,pipeline_01,CC_2,RD,True
AD_001,pipeline_01,CC_7,AD,True
AD_001,pipeline_01,CC_7,FA,True
AD_001,pipeline_01,CC_7,MD,True
AD_001,pipeline_01,CC_7,RD,True
AD_001,pipeline_01,CG_left,AD,True
AD_001,pipeline_01,CG_left,FA,True
AD_001,pipeline_01,CG_left,MD,True
AD_001,pipeline_01,CG_left,RD,True
AD_001,pipeline_01,CG_right,AD,True
AD_001,pipeline_01,CG_right,FA,True
AD_001,pipeline_01,CG_right,MD,True
AD_001,pipeline_01,CG_right,RD,True
AD_001,pipeline_01,IFO_left,AD,True
AD_001,pipeline_01,IFO_left,FA,True
AD_001,pipeline_01,IFO_left,MD,True
AD_001,pipeline_01,IFO_left,RD,True
AD_001,pipeline_01,IFO_right,AD,True
AD_001,pipeline_01,IFO_right,FA,True
AD_001,pipeline_01,IFO_right,MD,True
AD_001,pipeline_01,IFO_right,RD,True
AD_001,pipeline_01,ILF_left,AD,True
AD_001,pipeline_01,ILF_left,FA,True
AD_001,pipeline_01,ILF_left,MD,True
AD_001,pipeline_01,ILF_left,RD,True
AD_001,pipeline_01,ILF_right,AD,True
AD_001,pipeline_01,ILF_right,FA,True
AD_001,pipeline_01,ILF_right,MD,True
AD_001,pipeline_01,ILF_right,RD,True
AD_001,pipeline_01,UF_left,AD,True
AD_001,pipeline_01,UF_left,FA,True
AD_001,pipeline_01,UF_left,MD,True
AD_001,pipeline_01,UF_left,RD,True
AD_001,pipeline_01,UF_right,AD,True
AD_001,pipeline_01,UF_right,FA,True
AD_001,pipeline_01,UF_right,MD,True
AD_001,pipeline_01,UF_right,RD,True
AD_001,pipeline_02,CC_2,AD,True
AD_001,pipeline_02,CC_2,FA,True
AD_001,pipeline_02,CC_2,MD,True
AD_001,pipeline_02,CC_2,RD,True
AD_001,pipeline_02,CC_7,AD,True
AD_001,pipeline_02,CC_7,FA,True
AD_001,pipeline_02,CC_7,MD,True
AD_001,pipeline_02,CC_7,RD,True
AD_001,pipeline_02,CG_left,AD,True
AD_001,pipeline_02,CG_left,FA,True
AD_001,pipeline_02,CG_left,MD,True
AD_001,pipeline_02,CG_left,RD,True
AD_001,pipeline_02,CG_right,AD,True
AD_001,pipeline_02,CG_right,FA,True
AD_001,pipeline_02,CG_right,MD,True
AD_001,pipeline_02,CG_right,RD,True
AD_001,pipeline_02,IFO_left,AD,True
AD_001,pipeline_02,IFO_left,FA,True
AD_001,pipeline_02,IFO_left,MD,True
AD_001,pipeline_02,IFO_left,RD,True
AD_001,pipeline_02,IFO_right,AD,True
AD_001,pipeline_02,IFO_right,FA,True
AD_001,pipeline_02,IFO_right,MD,True
AD_001,pipeline_02,IFO_right,RD,True
AD_001,pipeline_02,ILF_left,AD,True
AD_001,pipeline_02,ILF_left,FA,True
AD_001,pipeline_02,ILF_left,MD,True
AD_001,pipeline_02,ILF_left,RD,True
AD_001,pipeline_02,ILF_right,AD,True
AD_001,pipeline_02,ILF_right,FA,True
AD_001,pipeline_02,ILF_right,MD,True
AD_001,pipeline_02,ILF_right,RD,True
AD_001,pipeline_02,UF_left,AD,True
AD_001,pipeline_02,UF_left,FA,True
AD_001,pipeline_02,UF_left,MD,True
AD_001,pipeline_02,UF_left,RD,True
AD_001,pipeline_02,UF_right,AD,True
AD_001,pipeline_02,UF_right,FA,True
AD_001,pipeline_02,UF_right,MD,True
AD_001,pipeline_02,UF_right,RD,True
AD_001,pipeline_03,CC_2,AD,True
AD_001,pipeline_03,CC_2,FA,True
AD_001,pipeline_03,CC_2,MD,True
AD_001,pipeline_03,CC_2,RD,True
AD_001,pipeline_03,CC_7,AD,True
AD_001,pipeline_03,CC_7,FA,True
AD_001,pipeline_03,CC_7,MD,True
AD_001,pipeline_03,CC_7,RD,True
AD_001,pipeline_03,CG_left,AD,True
AD_001,pipeline_03,CG_left,FA,True
AD_001,pipeline_03,CG_left,MD,True
AD_001,pipeline_03,CG_left,RD,True
AD_001,pipeline_03,CG_right,AD,True
AD_001,pipeline_03,CG_right,FA,True
AD_001,pipeline_03,CG_right,MD,True
AD_001,pipeline_03,CG_right,RD,True
AD_001,pipeline_03,IFO_left,AD,True
AD_001,pipeline_03,IFO_left,FA,True
AD_001,pipeline_03,IFO_left,MD,True
AD_001,pipeline_03,IFO_left,RD,True
AD_001,pipeline_03,IFO_right,AD,True
AD_001,pipeline_03,IFO_right,FA,True
AD_001,pipeline_03,IFO_right,MD,True
AD_001,pipeline_03,IFO_right,RD,True
AD_001,pipeline_03,ILF_left,AD,True
AD_001,pipeline_03,ILF_left,FA,True
AD_001,pipeline_03,ILF_left,MD,True
AD_001,pipeline_03,ILF_left,RD,True
AD_001,pipeline_03,ILF_right,AD,True
AD_001,pipeline_03,ILF_right,FA,True
AD_001,pipeline_03,ILF_right,MD,True
AD_001,pipeline_03,ILF_right,RD,True
AD_001,pipeline_03,UF_left,AD,True
AD_001,pipeline_03,UF_left,FA,True
AD_001,pipeline_03,UF_left,MD,True
AD_001,pipeline_03,UF_left,RD,True
AD_001,pipeline_03,UF_right,AD,True
AD_001,pipeline_03,UF_right,FA,True
AD_001,pipeline_03,UF_right,MD,True
AD_001,pipeline_03,UF_right,RD,True
AD_002,pipeline_01,CC_2,AD,True
AD_002,pipeline_01,CC_2,FA,True
AD_002,pipeline_01,CC_2,MD,True
AD_002,pipeline_01,CC_2,RD,True
AD_002,pipeline_01,CC_7,AD,True
AD_002,pipeline_01,CC_7,FA,True
AD_002,pipeline_01,CC_7,MD,True
AD_002,pipeline_01,CC_7,RD,True
AD_002,pipeline_01,CG_left,AD,True
AD_002,pipeline_01,CG_left,FA,True
AD_002,pipeline_01,CG_left,MD,True
AD_002,pipeline_01,CG_left,RD,True
AD_002,pipeline_01,CG_right,AD,True
AD_002,pipeline_01,CG_right,FA,True
AD_002,pipeline_01,CG_right,MD,True
AD_002,pipeline_01,CG_right,RD,True
AD_002,pipeline_01,IFO_left,AD,True
AD_002,pipeline_01,IFO_left,FA,True
AD_002,pipeline_01,IFO_left,MD,True
AD_002,pipeline_01,IFO_left,RD,True
AD_002,pipeline_01,IFO_right,AD,True
AD_002,pipeline_01,IFO_right,FA,True
AD_002,pipeline_01,IFO_right,MD,True
AD_002,pipeline_01,IFO_right,RD,True
AD_002,pipeline_01,ILF_left,AD,True
AD_002,pipeline_01,ILF_left,FA,True
AD_002,pipeline_01,ILF_left,MD,True
AD_002,pipeline_01,ILF_left,RD,True
AD_002,pipeline_01,ILF_right,AD,True
AD_002,pipeline_01,ILF_right,FA,True
AD_002,pipeline_01,ILF_right,MD,True
AD_002,pipeline_01,ILF_right,RD,True
AD_002,pipeline_01,UF_left,AD,True
AD_002,pipeline_01,UF_left,FA,True
AD_002,pipeline_01,UF_left,MD,True
AD_002,pipeline_01,UF_left,RD,True
AD_002,pipeline_01,UF_right,AD,True
AD_002,pipeline_01,UF_right,FA,True
AD_002,pipeline_01,UF_right,MD,True
AD_002,pipeline_01,UF_right,RD,True
AD_002,pipeline_02,CC_2,AD,True
AD_002,pipeline_02,CC_2,FA,True
AD_002,pipeline_02,CC_2,MD,True
AD_002,pipeline_02,CC_2,RD,True
AD_002,pipeline_02,CC_7,AD,True
AD_002,pipeline_02,CC_7,FA,True
AD_002,pipeline_02,CC_7,MD,True
AD_002,pipeline_02,CC_7,RD,True
AD_002,pipeline_02,CG_left,AD,True
AD_002,pipeline_02,CG_left,FA,True
AD_002,pipeline_02,CG_left,MD,True
AD_002,pipeline_02,CG_left,RD,True
AD_002,pipeline_02,CG_right,AD,True
AD_002,pipeline_02,CG_right,FA,True
AD_002,pipeline_02,CG_right,MD,True
AD_002,pipeline_02,CG_right,RD,True
AD_002,pipeline_02,IFO_left,AD,True
AD_002,pipeline_02,IFO_left,FA,True
AD_002,pipeline_02,IFO_left,MD,True
AD_002,pipeline_02,IFO_left,RD,True
AD_002,pipeline_02,IFO_right,AD,True
AD_002,pipeline_02,IFO_right,FA,True
AD_002,pipeline_02,IFO_right,MD,True
AD_002,pipeline_02,IFO_right,RD,True
AD_002,pipeline_02,ILF_left,AD,True
AD_002,pipeline_02,ILF_left,FA,True
AD_002,pipeline_02,ILF_left,MD,True
AD_002,pipeline_02,ILF_left,RD,True
AD_002,pipeline_02,ILF_right,AD,True
AD_002,pipeline_02,ILF_right,FA,True
AD_002,pipeline_02,ILF_right,MD,True
AD_002,pipeline_02,ILF_right,RD,True
AD_002,pipeline_02,UF_left,AD,True
AD_002,pipeline_02,UF_left,FA,True
AD_002,pipeline_02,UF_left,MD,True
AD_002,pipeline_02,UF_left,RD,True
AD_002,pipeline_02,UF_right,AD,True
AD_002,pipeline_02,UF_right,FA,True
AD_002,pipeline_02,UF_right,MD,True
AD_002,pipeline_02,UF_right,RD,True
AD_002,pipeline_03,CC_2,AD,True
AD_002,pipeline_03,CC_2,FA,True
AD_002,pipeline_03,CC_2,MD,True
AD_002,pipeline_03,CC_2,RD,True
AD_002,pipeline_03,CC_7,AD,True
AD_002,pipeline_03,CC_7,FA,True
AD_002,pipeline_03,CC_7,MD,True
AD_002,pipeline_03,CC_7,RD,True
AD_002,pipeline_03,CG_left,AD,True
AD_002,pipeline_03,CG_left,FA,True
AD_002,pipeline_03,CG_left,MD,True
AD_002,pipeline_03,CG_left,RD,True
AD_002,pipeline_03,CG_right,AD,True
AD_002,pipeline_03,CG_right,FA,True
AD_002,pipeline_03,CG_right,MD,True
AD_002,pipeline_03,CG_right,RD,True
AD_002,pipeline_03,IFO_left,AD,True
AD_002,pipeline_03,IFO_left,FA,True
AD_002,pipeline_03,IFO_left,MD,True
AD_002,pipeline_03,IFO_left,RD,True
AD_002,pipeline_03,IFO_right,AD,True
AD_002,pipeline_03,IFO_right,FA,True
AD_002,pipeline_03,IFO_right,MD,True
AD_002,pipeline_03,IFO_right,RD,True
AD_002,pipeline_03,ILF_left,AD,True
AD_002,pipeline_03,ILF_left,FA,True
AD_002,pipeline_03,ILF_left,MD,True
AD_002,pipeline_03,ILF_left,RD,True
AD_002,pipeline_03,ILF_right,AD,True
AD_002,pipeline_03,ILF_right,FA,True
AD_002,pipeline_03,ILF_right,MD,True
AD_002,pipeline_03,ILF_right,RD,True
AD_002,pipeline_03,UF_left,AD,True
AD_002,pipeline_03,UF_left,FA,True
AD_002,pipeline_03,UF_left,MD,True
AD_002,pipeline_03,UF_left,RD,True
AD_002,pipeline_03,UF_right,AD,True
AD_002,pipeline_03,UF_right,FA,True
AD_002,pipeline_03,UF_right,MD,True
AD_002,pipeline_03,UF_right,RD,True
AD_003,pipeline_01,CC_2,AD,True
AD_003,pipeline_01,CC_2,FA,True
AD_003,pipeline_01,CC_2,MD,True
AD_003,pipeline_01,CC_2,RD,True
AD_003,pipeline_01,CC_7,AD,True
AD_003,pipeline_01,CC_7,FA,True
AD_003,pipeline_01,CC_7,MD,True
AD_003,pipeline_01,CC_7,RD,True
AD_003,pipeline_01,CG_left,AD,True
AD_003,pipeline_01,CG_left,FA,True
AD_003,pipeline_01,CG_left,MD,True
AD_003,pipeline_01,CG_left,RD,True
AD_003,pipeline_01,CG_right,AD,True
AD_003,pipeline_01,CG_right,FA,True
AD_003,pipeline_01,CG_right,MD,True
AD_003,pipeline_01,CG_right,RD,True
AD_003,pipeline_01,IFO_left,AD,True
AD_003,pipeline_01,IFO_left,FA,True
AD_003,pipeline_01,IFO_left,MD,True
AD_003,pipeline_01,IFO_left,RD,True
AD_003,pipeline_01,IFO_right,AD,True
AD_003,pipeline_01,IFO_right,FA,True
AD_003,pipeline_01,IFO_right,MD,True
AD_003,pipeline_01,IFO_right,RD,True
AD_003,pipeline_01,ILF_left,AD,True
AD_003,pipeline_01,ILF_left,FA,True
AD_003,pipeline_01,ILF_left,MD,True
AD_003,pipeline_01,ILF_left,RD,True
AD_003,pipeline_01,ILF_right,AD,True
AD_003,pipeline_01,ILF_right,FA,True
AD_003,pipeline_01,ILF_right,MD,True
AD_003,pipeline_01,ILF_right,RD,True
AD_003,pipeline_01,UF_left,AD,True
AD_003,pipeline_01,UF_left,FA,True
AD_003,pipeline_01,UF_left,MD,True
AD_003,pipeline_01,UF_left,RD,True
AD_003,pipeline_01,UF_right,AD,True
AD_003,pipeline_01,UF_right,FA,True
AD_003,pipeline_01,UF_right,MD,True
AD_003,pipeline_01,UF_right,RD,True
AD_003,pipeline_02,CC_2,AD,True
AD_003,pipeline_02,CC_2,FA,True
AD_003,pipeline_02,CC_2,MD,True
AD_003,pipeline_02,CC_2,RD,True
AD_003,pipeline_02,CC_7,AD,True
AD_003,pipeline_02,CC_7,FA,True
AD_003,pipeline_02,CC_7,MD,True
AD_003,pipeline_02,CC_7,RD,True
AD_003,pipeline_02,CG_left,AD,True
AD_003,pipeline_02,CG_left,FA,True
AD_003,pipeline_02,CG_left,MD,True
AD_003,pipeline_02,CG_left,RD,True
AD_003,pipeline_02,CG_right,AD,True
AD_003,pipeline_02,CG_right,FA,True
AD_003,pipeline_02,CG_right,MD,True
AD_003,pipeline_02,CG_right,RD,True
AD_003,pipeline_02,IFO_left,AD,True
AD_003,pipeline_02,IFO_left,FA,True
AD_003,pipeline_02,IFO_left,MD,True
AD_003,pipeline_02,IFO_left,RD,True
AD_003,pipeline_02,IFO_right,AD,True
AD_003,pipeline_02,IFO_right,FA,True
AD_003,pipeline_02,IFO_right,MD,True
AD_003,pipeline_02,IFO_right,RD,True
AD_003,pipeline_02,ILF_left,AD,True
AD_003,pipeline_02,ILF_left,FA,True
AD_003,pipeline_02,ILF_left,MD,True
AD_003,pipeline_02,ILF_left,RD,True
AD_003,pipeline_02,ILF_right,AD,True
AD_003,pipeline_02,ILF_right,FA,True
AD_003,pipeline_02,ILF_right,MD,True
AD_003,pipeline_02,ILF_right,RD,True
AD_003,pipeline_02,UF_left,AD,True
AD_003,pipeline_02,UF_left,FA,True
AD_003,pipeline_02,UF_left,MD,True
AD_003,pipeline_02,UF_left,RD,True
AD_003,pipeline_02,UF_right,AD,True
AD_003,pipeline_02,UF_right,FA,True
AD_003,pipeline_02,UF_right,MD,True
AD_003,pipeline_02,UF_right,RD,True
AD_003,pipeline_03,CC_2,AD,True
AD_003,pipeline_03,CC_2,FA,True
AD_003,pipeline_03,CC_2,MD,True
AD_003,pipeline_03,CC_2,RD,True
AD_003,pipeline_03,CC_7,AD,True
AD_003,pipeline_03,CC_7,FA,True
AD_003,pipeline_03,CC_7,MD,True
AD_003,pipeline_03,CC_7,RD,True
AD_003,pipeline_03,CG_left,AD,True
AD_003,pipeline_03,CG_left,FA,True
AD_003,pipeline_03,CG_left,MD,True
AD_003,pipeline_03,CG_left,RD,True
AD_003,pipeline_03,CG_right,AD,True
AD_003,pipeline_03,CG_right,FA,True
AD_003,pipeline_03,CG_right,MD,True
AD_003,pipeline_03,CG_right,RD,True
AD_003,pipeline_03,IFO_left,AD,True
AD_003,pipeline_03,IFO_left,FA,True
AD_003,pipeline_03,IFO_left,MD,True
AD_003,pipeline_03,IFO_left,RD,True
AD_003,pipeline_03,IFO_right,AD,True
AD_003,pipeline_03,IFO_right,FA,True
AD_003,pipeline_03,IFO_right,MD,True
AD_003,pipeline_03,IFO_right,RD,True
AD_003,pipeline_03,ILF_left,AD,True
AD_003,pipeline_03,ILF_left,FA,True
AD_003,pipeline_03,ILF_left,MD,True
AD_003,pipeline_03,ILF_left,RD,True
AD_003,pipeline_03,ILF_right,AD,True
AD_003,pipeline_03,ILF_right,FA,True
AD_003,pipeline_03,ILF_right,MD,True
AD_003,pipeline_03,ILF_right,RD,True
AD_003,pipeline_03,UF_left,AD,True
AD_003,pipeline_03,UF_left,FA,True
AD_003,pipeline_03,UF_left,MD,True
AD_003,pipeline_03,UF_left,RD,True
AD_003,pipeline_03,UF_right,AD,True
AD_003,pipeline_03,UF_right,FA,True
AD_003,pipeline_03,UF_right,MD,True
AD_003,pipeline_03,UF_right,RD,True
AD_004,pipeline_01,CC_2,AD,True
AD_004,pipeline_01,CC_2,FA,True
AD_004,pipeline_01,CC_2,MD,True
AD_004,pipeline_01,CC_2,RD,True
AD_004,pipeline_01,CC_7,AD,True
AD_004,pipeline_01,CC_7,FA,True
AD_004,pipeline_01,CC_7,MD,True
AD_004,pipeline_01,CC_7,RD,True
AD_004,pipeline_01,CG_left,AD,True
AD_004,pipeline_01,CG_left,FA,True
AD_004,pipeline_01,CG_left,MD,True
AD_004,pipeline_01,CG_left,RD,True
AD_004,pipeline_01,CG_right,AD,True
AD_004,pipeline_01,CG_right,FA,True
AD_004,pipeline_01,CG_right,MD,True
AD_004,pipeline_01,CG_right,RD,True
AD_004,pipeline_01,IFO_left,AD,True
AD_004,pipeline_01,IFO_left,FA,True
AD_004,pipeline_01,IFO_left,MD,True
AD_004,pipeline_01,IFO_left,RD,True
AD_004,pipeline_01,IFO_right,AD,True
AD_004,pipeline_01,IFO_right,FA,True
AD_004,pipeline_01,IFO_right,MD,True
AD_004,pipeline_01,IFO_right,RD,True
AD_004,pipeline_01,ILF_left,AD,True
AD_004,pipeline_01,ILF_left,FA,True
AD_004,pipeline_01,ILF_left,MD,True
AD_004,pipeline_01,ILF_left,RD,True
AD_004,pipeline_01,ILF_right,AD,True
AD_004,pipeline_01,ILF_right,FA,True
AD_004,pipeline_01,ILF_right,MD,True
AD_004,pipeline_01,ILF_right,RD,True
AD_004,pipeline_01,UF_left,AD,True
AD_004,pipeline_01,UF_left,FA,True
AD_004,pipeline_01,UF_left,MD,True
AD_004,pipeline_01,UF_left,RD,True
AD_004,pipeline_01,UF_right,AD,True
AD_004,pipeline_01,UF_right,FA,True
AD_004,pipeline_01,UF_right,MD,True
AD_004,pipeline_01,UF_right,RD,True
AD_004,pipeline_02,CC_2,AD,True
AD_004,pipeline_02,CC_2,FA,True
AD_004,pipeline_02,CC_2,MD,True
AD_004,pipeline_02,CC_2,RD,True
AD_004,pipeline_02,CC_7,AD,True
AD_004,pipeline_02,CC_7,FA,True
AD_004,pipeline_02,CC_7,MD,True
AD_004,pipeline_02,CC_7,RD,True
AD_004,pipeline_02,CG_left,AD,True
AD_004,pipeline_02,CG_left,FA,True
AD_004,pipeline_02,CG_left,MD,True
AD_004,pipeline_02,CG_left,RD,True
AD_004,pipeline_02,CG_right,AD,True
AD_004,pipeline_02,CG_right,FA,True
AD_004,pipeline_02,CG_right,MD,True
AD_004,pipeline_02,CG_right,RD,True
AD_004,pipeline_02,IFO_left,AD,True
AD_004,pipeline_02,IFO_left,FA,True
AD_004,pipeline_02,IFO_left,MD,True
AD_004,pipeline_02,IFO_left,RD,True
AD_004,pipeline_02,IFO_right,AD,True
AD_004,pipeline_02,IFO_right,FA,True
AD_004,pipeline_02,IFO_right,MD,True
AD_004,pipeline_02,IFO_right,RD,True
AD_004,pipeline_02,ILF_left,AD,True
AD_004,pipeline_02,ILF_left,FA,True
AD_004,pipeline_02,ILF_left,MD,True
AD_004,pipeline_02,ILF_left,RD,True
AD_004,pipeline_02,ILF_right,AD,True
AD_004,pipeline_02,ILF_right,FA,True
AD_004,pipeline_02,ILF_right,MD,True
AD_004,pipeline_02,ILF_right,RD,True
AD_004,pipeline_02,UF_left,AD,True
AD_004,pipeline_02,UF_left,FA,True
AD_004,pipeline_02,UF_left,MD,True
AD_004,pipeline_02,UF_left,RD,True
AD_004,pipeline_02,UF_right,AD,True
AD_004,pipeline_02,UF_right,FA,True
AD_004,pipeline_02,UF_right,MD,True
AD_004,pipeline_02,UF_right,RD,True
AD_004,pipeline_03,CC_2,AD,True
AD_004,pipeline_03,CC_2,FA,True
AD_004,pipeline_03,CC_2,MD,True
AD_004,pipeline_03,CC_2,RD,True
AD_004,pipeline_03,CC_7,AD,True
AD_004,pipeline_03,CC_7,FA,True
AD_004,pipeline_03,CC_7,MD,True
AD_004,pipeline_03,CC_7,RD,True
AD_004,pipeline_03,CG_left,AD,True
AD_004,pipeline_03,CG_left,FA,True
AD_004,pipeline_03,CG_left,MD,True
AD_004,pipeline_03,CG_left,RD,True
AD_004,pipeline_03,CG_right,AD,True
AD_004,pipeline_03,CG_right,FA,True
AD_004,pipeline_03,CG_right,MD,True
AD_004,pipeline_03,CG_right,RD,True
AD_004,pipeline_03,IFO_left,AD,True
AD_004,pipeline_03,IFO_left,FA,True
AD_004,pipeline_03,IFO_left,MD,True
AD_004,pipeline_03,IFO_left,RD,True
AD_004,pipeline_03,IFO_right,AD,True
AD_004,pipeline_03,IFO_right,FA,True
AD_004,pipeline_03,IFO_right,MD,True
AD_004,pipeline_03,IFO_right,RD,True
AD_004,pipeline_03,ILF_left,AD,True
AD_004,pipeline_03,ILF_left,FA,True
AD_004,pipeline_03,ILF_left,MD,True
AD_004,pipeline_03,ILF_left,RD,True
AD_004,pipeline_03,ILF_right,AD,True
AD_004,pipeline_03,ILF_right,FA,True
AD_004,pipeline_03,ILF_right,MD,True
AD_004,pipeline_03,ILF_right,RD,True
AD_004,pipeline_03,UF_left,AD,True
AD_004,pipeline_03,UF_left,FA,True
AD_004,pipeline_03,UF_left,MD,True
AD_004,pipeline_03,UF_left,RD,True
AD_004,pipeline_03,UF_right,AD,True
AD_004,pipeline_03,UF_right,FA,True
AD_004,pipeline_03,UF_right,MD,True
AD_004,pipeline_03,UF_right,RD,True
AD_005,pipeline_01,CC_2,AD,True
AD_005,pipeline_01,CC_2,FA,True
AD_005,pipeline_01,CC_2,MD,True
AD_005,pipeline_01,CC_2,RD,True
AD_005,pipeline_01,CC_7,AD,True
AD_005,pipeline_01,CC_7,FA,True
AD_005,pipeline_01,CC_7,MD,True
AD_005,pipeline_01,CC_7,RD,True
AD_005,pipeline_01,CG_left,AD,True
AD_005,pipeline_01,CG_left,FA,True
AD_005,pipeline_01,CG_left,MD,True
AD_005,pipeline_01,CG_left,RD,True
AD_005,pipeline_01,CG_right,AD,True
AD_005,pipeline_01,CG_right,FA,True
AD_005,pipeline_01,CG_right,MD,True
AD_005,pipeline_01,CG_right,RD,True
AD_005,pipeline_01,IFO_left,AD,True
AD_005,pipeline_01,IFO_left,FA,True
AD_005,pipeline_01,IFO_left,MD,True
AD_005,pipeline_01,IFO_left,RD,True
AD_005,pipeline_01,IFO_right,AD,True
AD_005,pipeline_01,IFO_right,FA,True
AD_005,pipeline_01,IFO_right,MD,True
AD_005,pipeline_01,IFO_right,RD,True
AD_005,pipeline_01,ILF_left,AD,True
AD_005,pipeline_01,ILF_left,FA,True
AD_005,pipeline_01,ILF_left,MD,True
AD_005,pipeline_01,ILF_left,RD,True
AD_005,pipeline_01,ILF_right,AD,True
AD_005,pipeline_01,ILF_right,FA,True
AD_005,pipeline_01,ILF_right,MD,True
AD_005,pipeline_01,ILF_right,RD,True
AD_005,pipeline_01,UF_left,AD,True
AD_005,pipeline_01,UF_left,FA,True
AD_005,pipeline_01,UF_left,MD,True
AD_005,pipeline_01,UF_left,RD,True
AD_005,pipeline_01,UF_right,AD,True
AD_005,pipeline_01,UF_right,FA,True
AD_005,pipeline_01,UF_right,MD,True
AD_005,pipeline_01,UF_right,RD,True
AD_005,pipeline_02,CC_2,AD,True
AD_005,pipeline_02,CC_2,FA,True
AD_005,pipeline_02,CC_2,MD,True
AD_005,pipeline_02,CC_2,RD,True
AD_005,pipeline_02,CC_7,AD,True
AD_005,pipeline_02,CC_7,FA,True
AD_005,pipeline_02,CC_7,MD,True
AD_005,pipeline_02,CC_7,RD,True
AD_005,pipeline_02,CG_left,AD,True
AD_005,pipeline_02,CG_left,FA,True
AD_005,pipeline_02,CG_left,MD,True
AD_005,pipeline_02,CG_left,RD,True
AD_005,pipeline_02,CG_right,AD,True
AD_005,pipeline_02,CG_right,FA,True
AD_005,pipeline_02,CG_right,MD,True
AD_005,pipeline_02,CG_right,RD,True
AD_005,pipeline_02,IFO_left,AD,True
AD_005,pipeline_02,IFO_left,FA,True
AD_005,pipeline_02,IFO_left,MD,True
AD_005,pipeline_02,IFO_left,RD,True
AD_005,pipeline_02,IFO_right,AD,True
AD_005,pipeline_02,IFO_right,FA,True
AD_005,pipeline_02,IFO_right,MD,True
AD_005,pipeline_02,IFO_right,RD,True
AD_005,pipeline_02,ILF_left,AD,True
AD_005,pipeline_02,ILF_left,FA,True
AD_005,pipeline_02,ILF_left,MD,True
AD_005,pipeline_02,ILF_left,RD,True
AD_005,pipeline_02,ILF_right,AD,True
AD_005,pipeline_02,ILF_right,FA,True
AD_005,pipeline_02,ILF_right,MD,True
AD_005,pipeline_02,ILF_right,RD,True
AD_005,pipeline_02,UF_left,AD,True
AD_005,pipeline_02,UF_left,FA,True
AD_005,pipeline_02,UF_left,MD,True
AD_005,pipeline_02,UF_left,RD,True
AD_005,pipeline_02,UF_right,AD,True
AD_005,pipeline_02,UF_right,FA,True
AD_005,pipeline_02,UF_right,MD,True
AD_005,pipeline_02,UF_right,RD,True
AD_005,pipeline_03,CC_2,AD,True
AD_005,pipeline_03,CC_2,FA,True
AD_005,pipeline_03,CC_2,MD,True
AD_005,pipeline_03,CC_2,RD,True
AD_005,pipeline_03,CC_7,AD,True
AD_005,pipeline_03,CC_7,FA,True
AD_005,pipeline_03,CC_7,MD,True
AD_005,pipeline_03,CC_7,RD,True
AD_005,pipeline_03,CG_left,AD,True
AD_005,pipeline_03,CG_left,FA,True
AD_005,pipeline_03,CG_left,MD,True
AD_005,pipeline_03,CG_left,RD,True
AD_005,pipeline_03,CG_right,AD,True
AD_005,pipeline_03,CG_right,FA,True
AD_005,pipeline_03,CG_right,MD,True
AD_005,pipeline_03,CG_right,RD,True
AD_005,pipeline_03,IFO_left,AD,True
AD_005,pipeline_03,IFO_left,FA,True
AD_005,pipeline_03,IFO_left,MD,True
AD_005,pipeline_03,IFO_left,RD,True
AD_005,pipeline_03,IFO_right,AD,True
AD_005,pipeline_03,IFO_right,FA,True
AD_005,pipeline_03,IFO_right,MD,True
AD_005,pipeline_03,IFO_right,RD,True
AD_005,pipeline_03,ILF_left,AD,True
AD_005,pipeline_03,ILF_left,FA,True
AD_005,pipeline_03,ILF_left,MD,True
AD_005,pipeline_03,ILF_left,RD,True
AD_005,pipeline_03,ILF_right,AD,True
AD_005,pipeline_03,ILF_right,FA,True
AD_005,pipeline_03,ILF_right,MD,True
AD_005,pipeline_03,ILF_right,RD,True
AD_005,pipeline_03,UF_left,AD,True
AD_005,pipeline_03,UF_left,FA,True
AD_005,pipeline_03,UF_left,MD,True
AD_005,pipeline_03,UF_left,RD,True
AD_005,pipeline_03,UF_right,AD,True
AD_005,pipeline_03,UF_right,FA,True
AD_005,pipeline_03,UF_right,MD,True
AD_005,pipeline_03,UF_right,RD,True
AD_006,pipeline_01,CC_2,AD,True
AD_006,pipeline_01,CC_2,FA,True
AD_006,pipeline_01,CC_2,MD,True
AD_006,pipeline_01,CC_2,RD,True
AD_006,pipeline_01,CC_7,AD,True
AD_006,pipeline_01,CC_7,FA,True
AD_006,pipeline_01,CC_7,MD,True
AD_006,pipeline_01,CC_7,RD,True
AD_006,pipeline_01,CG_left,AD,True
AD_006,pipeline_01,CG_left,FA,True
AD_006,pipeline_01,CG_left,MD,True
AD_006,pipeline_01,CG_left,RD,True
AD_006,pipeline_01,CG_right,AD,True
AD_006,pipeline_01,CG_right,FA,True
AD_006,pipeline_01,CG_right,MD,True
AD_006,pipeline_01,CG_right,RD,True
AD_006,pipeline_01,IFO_left,AD,True
AD_006,pipeline_01,IFO_left,FA,True
AD_006,pipeline_01,IFO_left,MD,True
AD_006,pipeline_01,IFO_left,RD,True
AD_006,pipeline_01,IFO_right,AD,True
AD_006,pipeline_01,IFO_right,FA,True
AD_006,pipeline_01,IFO_right,MD,True
AD_006,pipeline_01,IFO_right,RD,True
AD_006,pipeline_01,ILF_left,AD,True
AD_006,pipeline_01,ILF_left,FA,True
AD_006,pipeline_01,ILF_left,MD,True
AD_006,pipeline_01,ILF_left,RD,True
AD_006,pipeline_01,ILF_right,AD,True
AD_006,pipeline_01,ILF_right,FA,True
AD_006,pipeline_01,ILF_right,MD,True
AD_006,pipeline_01,ILF_right,RD,True
AD_006,pipeline_01,UF_left,AD,True
AD_006,pipeline_01,UF_left,FA,True
AD_006,pipeline_01,UF_left,MD,True
AD_006,pipeline_01,UF_left,RD,True
AD_006,pipeline_01,UF_right,AD,True
AD_006,pipeline_01,UF_right,FA,True
AD_006,pipeline_01,UF_right,MD,True
AD_006,pipeline_01,UF_right,RD,True
AD_006,pipeline_02,CC_2,AD,True
AD_006,pipeline_02,CC_2,FA,True
AD_006,pipeline_02,CC_2,MD,True
AD_006,pipeline_02,CC_2,RD,True
AD_006,pipeline_02,CC_7,AD,True
AD_006,pipeline_02,CC_7,FA,True
AD_006,pipeline_02,CC_7,MD,True
AD_006,pipeline_02,CC_7,RD,True
AD_006,pipeline_02,CG_left,AD,True
AD_006,pipeline_02,CG_left,FA,True
AD_006,pipeline_02,CG_left,MD,True
AD_006,pipeline_02,CG_left,RD,True
AD_006,pipeline_02,CG_right,AD,True
AD_006,pipeline_02,CG_right,FA,True
AD_006,pipeline_02,CG_right,MD,True
AD_006,pipeline_02,CG_right,RD,True
AD_006,pipeline_02,IFO_left,AD,True
AD_006,pipeline_02,IFO_left,FA,True
AD_006,pipeline_02,IFO_left,MD,True
AD_006,pipeline_02,IFO_left,RD,True
AD_006,pipeline_02,IFO_right,AD,True
AD_006,pipeline_02,IFO_right,FA,True
AD_006,pipeline_02,IFO_right,MD,True
AD_006,pipeline_02,IFO_right,RD,True
AD_006,pipeline_02,ILF_left,AD,True
AD_006,pipeline_02,ILF_left,FA,True
AD_006,pipeline_02,ILF_left,MD,True
AD_006,pipeline_02,ILF_left,RD,True
AD_006,pipeline_02,ILF_right,AD,True
AD_006,pipeline_02,ILF_right,FA,True
AD_006,pipeline_02,ILF_right,MD,True
AD_006,pipeline_02,ILF_right,RD,True
AD_006,pipeline_02,UF_left,AD,True
AD_006,pipeline_02,UF_left,FA,True
AD_006,pipeline_02,UF_left,MD,True
AD_006,pipeline_02,UF_left,RD,True
AD_006,pipeline_02,UF_right,AD,True
AD_006,pipeline_02,UF_right,FA,True
AD_006,pipeline_02,UF_right,MD,True
AD_006,pipeline_02,UF_right,RD,True
AD_006,pipeline_03,CC_2,AD,True
AD_006,pipeline_03,CC_2,FA,True
AD_006,pipeline_03,CC_2,MD,True
AD_006,pipeline_03,CC_2,RD,True
AD_006,pipeline_03,CC_7,AD,True
AD_006,pipeline_03,CC_7,FA,True
AD_006,pipeline_03,CC_7,MD,True
AD_006,pipeline_03,CC_7,RD,True
AD_006,pipeline_03,CG_left,AD,True
AD_006,pipeline_03,CG_left,FA,True
AD_006,pipeline_03,CG_left,MD,True
AD_006,pipeline_03,CG_left,RD,True
AD_006,pipeline_03,CG_right,AD,True
AD_006,pipeline_03,CG_right,FA,True
AD_006,pipeline_03,CG_right,MD,True
AD_006,pipeline_03,CG_right,RD,True
AD_006,pipeline_03,IFO_left,AD,True
AD_006,pipeline_03,IFO_left,FA,True
AD_006,pipeline_03,IFO_left,MD,True
AD_006,pipeline_03,IFO_left,RD,True
AD_006,pipeline_03,IFO_right,AD,True
AD_006,pipeline_03,IFO_right,FA,True
AD_006,pipeline_03,IFO_right,MD,True
AD_006,pipeline_03,IFO_right,RD,True
AD_006,pipeline_03,ILF_left,AD,True
AD_006,pipeline_03,ILF_left,FA,True
AD_006,pipeline_03,ILF_left,MD,True
AD_006,pipeline_03,ILF_left,RD,True
AD_006,pipeline_03,ILF_right,AD,True
AD_006,pipeline_03,ILF_right,FA,True
AD_006,pipeline_03,ILF_right,MD,True
AD_006,pipeline_03,ILF_right,RD,True
AD_006,pipeline_03,UF_left,AD,True
AD_006,pipeline_03,UF_left,FA,True
AD_006,pipeline_03,UF_left,MD,True
AD_006,pipeline_03,UF_left,RD,True
AD_006,pipeline_03,UF_right,AD,True
AD_006,pipeline_03,UF_right,FA,True
AD_006,pipeline_03,UF_right,MD,True
AD_006,pipeline_03,UF_right,RD,True
AD_007,pipeline_01,CC_2,AD,True
AD_007,pipeline_01,CC_2,FA,True
AD_007,pipeline_01,CC_2,MD,True
AD_007,pipeline_01,CC_2,RD,True
AD_007,pipeline_01,CC_7,AD,True
AD_007,pipeline_01,CC_7,FA,True
AD_007,pipeline_01,CC_7,MD,True
AD_007,pipeline_01,CC_7,RD,True
AD_007,pipeline_01,CG_left,AD,True
AD_007,pipeline_01,CG_left,FA,True
AD_007,pipeline_01,CG_left,MD,True
AD_007,pipeline_01,CG_left,RD,True
AD_007,pipeline_01,CG_right,AD,True
AD_007,pipeline_01,CG_right,FA,True
AD_007,pipeline_01,CG_right,MD,True
AD_007,pipeline_01,CG_right,RD,True
AD_007,pipeline_01,IFO_left,AD,True
AD_007,pipeline_01,IFO_left,FA,True
AD_007,pipeline_01,IFO_left,MD,True
AD_007,pipeline_01,IFO_left,RD,True
AD_007,pipeline_01,IFO_right,AD,True
AD_007,pipeline_01,IFO_right,FA,True
AD_007,pipeline_01,IFO_right,MD,True
AD_007,pipeline_01,IFO_right,RD,True
AD_007,pipeline_01,ILF_left,AD,True
AD_007,pipeline_01,ILF_left,FA,True
AD_007,pipeline_01,ILF_left,MD,True
AD_007,pipeline_01,ILF_left,RD,True
AD_007,pipeline_01,ILF_right,AD,True
AD_007,pipeline_01,ILF_right,FA,True
AD_007,pipeline_01,ILF_right,MD,True
AD_007,pipeline_01,ILF_right,RD,True
AD_007,pipeline_01,UF_left,AD,True
AD_007,pipeline_01,UF_left,FA,True
AD_007,pipeline_01,UF_left,MD,True
AD_007,pipeline_01,UF_left,RD,True
AD_007,pipeline_01,UF_right,AD,True
AD_007,pipeline_01,UF_right,FA,True
AD_007,pipeline_01,UF_right,MD,True
AD_007,pipeline_01,UF_right,RD,True
AD_007,pipeline_02,CC_2,AD,True
AD_007,pipeline_02,CC_2,FA,True
AD_007,pipeline_02,CC_2,MD,True
AD_007,pipeline_02,CC_2,RD,True
AD_007,pipeline_02,CC_7,AD,True
AD_007,pipeline_02,CC_7,FA,True
AD_007,pipeline_02,CC_7,MD,True
AD_007,pipeline_02,CC_7,RD,True
AD_007,pipeline_02,CG_left,AD,True
AD_007,pipeline_02,CG_left,FA,True
AD_007,pipeline_02,CG_left,MD,True
AD_007,pipeline_02,CG_left,RD,True
AD_007,pipeline_02,CG_right,AD,True
AD_007,pipeline_02,CG_right,FA,True
AD_007,pipeline_02,CG_right,MD,True
AD_007,pipeline_02,CG_right,RD,True
AD_007,pipeline_02,IFO_left,AD,True
AD_007,pipeline_02,IFO_left,FA,True
AD_007,pipeline_02,IFO_left,MD,True
AD_007,pipeline_02,IFO_left,RD,True
AD_007,pipeline_02,IFO_right,AD,True
AD_007,pipeline_02,IFO_right,FA,True
AD_007,pipeline_02,IFO_right,MD,True
AD_007,pipeline_02,IFO_right,RD,True
AD_007,pipeline_02,ILF_left,AD,True
AD_007,pipeline_02,ILF_left,FA,True
AD_007,pipeline_02,ILF_left,MD,True
AD_007,pipeline_02,ILF_left,RD,True
AD_007,pipeline_02,ILF_right,AD,True
AD_007,pipeline_02,ILF_right,FA,True
AD_007,pipeline_02,ILF_right,MD,True
AD_007,pipeline_02,ILF_right,RD,True
AD_007,pipeline_02,UF_left,AD,True
AD_007,pipeline_02,UF_left,FA,True
AD_007,pipeline_02,UF_left,MD,True
AD_007,pipeline_02,UF_left,RD,True
AD_007,pipeline_02,UF_right,AD,True
AD_007,pipeline_02,UF_right,FA,True
AD_007,pipeline_02,UF_right,MD,True
AD_007,pipeline_02,UF_right,RD,True
AD_007,pipeline_03,CC_2,AD,True
AD_007,pipeline_03,CC_2,FA,True
AD_007,pipeline_03,CC_2,MD,True
AD_007,pipeline_03,CC_2,RD,True
AD_007,pipeline_03,CC_7,AD,True
AD_007,pipeline_03,CC_7,FA,True
AD_007,pipeline_03,CC_7,MD,True
AD_007,pipeline_03,CC_7,RD,True
AD_007,pipeline_03,CG_left,AD,True
AD_007,pipeline_03,CG_left,FA,True
AD_007,pipeline_03,CG_left,MD,True
AD_007,pipeline_03,CG_left,RD,True
AD_007,pipeline_03,CG_right,AD,True
AD_007,pipeline_03,CG_right,FA,True
AD_007,pipeline_03,CG_right,MD,True
AD_007,pipeline_03,CG_right,RD,True
AD_007,pipeline_03,IFO_left,AD,True
AD_007,pipeline_03,IFO_left,FA,True
AD_007,pipeline_03,IFO_left,MD,True
AD_007,pipeline_03,IFO_left,RD,True
AD_007,pipeline_03,IFO_right,AD,True
AD_007,pipeline_03,IFO_right,FA,True
AD_007,pipeline_03,IFO_right,MD,True
AD_007,pipeline_03,IFO_right,RD,True
AD_007,pipeline_03,ILF_left,AD,True
AD_007,pipeline_03,ILF_left,FA,True
AD_007,pipeline_03,ILF_left,MD,True
AD_007,pipeline_03,ILF_left,RD,True
AD_007,pipeline_03,ILF_right,AD,True
AD_007,pipeline_03,ILF_right,FA,True
AD_007,pipeline_03,ILF_right,MD,True
AD_007,pipeline_03,ILF_right,RD,True
AD_007,pipeline_03,UF_left,AD,True
AD_007,pipeline_03,UF_left,FA,True
AD_007,pipeline_03,UF_left,MD,True
AD_007,pipeline_03,UF_left,RD,True
AD_007,pipeline_03,UF_right,AD,True
AD_007,pipeline_03,UF_right,FA,True
AD_007,pipeline_03,UF_right,MD,True
AD_007,pipeline_03,UF_right,RD,True
AD_008,pipeline_01,CC_2,AD,True
AD_008,pipeline_01,CC_2,FA,True
AD_008,pipeline_01,CC_2,MD,True
AD_008,pipeline_01,CC_2,RD,True
AD_008,pipeline_01,CC_7,AD,True
AD_008,pipeline_01,CC_7,FA,True
AD_008,pipeline_01,CC_7,MD,True
AD_008,pipeline_01,CC_7,RD,True
AD_008,pipeline_01,CG_left,AD,True
AD_008,pipeline_01,CG_left,FA,True
AD_008,pipeline_01,CG_left,MD,True
AD_008,pipeline_01,CG_left,RD,True
AD_008,pipeline_01,CG_right,AD,True
AD_008,pipeline_01,CG_right,FA,True
AD_008,pipeline_01,CG_right,MD,True
AD_008,pipeline_01,CG_right,RD,True
AD_008,pipeline_01,IFO_left,AD,True
AD_008,pipeline_01,IFO_left,FA,True
AD_008,pipeline_01,IFO_left,MD,True
AD_008,pipeline_01,IFO_left,RD,True
AD_008,pipeline_01,IFO_right,AD,True
AD_008,pipeline_01,IFO_right,FA,True
AD_008,pipeline_01,IFO_right,MD,True
AD_008,pipeline_01,IFO_right,RD,True
AD_008,pipeline_01,ILF_left,AD,True
AD_008,pipeline_01,ILF_left,FA,True
AD_008,pipeline_01,ILF_left,MD,True
AD_008,pipeline_01,ILF_left,RD,True
AD_008,pipeline_01,ILF_right,AD,True
AD_008,pipeline_01,ILF_right,FA,True
AD_008,pipeline_01,ILF_right,MD,True
AD_008,pipeline_01,ILF_right,RD,True
AD_008,pipeline_01,UF_left,AD,True
AD_008,pipeline_01,UF_left,FA,True
AD_008,pipeline_01,UF_left,MD,True
AD_008,pipeline_01,UF_left,RD,True
AD_008,pipeline_01,UF_right,AD,True
AD_008,pipeline_01,UF_right,FA,True
AD_008,pipeline_01,UF_right,MD,True
AD_008,pipeline_01,UF_right,RD,True
AD_008,pipeline_02,CC_2,AD,True
AD_008,pipeline_02,CC_2,FA,True
AD_008,pipeline_02,CC_2,MD,True
AD_008,pipeline_02,CC_2,RD,True
AD_008,pipeline_02,CC_7,AD,True
AD_008,pipeline_02,CC_7,FA,True
AD_008,pipeline_02,CC_7,MD,True
AD_008,pipeline_02,CC_7,RD,True
AD_008,pipeline_02,CG_left,AD,True
AD_008,pipeline_02,CG_left,FA,True
AD_008,pipeline_02,CG_left,MD,True
AD_008,pipeline_02,CG_left,RD,True
AD_008,pipeline_02,CG_right,AD,True
AD_008,pipeline_02,CG_right,FA,True
AD_008,pipeline_02,CG_right,MD,True
AD_008,pipeline_02,CG_right,RD,True
AD_008,pipeline_02,IFO_left,AD,True
AD_008,pipeline_02,IFO_left,FA,True
AD_008,pipeline_02,IFO_left,MD,True
AD_008,pipeline_02,IFO_left,RD,True
AD_008,pipeline_02,IFO_right,AD,True
AD_008,pipeline_02,IFO_right,FA,True
AD_008,pipeline_02,IFO_right,MD,True
AD_008,pipeline_02,IFO_right,RD,True
AD_008,pipeline_02,ILF_left,AD,True
AD_008,pipeline_02,ILF_left,FA,True
AD_008,pipeline_02,ILF_left,MD,True
AD_008,pipeline_02,ILF_left,RD,True
AD_008,pipeline_02,ILF_right,AD,True
AD_008,pipeline_02,ILF_right,FA,True
AD_008,pipeline_02,ILF_right,MD,True
AD_008,pipeline_02,ILF_right,RD,True
AD_008,pipeline_02,UF_left,AD,True
AD_008,pipeline_02,UF_left,FA,True
AD_008,pipeline_02,UF_left,MD,True
AD_008,pipeline_02,UF_left,RD,True
AD_008,pipeline_02,UF_right,AD,True
AD_008,pipeline_02,UF_right,FA,True
AD_008,pipeline_02,UF_right,MD,True
AD_008,pipeline_02,UF_right,RD,True
AD_008,pipeline_03,CC_2,AD,True
AD_008,pipeline_03,CC_2,FA,True
AD_008,pipeline_03,CC_2,MD,True
AD_008,pipeline_03,CC_2,RD,True
AD_008,pipeline_03,CC_7,AD,True
AD_008,pipeline_03,CC_7,FA,True
AD_008,pipeline_03,CC_7,MD,True
AD_008,pipeline_03,CC_7,RD,True
AD_008,pipeline_03,CG_left,AD,True
AD_008,pipeline_03,CG_left,FA,True
AD_008,pipeline_03,CG_left,MD,True
AD_008,pipeline_03,CG_left,RD,True
AD_008,pipeline_03,CG_right,AD,True
AD_008,pipeline_03,CG_right,FA,True
AD_008,pipeline_03,CG_right,MD,True
AD_008,pipeline_03,CG_right,RD,True
AD_008,pipeline_03,IFO_left,AD,True
AD_008,pipeline_03,IFO_left,FA,True
AD_008,pipeline_03,IFO_left,MD,True
AD_008,pipeline_03,IFO_left,RD,True
AD_008,pipeline_03,IFO_right,AD,True
AD_008,pipeline_03,IFO_right,FA,True
AD_008,pipeline_03,IFO_right,MD,True
AD_008,pipeline_03,IFO_right,RD,True
AD_008,pipeline_03,ILF_left,AD,True
AD_008,pipeline_03,ILF_left,FA,True
AD_008,pipeline_03,ILF_left,MD,True
AD_008,pipeline_03,ILF_left,RD,True
AD_008,pipeline_03,ILF_right,AD,True
AD_008,pipeline_03,ILF_right,FA,True
AD_008,pipeline_03,ILF_right,MD,True
AD_008,pipeline_03,ILF_right,RD,True
AD_008,pipeline_03,UF_left,AD,True
AD_008,pipeline_03,UF_left,FA,True
AD_008,pipeline_03,UF_left,MD,True
AD_008,pipeline_03,UF_left,RD,True
AD_008,pipeline_03,UF_right,AD,True
AD_008,pipeline_03,UF_right,FA,True
AD_008,pipeline_03,UF_right,MD,True
AD_008,pipeline_03,UF_right,RD,True
AD_009,pipeline_01,CC_2,AD,True
AD_009,pipeline_01,CC_2,FA,True
AD_009,pipeline_01,CC_2,MD,True
AD_009,pipeline_01,CC_2,RD,True
AD_009,pipeline_01,CC_7,AD,True
AD_009,pipeline_01,CC_7,FA,True
AD_009,pipeline_01,CC_7,MD,True
AD_009,pipeline_01,CC_7,RD,True
AD_009,pipeline_01,CG_left,AD,True
AD_009,pipeline_01,CG_left,FA,True
AD_009,pipeline_01,CG_left,MD,True
AD_009,pipeline_01,CG_left,RD,True
AD_009,pipeline_01,CG_right,AD,True
AD_009,pipeline_01,CG_right,FA,True
AD_009,pipeline_01,CG_right,MD,True
AD_009,pipeline_01,CG_right,RD,True
AD_009,pipeline_01,IFO_left,AD,True
AD_009,pipeline_01,IFO_left,FA,True
AD_009,pipeline_01,IFO_left,MD,True
AD_009,pipeline_01,IFO_left,RD,True
AD_009,pipeline_01,IFO_right,AD,True
AD_009,pipeline_01,IFO_right,FA,True
AD_009,pipeline_01,IFO_right,MD,True
AD_009,pipeline_01,IFO_right,RD,True
AD_009,pipeline_01,ILF_left,AD,True
AD_009,pipeline_01,ILF_left,FA,True
AD_009,pipeline_01,ILF_left,MD,True
AD_009,pipeline_01,ILF_left,RD,True
AD_009,pipeline_01,ILF_right,AD,True
AD_009,pipeline_01,ILF_right,FA,True
AD_009,pipeline_01,ILF_right,MD,True
AD_009,pipeline_01,ILF_right,RD,True
AD_009,pipeline_01,UF_left,AD,True
AD_009,pipeline_01,UF_left,FA,True
AD_009,pipeline_01,UF_left,MD,True
AD_009,pipeline_01,UF_left,RD,True
AD_009,pipeline_01,UF_right,AD,True
AD_009,pipeline_01,UF_right,FA,True
AD_009,pipeline_01,UF_right,MD,True
AD_009,pipeline_01,UF_right,RD,True
AD_009,pipeline_02,CC_2,AD,True
AD_009,pipeline_02,CC_2,FA,True
AD_009,pipeline_02,CC_2,MD,True
AD_009,pipeline_02,CC_2,RD,True
AD_009,pipeline_02,CC_7,AD,True
AD_009,pipeline_02,CC_7,FA,True
AD_009,pipeline_02,CC_7,MD,True
AD_009,pipeline_02,CC_7,RD,True
AD_009,pipeline_02,CG_left,AD,True
AD_009,pipeline_02,CG_left,FA,True
AD_009,pipeline_02,CG_left,MD,True
AD_009,pipeline_02,CG_left,RD,True
AD_009,pipeline_02,CG_right,AD,True
AD_009,pipeline_02,CG_right,FA,True
AD_009,pipeline_02,CG_right,MD,True
AD_009,pipeline_02,CG_right,RD,True
AD_009,pipeline_02,IFO_left,AD,True
AD_009,pipeline_02,IFO_left,FA,True
AD_009,pipeline_02,IFO_left,MD,True
AD_009,pipeline_02,IFO_left,RD,True
AD_009,pipeline_02,IFO_right,AD,True
AD_009,pipeline_02,IFO_right,FA,True
AD_009,pipeline_02,IFO_right,MD,True
AD_009,pipeline_02,IFO_right,RD,True
AD_009,pipeline_02,ILF_left,AD,True
AD_009,pipeline_02,ILF_left,FA,True
AD_009,pipeline_02,ILF_left,MD,True
AD_009,pipeline_02,ILF_left,RD,True
AD_009,pipeline_02,ILF_right,AD,True
AD_009,pipeline_02,ILF_right,FA,True
AD_009,pipeline_02,ILF_right,MD,True
AD_009,pipeline_02,ILF_right,RD,True
AD_009,pipeline_02,UF_left,AD,True
AD_009,pipeline_02,UF_left,FA,True
AD_009,pipeline_02,UF_left,MD,True
AD_009,pipeline_02,UF_left,RD,True
AD_009,pipeline_02,UF_right,AD,True
AD_009,pipeline_02,UF_right,FA,True
AD_009,pipeline_02,UF_right,MD,True
AD_009,pipeline_02,UF_right,RD,True
AD_009,pipeline_03,CC_2,AD,True
AD_009,pipeline_03,CC_2,FA,True
AD_009,pipeline_03,CC_2,MD,True
AD_009,pipeline_03,CC_2,RD,True
AD_009,pipeline_03,CC_7,AD,True
AD_009,pipeline_03,CC_7,FA,True
AD_009,pipeline_03,CC_7,MD,True
AD_009,pipeline_03,CC_7,RD,True
AD_009,pipeline_03,CG_left,AD,True
AD_009,pipeline_03,CG_left,FA,True
AD_009,pipeline_03,CG_left,MD,True
AD_009,pipeline_03,CG_left,RD,True
AD_009,pipeline_03,CG_right,AD,True
AD_009,pipeline_03,CG_right,FA,True
AD_009,pipeline_03,CG_right,MD,True
AD_009,pipeline_03,CG_right,RD,True
AD_009,pipeline_03,IFO_left,AD,True
AD_009,pipeline_03,IFO_left,FA,True
AD_009,pipeline_03,IFO_left,MD,True
AD_009,pipeline_03,IFO_left,RD,True
AD_009,pipeline_03,IFO_right,AD,True
AD_009,pipeline_03,IFO_right,FA,True
AD_009,pipeline_03,IFO_right,MD,True
AD_009,pipeline_03,IFO_right,RD,True
AD_009,pipeline_03,ILF_left,AD,True
AD_009,pipeline_03,ILF_left,FA,True
AD_009,pipeline_03,ILF_left,MD,True
AD_009,pipeline_03,ILF_left,RD,True
AD_009,pipeline_03,ILF_right,AD,True
AD_009,pipeline_03,ILF_right,FA,True
AD_009,pipeline_03,ILF_right,MD,True
AD_009,pipeline_03,ILF_right,RD,True
AD_009,pipeline_03,UF_left,AD,True
AD_009,pipeline_03,UF_left,FA,True
AD_009,pipeline_03,UF_left,MD,True
AD_009,pipeline_03,UF_left,RD,True
AD_009,pipeline_03,UF_right,AD,True
AD_009,pipeline_03,UF_right,FA,True
AD_009,pipeline_03,UF_right,MD,True
AD_009,pipeline_03,UF_right,RD,True
AD_010,pipeline_01,CC_2,AD,True
AD_010,pipeline_01,CC_2,FA,True
AD_010,pipeline_01,CC_2,MD,True
AD_010,pipeline_01,CC_2,RD,True
AD_010,pipeline_01,CC_7,AD,True
AD_010,pipeline_01,CC_7,FA,True
AD_010,pipeline_01,CC_7,MD,True
AD_010,pipeline_01,CC_7,RD,True
AD_010,pipeline_01,CG_left,AD,True
AD_010,pipeline_01,CG_left,FA,True
AD_010,pipeline_01,CG_left,MD,True
AD_010,pipeline_01,CG_left,RD,True
AD_010,pipeline_01,CG_right,AD,True
AD_010,pipeline_01,CG_right,FA,True
AD_010,pipeline_01,CG_right,MD,True
AD_010,pipeline_01,CG_right,RD,True
AD_010,pipeline_01,IFO_left,AD,True
AD_010,pipeline_01,IFO_left,FA,True
AD_010,pipeline_01,IFO_left,MD,True
AD_010,pipeline_01,IFO_left,RD,True
AD_010,pipeline_01,IFO_right,AD,True
AD_010,pipeline_01,IFO_right,FA,True
AD_010,pipeline_01,IFO_right,MD,True
AD_010,pipeline_01,IFO_right,RD,True
AD_010,pipeline_01,ILF_left,AD,True
AD_010,pipeline_01,ILF_left,FA,True
AD_010,pipeline_01,ILF_left,MD,True
AD_010,pipeline_01,ILF_left,RD,True
AD_010,pipeline_01,ILF_right,AD,True
AD_010,pipeline_01,ILF_right,FA,True
AD_010,pipeline_01,ILF_right,MD,True
AD_010,pipeline_01,ILF_right,RD,True
AD_010,pipeline_01,UF_left,AD,True
AD_010,pipeline_01,UF_left,FA,True
AD_010,pipeline_01,UF_left,MD,True
AD_010,pipeline_01,UF_left,RD,True
AD_010,pipeline_01,UF_right,AD,True
AD_010,pipeline_01,UF_right,FA,True
AD_010,pipeline_01,UF_right,MD,True
AD_010,pipeline_01,UF_right,RD,True
AD_010,pipeline_02,CC_2,AD,True
AD_010,pipeline_02,CC_2,FA,True
AD_010,pipeline_02,CC_2,MD,True
AD_010,pipeline_02,CC_2,RD,True
AD_010,pipeline_02,CC_7,AD,True
AD_010,pipeline_02,CC_7,FA,True
AD_010,pipeline_02,CC_7,MD,True
AD_010,pipeline_02,CC_7,RD,True
AD_010,pipeline_02,CG_left,AD,True
AD_010,pipeline_02,CG_left,FA,True
AD_010,pipeline_02,CG_left,MD,True
AD_010,pipeline_02,CG_left,RD,True
AD_010,pipeline_02,CG_right,AD,True
AD_010,pipeline_02,CG_right,FA,True
AD_010,pipeline_02,CG_right,MD,True
AD_010,pipeline_02,CG_right,RD,True
AD_010,pipeline_02,IFO_left,AD,True
AD_010,pipeline_02,IFO_left,FA,True
AD_010,pipeline_02,IFO_left,MD,True
AD_010,pipeline_02,IFO_left,RD,True
AD_010,pipeline_02,IFO_right,AD,True
AD_010,pipeline_02,IFO_right,FA,True
AD_010,pipeline_02,IFO_right,MD,True
AD_010,pipeline_02,IFO_right,RD,True
AD_010,pipeline_02,ILF_left,AD,True
AD_010,pipeline_02,ILF_left,FA,True
AD_010,pipeline_02,ILF_left,MD,True
AD_010,pipeline_02,ILF_left,RD,True
AD_010,pipeline_02,ILF_right,AD,True
AD_010,pipeline_02,ILF_right,FA,True
AD_010,pipeline_02,ILF_right,MD,True
AD_010,pipeline_02,ILF_right,RD,True
AD_010,pipeline_02,UF_left,AD,True
AD_010,pipeline_02,UF_left,FA,True
AD_010,pipeline_02,UF_left,MD,True
AD_010,pipeline_02,UF_left,RD,True
AD_010,pipeline_02,UF_right,AD,True
AD_010,pipeline_02,UF_right,FA,True
AD_010,pipeline_02,UF_right,MD,True
AD_010,pipeline_02,UF_right,RD,True
AD_010,pipeline_03,CC_2,AD,True
AD_010,pipeline_03,CC_2,FA,True
AD_010,pipeline_03,CC_2,MD,True
AD_010,pipeline_03,CC_2,RD,True
AD_010,pipeline_03,CC_7,AD,True
AD_010,pipeline_03,CC_7,FA,True
AD_010,pipeline_03,CC_7,MD,True
AD_010,pipeline_03,CC_7,RD,True
AD_010,pipeline_03,CG_left,AD,True
AD_010,pipeline_03,CG_left,FA,True
AD_010,pipeline_03,CG_left,MD,True
AD_010,pipeline_03,CG_left,RD,True
AD_010,pipeline_03,CG_right,AD,True
AD_010,pipeline_03,CG_right,FA,True
AD_010,pipeline_03,CG_right,MD,True
AD_010,pipeline_03,CG_right,RD,True
AD_010,pipeline_03,IFO_left,AD,True
AD_010,pipeline_03,IFO_left,FA,True
AD_010,pipeline_03,IFO_left,MD,True
AD_010,pipeline_03,IFO_left,RD,True
AD_010,pipeline_03,IFO_right,AD,True
AD_010,pipeline_03,IFO_right,FA,True
AD_010,pipeline_03,IFO_right,MD,True
AD_010,pipeline_03,IFO_right,RD,True
AD_010,pipeline_03,ILF_left,AD,True
AD_010,pipeline_03,ILF_left,FA,True
AD_010,pipeline_03,ILF_left,MD,True
AD_010,pipeline_03,ILF_left,RD,True
AD_010,pipeline_03,ILF_right,AD,True
AD_010,pipeline_03,ILF_right,FA,True
AD_010,pipeline_03,ILF_right,MD,True
AD_010,pipeline_03,ILF_right,RD,True
AD_010,pipeline_03,UF_left,AD,True
AD_010,pipeline_03,UF_left,FA,True
AD_010,pipeline_03,UF_left,MD,True
AD_010,pipeline_03,UF_left,RD,True
AD_010,pipeline_03,UF_right,AD,True
AD_010,pipeline_03,UF_right,FA,True
AD_010,pipeline_03,UF_right,MD,True
AD_010,pipeline_03,UF_right,RD,True
AD_011,pipeline_01,CC_2,AD,True
AD_011,pipeline_01,CC_2,FA,True
AD_011,pipeline_01,CC_2,MD,True
AD_011,pipeline_01,CC_2,RD,True
AD_011,pipeline_01,CC_7,AD,True
AD_011,pipeline_01,CC_7,FA,True
AD_011,pipeline_01,CC_7,MD,True
AD_011,pipeline_01,CC_7,RD,True
AD_011,pipeline_01,CG_left,AD,True
AD_011,pipeline_01,CG_left,FA,True
AD_011,pipeline_01,CG_left,MD,True
AD_011,pipeline_01,CG_left,RD,True
AD_011,pipeline_01,CG_right,AD,True
AD_011,pipeline_01,CG_right,FA,True
AD_011,pipeline_01,CG_right,MD,True
AD_011,pipeline_01,CG_right,RD,True
AD_011,pipeline_01,IFO_left,AD,True
AD_011,pipeline_01,IFO_left,FA,True
AD_011,pipeline_01,IFO_left,MD,True
AD_011,pipeline_01,IFO_left,RD,True
AD_011,pipeline_01,IFO_right,AD,True
AD_011,pipeline_01,IFO_right,FA,True
AD_011,pipeline_01,IFO_right,MD,True
AD_011,pipeline_01,IFO_right,RD,True
AD_011,pipeline_01,ILF_left,AD,True
AD_011,pipeline_01,ILF_left,FA,True
AD_011,pipeline_01,ILF_left,MD,True
AD_011,pipeline_01,ILF_left,RD,True
AD_011,pipeline_01,ILF_right,AD,True
AD_011,pipeline_01,ILF_right,FA,True
AD_011,pipeline_01,ILF_right,MD,True
AD_011,pipeline_01,ILF_right,RD,True
AD_011,pipeline_01,UF_left,AD,True
AD_011,pipeline_01,UF_left,FA,True
AD_011,pipeline_01,UF_left,MD,True
AD_011,pipeline_01,UF_left,RD,True
AD_011,pipeline_01,UF_right,AD,True
AD_011,pipeline_01,UF_right,FA,True
AD_011,pipeline_01,UF_right,MD,True
AD_011,pipeline_01,UF_right,RD,True
AD_011,pipeline_02,CC_2,AD,True
AD_011,pipeline_02,CC_2,FA,True
AD_011,pipeline_02,CC_2,MD,True
AD_011,pipeline_02,CC_2,RD,True
AD_011,pipeline_02,CC_7,AD,True
AD_011,pipeline_02,CC_7,FA,True
AD_011,pipeline_02,CC_7,MD,True
AD_011,pipeline_02,CC_7,RD,True
AD_011,pipeline_02,CG_left,AD,True
AD_011,pipeline_02,CG_left,FA,True
AD_011,pipeline_02,CG_left,MD,True
AD_011,pipeline_02,CG_left,RD,True
AD_011,pipeline_02,CG_right,AD,True
AD_011,pipeline_02,CG_right,FA,True
AD_011,pipeline_02,CG_right,MD,True
AD_011,pipeline_02,CG_right,RD,True
AD_011,pipeline_02,IFO_left,AD,True
AD_011,pipeline_02,IFO_left,FA,True
AD_011,pipeline_02,IFO_left,MD,True
AD_011,pipeline_02,IFO_left,RD,True
AD_011,pipeline_02,IFO_right,AD,True
AD_011,pipeline_02,IFO_right,FA,True
AD_011,pipeline_02,IFO_right,MD,True
AD_011,pipeline_02,IFO_right,RD,True
AD_011,pipeline_02,ILF_left,AD,True
AD_011,pipeline_02,ILF_left,FA,True
AD_011,pipeline_02,ILF_left,MD,True
AD_011,pipeline_02,ILF_left,RD,True
AD_011,pipeline_02,ILF_right,AD,True
AD_011,pipeline_02,ILF_right,FA,True
AD_011,pipeline_02,ILF_right,MD,True
AD_011,pipeline_02,ILF_right,RD,True
AD_011,pipeline_02,UF_left,AD,True
AD_011,pipeline_02,UF_left,FA,True
AD_011,pipeline_02,UF_left,MD,True
AD_011,pipeline_02,UF_left,RD,True
AD_011,pipeline_02,UF_right,AD,True
AD_011,pipeline_02,UF_right,FA,True
AD_011,pipeline_02,UF_right,MD,True
AD_011,pipeline_02,UF_right,RD,True
AD_011,pipeline_03,CC_2,AD,True
AD_011,pipeline_03,CC_2,FA,True
AD_011,pipeline_03,CC_2,MD,True
AD_011,pipeline_03,CC_2,RD,True
AD_011,pipeline_03,CC_7,AD,True
AD_011,pipeline_03,CC_7,FA,True
AD_011,pipeline_03,CC_7,MD,True
AD_011,pipeline_03,CC_7,RD,True
AD_011,pipeline_03,CG_left,AD,True
AD_011,pipeline_03,CG_left,FA,True
AD_011,pipeline_03,CG_left,MD,True
AD_011,pipeline_03,CG_left,RD,True
AD_011,pipeline_03,CG_right,AD,True
AD_011,pipeline_03,CG_right,FA,True
AD_011,pipeline_03,CG_right,MD,True
AD_011,pipeline_03,CG_right,RD,True
AD_011,pipeline_03,IFO_left,AD,True
AD_011,pipeline_03,IFO_left,FA,True
AD_011,pipeline_03,IFO_left,MD,True
AD_011,pipeline_03,IFO_left,RD,True
AD_011,pipeline_03,IFO_right,AD,True
AD_011,pipeline_03,IFO_right,FA,True
AD_011,pipeline_03,IFO_right,MD,True
AD_011,pipeline_03,IFO_right,RD,True
AD_011,pipeline_03,ILF_left,AD,True
AD_011,pipeline_03,ILF_left,FA,True
AD_011,pipeline_03,ILF_left,MD,True
AD_011,pipeline_03,ILF_left,RD,True
AD_011,pipeline_03,ILF_right,AD,True
AD_011,pipeline_03,ILF_right,FA,True
AD_011,pipeline_03,ILF_right,MD,True
AD_011,pipeline_03,ILF_right,RD,True
AD_011,pipeline_03,UF_left,AD,True
AD_011,pipeline_03,UF_left,FA,True
AD_011,pipeline_03,UF_left,MD,True
AD_011,pipeline_03,UF_left,RD,True
AD_011,pipeline_03,UF_right,AD,True
AD_011,pipeline_03,UF_right,FA,True
AD_011,pipeline_03,UF_right,MD,True
AD_011,pipeline_03,UF_right,RD,True
AD_012,pipeline_01,CC_2,AD,True
AD_012,pipeline_01,CC_2,FA,True
AD_012,pipeline_01,CC_2,MD,True
AD_012,pipeline_01,CC_2,RD,True
AD_012,pipeline_01,CC_7,AD,True
AD_012,pipeline_01,CC_7,FA,True
AD_012,pipeline_01,CC_7,MD,True
AD_012,pipeline_01,CC_7,RD,True
AD_012,pipeline_01,CG_left,AD,True
AD_012,pipeline_01,CG_left,FA,True
AD_012,pipeline_01,CG_left,MD,True
AD_012,pipeline_01,CG_left,RD,True
AD_012,pipeline_01,CG_right,AD,True
AD_012,pipeline_01,CG_right,FA,True
AD_012,pipeline_01,CG_right,MD,True
AD_012,pipeline_01,CG_right,RD,True
AD_012,pipeline_01,IFO_left,AD,True
AD_012,pipeline_01,IFO_left,FA,True
AD_012,pipeline_01,IFO_left,MD,True
AD_012,pipeline_01,IFO_left,RD,True
AD_012,pipeline_01,IFO_right,AD,True
AD_012,pipeline_01,IFO_right,FA,True
AD_012,pipeline_01,IFO_right,MD,True
AD_012,pipeline_01,IFO_right,RD,True
AD_012,pipeline_01,ILF_left,AD,True
AD_012,pipeline_01,ILF_left,FA,True
AD_012,pipeline_01,ILF_left,MD,True
AD_012,pipeline_01,ILF_left,RD,True
AD_012,pipeline_01,ILF_right,AD,True
AD_012,pipeline_01,ILF_right,FA,True
AD_012,pipeline_01,ILF_right,MD,True
AD_012,pipeline_01,ILF_right,RD,True
AD_012,pipeline_01,UF_left,AD,True
AD_012,pipeline_01,UF_left,FA,True
AD_012,pipeline_01,UF_left,MD,True
AD_012,pipeline_01,UF_left,RD,True
AD_012,pipeline_01,UF_right,AD,True
AD_012,pipeline_01,UF_right,FA,True
AD_012,pipeline_01,UF_right,MD,True
AD_012,pipeline_01,UF_right,RD,True
AD_012,pipeline_02,CC_2,AD,True
AD_012,pipeline_02,CC_2,FA,True
AD_012,pipeline_02,CC_2,MD,True
AD_012,pipeline_02,CC_2,RD,True
AD_012,pipeline_02,CC_7,AD,True
AD_012,pipeline_02,CC_7,FA,True
AD_012,pipeline_02,CC_7,MD,True
AD_012,pipeline_02,CC_7,RD,True
AD_012,pipeline_02,CG_left,AD,True
AD_012,pipeline_02,CG_left,FA,True
AD_012,pipeline_02,CG_left,MD,True
AD_012,pipeline_02,CG_left,RD,True
AD_012,pipeline_02,CG_right,AD,True
AD_012,pipeline_02,CG_right,FA,True
AD_012,pipeline_02,CG_right,MD,True
AD_012,pipeline_02,CG_right,RD,True
AD_012,pipeline_02,IFO_left,AD,True
AD_012,pipeline_02,IFO_left,FA,True
AD_012,pipeline_02,IFO_left,MD,True
AD_012,pipeline_02,IFO_left,RD,True
AD_012,pipeline_02,IFO_right,AD,True
AD_012,pipeline_02,IFO_right,FA,True
AD_012,pipeline_02,IFO_right,MD,True
AD_012,pipeline_02,IFO_right,RD,True
AD_012,pipeline_02,ILF_left,AD,True
AD_012,pipeline_02,ILF_left,FA,True
AD_012,pipeline_02,ILF_left,MD,True
AD_012,pipeline_02,ILF_left,RD,True
AD_012,pipeline_02,ILF_right,AD,True
AD_012,pipeline_02,ILF_right,FA,True
AD_012,pipeline_02,ILF_right,MD,True
AD_012,pipeline_02,ILF_right,RD,True
AD_012,pipeline_02,UF_left,AD,True
AD_012,pipeline_02,UF_left,FA,True
AD_012,pipeline_02,UF_left,MD,True
AD_012,pipeline_02,UF_left,RD,True
AD_012,pipeline_02,UF_right,AD,True
AD_012,pipeline_02,UF_right,FA,True
AD_012,pipeline_02,UF_right,MD,True
AD_012,pipeline_02,UF_right,RD,True
AD_012,pipeline_03,CC_2,AD,True
AD_012,pipeline_03,CC_2,FA,True
AD_012,pipeline_03,CC_2,MD,True
AD_012,pipeline_03,CC_2,RD,True
AD_012,pipeline_03,CC_7,AD,True
AD_012,pipeline_03,CC_7,FA,True
AD_012,pipeline_03,CC_7,MD,True
AD_012,pipeline_03,CC_7,RD,True
AD_012,pipeline_03,CG_left,AD,True
AD_012,pipeline_03,CG_left,FA,True
AD_012,pipeline_03,CG_left,MD,True
AD_012,pipeline_03,CG_left,RD,True
AD_012,pipeline_03,CG_right,AD,True
AD_012,pipeline_03,CG_right,FA,True
AD_012,pipeline_03,CG_right,MD,True
AD_012,pipeline_03,CG_right,RD,True
AD_012,pipeline_03,IFO_left,AD,True
AD_012,pipeline_03,IFO_left,FA,True
AD_012,pipeline_03,IFO_left,MD,True
AD_012,pipeline_03,IFO_left,RD,True
AD_012,pipeline_03,IFO_right,AD,True
AD_012,pipeline_03,IFO_right,FA,True
AD_012,pipeline_03,IFO_right,MD,True
AD_012,pipeline_03,IFO_right,RD,True
AD_012,pipeline_03,ILF_left,AD,True
AD_012,pipeline_03,ILF_left,FA,True
AD_012,pipeline_03,ILF_left,MD,True
AD_012,pipeline_03,ILF_left,RD,True
AD_012,pipeline_03,ILF_right,AD,True
AD_012,pipeline_03,ILF_right,FA,True
AD_012,pipeline_03,ILF_right,MD,True
AD_012,pipeline_03,ILF_right,RD,True
AD_012,pipeline_03,UF_left,AD,True
AD_012,pipeline_03,UF_left,FA,True
AD_012,pipeline_03,UF_left,MD,True
AD_012,pipeline_03,UF_left,RD,True
AD_012,pipeline_03,UF_right,AD,True
AD_012,pipeline_03,UF_right,FA,True
AD_012,pipeline_03,UF_right,MD,True
AD_012,pipeline_03,UF_right,RD,True
AD_013,pipeline_01,CC_2,AD,True
AD_013,pipeline_01,CC_2,FA,True
AD_013,pipeline_01,CC_2,MD,True
AD_013,pipeline_01,CC_2,RD,True
AD_013,pipeline_01,CC_7,AD,True
AD_013,pipeline_01,CC_7,FA,True
AD_013,pipeline_01,CC_7,MD,True
AD_013,pipeline_01,CC_7,RD,True
AD_013,pipeline_01,CG_left,AD,True
AD_013,pipeline_01,CG_left,FA,True
AD_013,pipeline_01,CG_left,MD,True
AD_013,pipeline_01,CG_left,RD,True
AD_013,pipeline_01,CG_right,AD,True
AD_013,pipeline_01,CG_right,FA,True
AD_013,pipeline_01,CG_right,MD,True
AD_013,pipeline_01,CG_right,RD,True
AD_013,pipeline_01,IFO_left,AD,True
AD_013,pipeline_01,IFO_left,FA,True
AD_013,pipeline_01,IFO_left,MD,True
AD_013,pipeline_01,IFO_left,RD,True
AD_013,pipeline_01,IFO_right,AD,True
AD_013,pipeline_01,IFO_right,FA,True
AD_013,pipeline_01,IFO_right,MD,True
AD_013,pipeline_01,IFO_right,RD,True
AD_013,pipeline_01,ILF_left,AD,True
AD_013,pipeline_01,ILF_left,FA,True
AD_013,pipeline_01,ILF_left,MD,True
AD_013,pipeline_01,ILF_left,RD,True
AD_013,pipeline_01,ILF_right,AD,True
AD_013,pipeline_01,ILF_right,FA,True
AD_013,pipeline_01,ILF_right,MD,True
AD_013,pipeline_01,ILF_right,RD,True
AD_013,pipeline_01,UF_left,AD,True
AD_013,pipeline_01,UF_left,FA,True
AD_013,pipeline_01,UF_left,MD,True
AD_013,pipeline_01,UF_left,RD,True
AD_013,pipeline_01,UF_right,AD,True
AD_013,pipeline_01,UF_right,FA,True
AD_013,pipeline_01,UF_right,MD,True
AD_013,pipeline_01,UF_right,RD,True
AD_013,pipeline_02,CC_2,AD,True
AD_013,pipeline_02,CC_2,FA,True
AD_013,pipeline_02,CC_2,MD,True
AD_013,pipeline_02,CC_2,RD,True
AD_013,pipeline_02,CC_7,AD,True
AD_013,pipeline_02,CC_7,FA,True
AD_013,pipeline_02,CC_7,MD,True
AD_013,pipeline_02,CC_7,RD,True
AD_013,pipeline_02,CG_left,AD,True
AD_013,pipeline_02,CG_left,FA,True
AD_013,pipeline_02,CG_left,MD,True
AD_013,pipeline_02,CG_left,RD,True
AD_013,pipeline_02,CG_right,AD,True
AD_013,pipeline_02,CG_right,FA,True
AD_013,pipeline_02,CG_right,MD,True
AD_013,pipeline_02,CG_right,RD,True
AD_013,pipeline_02,IFO_left,AD,True
AD_013,pipeline_02,IFO_left,FA,True
AD_013,pipeline_02,IFO_left,MD,True
AD_013,pipeline_02,IFO_left,RD,True
AD_013,pipeline_02,IFO_right,AD,True
AD_013,pipeline_02,IFO_right,FA,True
AD_013,pipeline_02,IFO_right,MD,True
AD_013,pipeline_02,IFO_right,RD,True
AD_013,pipeline_02,ILF_left,AD,True
AD_013,pipeline_02,ILF_left,FA,True
AD_013,pipeline_02,ILF_left,MD,True
AD_013,pipeline_02,ILF_left,RD,True
AD_013,pipeline_02,ILF_right,AD,True
AD_013,pipeline_02,ILF_right,FA,True
AD_013,pipeline_02,ILF_right,MD,True
AD_013,pipeline_02,ILF_right,RD,True
AD_013,pipeline_02,UF_left,AD,True
AD_013,pipeline_02,UF_left,FA,True
AD_013,pipeline_02,UF_left,MD,True
AD_013,pipeline_02,UF_left,RD,True
AD_013,pipeline_02,UF_right,AD,True
AD_013,pipeline_02,UF_right,FA,True
AD_013,pipeline_02,UF_right,MD,True
AD_013,pipeline_02,UF_right,RD,True
AD_013,pipeline_03,CC_2,AD,True
AD_013,pipeline_03,CC_2,FA,True
AD_013,pipeline_03,CC_2,MD,True
AD_013,pipeline_03,CC_2,RD,True
AD_013,pipeline_03,CC_7,AD,True
AD_013,pipeline_03,CC_7,FA,True
AD_013,pipeline_03,CC_7,MD,True
AD_013,pipeline_03,CC_7,RD,True
AD_013,pipeline_03,CG_left,AD,True
AD_013,pipeline_03,CG_left,FA,True
AD_013,pipeline_03,CG_left,MD,True
AD_013,pipeline_03,CG_left,RD,True
AD_013,pipeline_03,CG_right,AD,True
AD_013,pipeline_03,CG_right,FA,True
AD_013,pipeline_03,CG_right,MD,True
AD_013,pipeline_03,CG_right,RD,True
AD_013,pipeline_03,IFO_left,AD,True
AD_013,pipeline_03,IFO_left,FA,True
AD_013,pipeline_03,IFO_left,MD,True
AD_013,pipeline_03,IFO_left,RD,True
AD_013,pipeline_03,IFO_right,AD,True
AD_013,pipeline_03,IFO_right,FA,True
AD_013,pipeline_03,IFO_right,MD,True
AD_013,pipeline_03,IFO_right,RD,True
AD_013,pipeline_03,ILF_left,AD,True
AD_013,pipeline_03,ILF_left,FA,True
AD_013,pipeline_03,ILF_left,MD,True
AD_013,pipeline_03,ILF_left,RD,True
AD_013,pipeline_03,ILF_right,AD,True
AD_013,pipeline_03,ILF_right,FA,True
AD_013,pipeline_03,ILF_right,MD,True
AD_013,pipeline_03,ILF_right,RD,True
AD_013,pipeline_03,UF_left,AD,True
AD_013,pipeline_03,UF_left,FA,True
AD_013,pipeline_03,UF_left,MD,True
AD_013,pipeline_03,UF_left,RD,True
AD_013,pipeline_03,UF_right,AD,True
AD_013,pipeline_03,UF_right,FA,True
AD_013,pipeline_03,UF_right,MD,True
AD_013,pipeline_03,UF_right,RD,True
AD_014,pipeline_01,CC_2,AD,True
AD_014,pipeline_01,CC_2,FA,True
AD_014,pipeline_01,CC_2,MD,True
AD_014,pipeline_01,CC_2,RD,True
AD_014,pipeline_01,CC_7,AD,True
AD_014,pipeline_01,CC_7,FA,True
AD_014,pipeline_01,CC_7,MD,True
AD_014,pipeline_01,CC_7,RD,True
AD_014,pipeline_01,CG_left,AD,True
AD_014,pipeline_01,CG_left,FA,True
AD_014,pipeline_01,CG_left,MD,True
AD_014,pipeline_01,CG_left,RD,True
AD_014,pipeline_01,CG_right,AD,True
AD_014,pipeline_01,CG_right,FA,True
AD_014,pipeline_01,CG_right,MD,True
AD_014,pipeline_01,CG_right,RD,True
AD_014,pipeline_01,IFO_left,AD,True
AD_014,pipeline_01,IFO_left,FA,True
AD_014,pipeline_01,IFO_left,MD,True
AD_014,pipeline_01,IFO_left,RD,True
AD_014,pipeline_01,IFO_right,AD,True
AD_014,pipeline_01,IFO_right,FA,True
AD_014,pipeline_01,IFO_right,MD,True
AD_014,pipeline_01,IFO_right,RD,True
AD_014,pipeline_01,ILF_left,AD,True
AD_014,pipeline_01,ILF_left,FA,True
AD_014,pipeline_01,ILF_left,MD,True
AD_014,pipeline_01,ILF_left,RD,True
AD_014,pipeline_01,ILF_right,AD,True
AD_014,pipeline_01,ILF_right,FA,True
AD_014,pipeline_01,ILF_right,MD,True
AD_014,pipeline_01,ILF_right,RD,True
AD_014,pipeline_01,UF_left,AD,True
AD_014,pipeline_01,UF_left,FA,True
AD_014,pipeline_01,UF_left,MD,True
AD_014,pipeline_01,UF_left,RD,True
AD_014,pipeline_01,UF_right,AD,True
AD_014,pipeline_01,UF_right,FA,True
AD_014,pipeline_01,UF_right,MD,True
AD_014,pipeline_01,UF_right,RD,True
AD_014,pipeline_02,CC_2,AD,True
AD_014,pipeline_02,CC_2,FA,True
AD_014,pipeline_02,CC_2,MD,True
AD_014,pipeline_02,CC_2,RD,True
AD_014,pipeline_02,CC_7,AD,True
AD_014,pipeline_02,CC_7,FA,True
AD_014,pipeline_02,CC_7,MD,True
AD_014,pipeline_02,CC_7,RD,True
AD_014,pipeline_02,CG_left,AD,True
AD_014,pipeline_02,CG_left,FA,True
AD_014,pipeline_02,CG_left,MD,True
AD_014,pipeline_02,CG_left,RD,True
AD_014,pipeline_02,CG_right,AD,True
AD_014,pipeline_02,CG_right,FA,True
AD_014,pipeline_02,CG_right,MD,True
AD_014,pipeline_02,CG_right,RD,True
AD_014,pipeline_02,IFO_left,AD,True
AD_014,pipeline_02,IFO_left,FA,True
AD_014,pipeline_02,IFO_left,MD,True
AD_014,pipeline_02,IFO_left,RD,True
AD_014,pipeline_02,IFO_right,AD,True
AD_014,pipeline_02,IFO_right,FA,True
AD_014,pipeline_02,IFO_right,MD,True
AD_014,pipeline_02,IFO_right,RD,True
AD_014,pipeline_02,ILF_left,AD,True
AD_014,pipeline_02,ILF_left,FA,True
AD_014,pipeline_02,ILF_left,MD,True
AD_014,pipeline_02,ILF_left,RD,True
AD_014,pipeline_02,ILF_right,AD,True
AD_014,pipeline_02,ILF_right,FA,True
AD_014,pipeline_02,ILF_right,MD,True
AD_014,pipeline_02,ILF_right,RD,True
AD_014,pipeline_02,UF_left,AD,True
AD_014,pipeline_02,UF_left,FA,True
AD_014,pipeline_02,UF_left,MD,True
AD_014,pipeline_02,UF_left,RD,True
AD_014,pipeline_02,UF_right,AD,True
AD_014,pipeline_02,UF_right,FA,True
AD_014,pipeline_02,UF_right,MD,True
AD_014,pipeline_02,UF_right,RD,True
AD_014,pipeline_03,CC_2,AD,True
AD_014,pipeline_03,CC_2,FA,True
AD_014,pipeline_03,CC_2,MD,True
AD_014,pipeline_03,CC_2,RD,True
AD_014,pipeline_03,CC_7,AD,True
AD_014,pipeline_03,CC_7,FA,True
AD_014,pipeline_03,CC_7,MD,True
AD_014,pipeline_03,CC_7,RD,True
AD_014,pipeline_03,CG_left,AD,True
AD_014,pipeline_03,CG_left,FA,True
AD_014,pipeline_03,CG_left,MD,True
AD_014,pipeline_03,CG_left,RD,True
AD_014,pipeline_03,CG_right,AD,True
AD_014,pipeline_03,CG_right,FA,True
AD_014,pipeline_03,CG_right,MD,True
AD_014,pipeline_03,CG_right,RD,True
AD_014,pipeline_03,IFO_left,AD,True
AD_014,pipeline_03,IFO_left,FA,True
AD_014,pipeline_03,IFO_left,MD,True
AD_014,pipeline_03,IFO_left,RD,True
AD_014,pipeline_03,IFO_right,AD,True
AD_014,pipeline_03,IFO_right,FA,True
AD_014,pipeline_03,IFO_right,MD,True
AD_014,pipeline_03,IFO_right,RD,True
AD_014,pipeline_03,ILF_left,AD,True
AD_014,pipeline_03,ILF_left,FA,True
AD_014,pipeline_03,ILF_left,MD,True
AD_014,pipeline_03,ILF_left,RD,True
AD_014,pipeline_03,ILF_right,AD,True
AD_014,pipeline_03,ILF_right,FA,True
AD_014,pipeline_03,ILF_right,MD,True
AD_014,pipeline_03,ILF_right,RD,True
AD_014,pipeline_03,UF_left,AD,True
AD_014,pipeline_03,UF_left,FA,True
AD_014,pipeline_03,UF_left,MD,True
AD_014,pipeline_03,UF_left,RD,True
AD_014,pipeline_03,UF_right,AD,True
AD_014,pipeline_03,UF_right,FA,True
AD_014,pipeline_03,UF_right,MD,True
AD_014,pipeline_03,UF_right,RD,True
AD_015,pipeline_01,CC_2,AD,True
AD_015,pipeline_01,CC_2,FA,True
AD_015,pipeline_01,CC_2,MD,True
AD_015,pipeline_01,CC_2,RD,True
AD_015,pipeline_01,CC_7,AD,True
AD_015,pipeline_01,CC_7,FA,True
AD_015,pipeline_01,CC_7,MD,True
AD_015,pipeline_01,CC_7,RD,True
AD_015,pipeline_01,CG_left,AD,True
AD_015,pipeline_01,CG_left,FA,True
AD_015,pipeline_01,CG_left,MD,True
AD_015,pipeline_01,CG_left,RD,True
AD_015,pipeline_01,CG_right,AD,True
AD_015,pipeline_01,CG_right,FA,True
AD_015,pipeline_01,CG_right,MD,True
AD_015,pipeline_01,CG_right,RD,True
AD_015,pipeline_01,IFO_left,AD,True
AD_015,pipeline_01,IFO_left,FA,True
AD_015,pipeline_01,IFO_left,MD,True
AD_015,pipeline_01,IFO_left,RD,True
AD_015,pipeline_01,IFO_right,AD,True
AD_015,pipeline_01,IFO_right,FA,True
AD_015,pipeline_01,IFO_right,MD,True
AD_015,pipeline_01,IFO_right,RD,True
AD_015,pipeline_01,ILF_left,AD,True
AD_015,pipeline_01,ILF_left,FA,True
AD_015,pipeline_01,ILF_left,MD,True
AD_015,pipeline_01,ILF_left,RD,True
AD_015,pipeline_01,ILF_right,AD,True
AD_015,pipeline_01,ILF_right,FA,True
AD_015,pipeline_01,ILF_right,MD,True
AD_015,pipeline_01,ILF_right,RD,True
AD_015,pipeline_01,UF_left,AD,True
AD_015,pipeline_01,UF_left,FA,True
AD_015,pipeline_01,UF_left,MD,True
AD_015,pipeline_01,UF_left,RD,True
AD_015,pipeline_01,UF_right,AD,True
AD_015,pipeline_01,UF_right,FA,True
AD_015,pipeline_01,UF_right,MD,True
AD_015,pipeline_01,UF_right,RD,True
AD_015,pipeline_02,CC_2,AD,True
AD_015,pipeline_02,CC_2,FA,True
AD_015,pipeline_02,CC_2,MD,True
AD_015,pipeline_02,CC_2,RD,True
AD_015,pipeline_02,CC_7,AD,True
AD_015,pipeline_02,CC_7,FA,True
AD_015,pipeline_02,CC_7,MD,True
AD_015,pipeline_02,CC_7,RD,True
AD_015,pipeline_02,CG_left,AD,True
AD_015,pipeline_02,CG_left,FA,True
AD_015,pipeline_02,CG_left,MD,True
AD_015,pipeline_02,CG_left,RD,True
AD_015,pipeline_02,CG_right,AD,True
AD_015,pipeline_02,CG_right,FA,True
AD_015,pipeline_02,CG_right,MD,True
AD_015,pipeline_02,CG_right,RD,True
AD_015,pipeline_02,IFO_left,AD,True
AD_015,pipeline_02,IFO_left,FA,True
AD_015,pipeline_02,IFO_left,MD,True
AD_015,pipeline_02,IFO_left,RD,True
AD_015,pipeline_02,IFO_right,AD,True
AD_015,pipeline_02,IFO_right,FA,True
AD_015,pipeline_02,IFO_right,MD,True
AD_015,pipeline_02,IFO_right,RD,True
AD_015,pipeline_02,ILF_left,AD,True
AD_015,pipeline_02,ILF_left,FA,True
AD_015,pipeline_02,ILF_left,MD,True
AD_015,pipeline_02,ILF_left,RD,True
AD_015,pipeline_02,ILF_right,AD,True
AD_015,pipeline_02,ILF_right,FA,True
AD_015,pipeline_02,ILF_right,MD,True
AD_015,pipeline_02,ILF_right,RD,True
AD_015,pipeline_02,UF_left,AD,True
AD_015,pipeline_02,UF_left,FA,True
AD_015,pipeline_02,UF_left,MD,True
AD_015,pipeline_02,UF_left,RD,True
AD_015,pipeline_02,UF_right,AD,True
AD_015,pipeline_02,UF_right,FA,True
AD_015,pipeline_02,UF_right,MD,True
AD_015,pipeline_02,UF_right,RD,True
AD_015,pipeline_03,CC_2,AD,True
AD_015,pipeline_03,CC_2,FA,True
AD_015,pipeline_03,CC_2,MD,True
AD_015,pipeline_03,CC_2,RD,True
AD_015,pipeline_03,CC_7,AD,True
AD_015,pipeline_03,CC_7,FA,True
AD_015,pipeline_03,CC_7,MD,True
AD_015,pipeline_03,CC_7,RD,True
AD_015,pipeline_03,CG_left,AD,True
AD_015,pipeline_03,CG_left,FA,True
AD_015,pipeline_03,CG_left,MD,True
AD_015,pipeline_03,CG_left,RD,True
AD_015,pipeline_03,CG_right,AD,True
AD_015,pipeline_03,CG_right,FA,True
AD_015,pipeline_03,CG_right,MD,True
AD_015,pipeline_03,CG_right,RD,True
AD_015,pipeline_03,IFO_left,AD,True
AD_015,pipeline_03,IFO_left,FA,True
AD_015,pipeline_03,IFO_left,MD,True
AD_015,pipeline_03,IFO_left,RD,True
AD_015,pipeline_03,IFO_right,AD,True
AD_015,pipeline_03,IFO_right,FA,True
AD_015,pipeline_03,IFO_right,MD,True
AD_015,pipeline_03,IFO_right,RD,True
AD_015,pipeline_03,ILF_left,AD,True
AD_015,pipeline_03,ILF_left,FA,True
AD_015,pipeline_03,ILF_left,MD,True
AD_015,pipeline_03,ILF_left,RD,True
AD_015,pipeline_03,ILF_right,AD,True
AD_015,pipeline_03,ILF_right,FA,True
AD_015,pipeline_03,ILF_right,MD,True
AD_015,pipeline_03,ILF_right,RD,True
AD_015,pipeline_03,UF_left,AD,True
AD_015,pipeline_03,UF_left,FA,True
AD_015,pipeline_03,UF_left,MD,True
AD_015,pipeline_03,UF_left,RD,True
AD_015,pipeline_03,UF_right,AD,True
AD_015,pipeline_03,UF_right,FA,True
AD_015,pipeline_03,UF_right,MD,True
AD_015,pipeline_03,UF_right,RD,True
CN_001,pipeline_01,CC_2,AD,True
CN_001,pipeline_01,CC_2,FA,True
CN_001,pipeline_01,CC_2,MD,True
CN_001,pipeline_01,CC_2,RD,True
CN_001,pipeline_01,CC_7,AD,True
CN_001,pipeline_01,CC_7,FA,True
CN_001,pipeline_01,CC_7,MD,True
CN_001,pipeline_01,CC_7,RD,True
CN_001,pipeline_01,CG_left,AD,True
CN_001,pipeline_01,CG_left,FA,True
CN_001,pipeline_01,CG_left,MD,True
CN_001,pipeline_01,CG_left,RD,True
CN_001,pipeline_01,CG_right,AD,True
CN_001,pipeline_01,CG_right,FA,True
CN_001,pipeline_01,CG_right,MD,True
CN_001,pipeline_01,CG_right,RD,True
CN_001,pipeline_01,IFO_left,AD,True
CN_001,pipeline_01,IFO_left,FA,True
CN_001,pipeline_01,IFO_left,MD,True
CN_001,pipeline_01,IFO_left,RD,True
CN_001,pipeline_01,IFO_right,AD,True
CN_001,pipeline_01,IFO_right,FA,True
CN_001,pipeline_01,IFO_right,MD,True
CN_001,pipeline_01,IFO_right,RD,True
CN_001,pipeline_01,ILF_left,AD,True
CN_001,pipeline_01,ILF_left,FA,True
CN_001,pipeline_01,ILF_left,MD,True
CN_001,pipeline_01,ILF_left,RD,True
CN_001,pipeline_01,ILF_right,AD,True
CN_001,pipeline_01,ILF_right,FA,True
CN_001,pipeline_01,ILF_right,MD,True
CN_001,pipeline_01,ILF_right,RD,True
CN_001,pipeline_01,UF_left,AD,True
CN_001,pipeline_01,UF_left,FA,True
CN_001,pipeline_01,UF_left,MD,True
CN_001,pipeline_01,UF_left,RD,True
CN_001,pipeline_01,UF_right,AD,True
CN_001,pipeline_01,UF_right,FA,True
CN_001,pipeline_01,UF_right,MD,True
CN_001,pipeline_01,UF_right,RD,True
CN_001,pipeline_02,CC_2,AD,True
CN_001,pipeline_02,CC_2,FA,True
CN_001,pipeline_02,CC_2,MD,True
CN_001,pipeline_02,CC_2,RD,True
CN_001,pipeline_02,CC_7,AD,True
CN_001,pipeline_02,CC_7,FA,True
CN_001,pipeline_02,CC_7,MD,True
CN_001,pipeline_02,CC_7,RD,True
CN_001,pipeline_02,CG_left,AD,True
CN_001,pipeline_02,CG_left,FA,True
CN_001,pipeline_02,CG_left,MD,True
CN_001,pipeline_02,CG_left,RD,True
CN_001,pipeline_02,CG_right,AD,True
CN_001,pipeline_02,CG_right,FA,True
CN_001,pipeline_02,CG_right,MD,True
CN_001,pipeline_02,CG_right,RD,True
CN_001,pipeline_02,IFO_left,AD,True
CN_001,pipeline_02,IFO_left,FA,True
CN_001,pipeline_02,IFO_left,MD,True
CN_001,pipeline_02,IFO_left,RD,True
CN_001,pipeline_02,IFO_right,AD,True
CN_001,pipeline_02,IFO_right,FA,True
CN_001,pipeline_02,IFO_right,MD,True
CN_001,pipeline_02,IFO_right,RD,True
CN_001,pipeline_02,ILF_left,AD,True
CN_001,pipeline_02,ILF_left,FA,True
CN_001,pipeline_02,ILF_left,MD,True
CN_001,pipeline_02,ILF_left,RD,True
CN_001,pipeline_02,ILF_right,AD,True
CN_001,pipeline_02,ILF_right,FA,True
CN_001,pipeline_02,ILF_right,MD,True
CN_001,pipeline_02,ILF_right,RD,True
CN_001,pipeline_02,UF_left,AD,True
CN_001,pipeline_02,UF_left,FA,True
CN_001,pipeline_02,UF_left,MD,True
CN_001,pipeline_02,UF_left,RD,True
CN_001,pipeline_02,UF_right,AD,True
CN_001,pipeline_02,UF_right,FA,True
CN_001,pipeline_02,UF_right,MD,True
CN_001,pipeline_02,UF_right,RD,True
CN_001,pipeline_03,CC_2,AD,True
CN_001,pipeline_03,CC_2,FA,True
CN_001,pipeline_03,CC_2,MD,True
CN_001,pipeline_03,CC_2,RD,True
CN_001,pipeline_03,CC_7,AD,True
CN_001,pipeline_03,CC_7,FA,True
CN_001,pipeline_03,CC_7,MD,True
CN_001,pipeline_03,CC_7,RD,True
CN_001,pipeline_03,CG_left,AD,True
CN_001,pipeline_03,CG_left,FA,True
CN_001,pipeline_03,CG_left,MD,True
CN_001,pipeline_03,CG_left,RD,True
CN_001,pipeline_03,CG_right,AD,True
CN_001,pipeline_03,CG_right,FA,True
CN_001,pipeline_03,CG_right,MD,True
CN_001,pipeline_03,CG_right,RD,True
CN_001,pipeline_03,IFO_left,AD,True
CN_001,pipeline_03,IFO_left,FA,True
CN_001,pipeline_03,IFO_left,MD,True
CN_001,pipeline_03,IFO_left,RD,True
CN_001,pipeline_03,IFO_right,AD,True
CN_001,pipeline_03,IFO_right,FA,True
CN_001,pipeline_03,IFO_right,MD,True
CN_001,pipeline_03,IFO_right,RD,True
CN_001,pipeline_03,ILF_left,AD,True
CN_001,pipeline_03,ILF_left,FA,True
CN_001,pipeline_03,ILF_left,MD,True
CN_001,pipeline_03,ILF_left,RD,True
CN_001,pipeline_03,ILF_right,AD,True
CN_001,pipeline_03,ILF_right,FA,True
CN_001,pipeline_03,ILF_right,MD,True
CN_001,pipeline_03,ILF_right,RD,True
CN_001,pipeline_03,UF_left,AD,True
CN_001,pipeline_03,UF_left,FA,True
CN_001,pipeline_03,UF_left,MD,True
CN_001,pipeline_03,UF_left,RD,True
CN_001,pipeline_03,UF_right,AD,True
CN_001,pipeline_03,UF_right,FA,True
CN_001,pipeline_03,UF_right,MD,True
CN_001,pipeline_03,UF_right,RD,True
CN_002,pipeline_01,CC_2,AD,True
CN_002,pipeline_01,CC_2,FA,True
CN_002,pipeline_01,CC_2,MD,True
CN_002,pipeline_01,CC_2,RD,True
CN_002,pipeline_01,CC_7,AD,True
CN_002,pipeline_01,CC_7,FA,True
CN_002,pipeline_01,CC_7,MD,True
CN_002,pipeline_01,CC_7,RD,True
CN_002,pipeline_01,CG_left,AD,True
CN_002,pipeline_01,CG_left,FA,True
CN_002,pipeline_01,CG_left,MD,True
CN_002,pipeline_01,CG_left,RD,True
CN_002,pipeline_01,CG_right,AD,True
CN_002,pipeline_01,CG_right,FA,True
CN_002,pipeline_01,CG_right,MD,True
CN_002,pipeline_01,CG_right,RD,True
CN_002,pipeline_01,IFO_left,AD,True
CN_002,pipeline_01,IFO_left,FA,True
CN_002,pipeline_01,IFO_left,MD,True
CN_002,pipeline_01,IFO_left,RD,True
CN_002,pipeline_01,IFO_right,AD,True
CN_002,pipeline_01,IFO_right,FA,True
CN_002,pipeline_01,IFO_right,MD,True
CN_002,pipeline_01,IFO_right,RD,True
CN_002,pipeline_01,ILF_left,AD,True
CN_002,pipeline_01,ILF_left,FA,True
CN_002,pipeline_01,ILF_left,MD,True
CN_002,pipeline_01,ILF_left,RD,True
CN_002,pipeline_01,ILF_right,AD,True
CN_002,pipeline_01,ILF_right,FA,True
CN_002,pipeline_01,ILF_right,MD,True
CN_002,pipeline_01,ILF_right,RD,True
CN_002,pipeline_01,UF_left,AD,True
CN_002,pipeline_01,UF_left,FA,True
CN_002,pipeline_01,UF_left,MD,True
CN_002,pipeline_01,UF_left,RD,True
CN_002,pipeline_01,UF_right,AD,True
CN_002,pipeline_01,UF_right,FA,True
CN_002,pipeline_01,UF_right,MD,True
CN_002,pipeline_01,UF_right,RD,True
CN_002,pipeline_02,CC_2,AD,True
CN_002,pipeline_02,CC_2,FA,True
CN_002,pipeline_02,CC_2,MD,True
CN_002,pipeline_02,CC_2,RD,True
CN_002,pipeline_02,CC_7,AD,True
CN_002,pipeline_02,CC_7,FA,True
CN_002,pipeline_02,CC_7,MD,True
CN_002,pipeline_02,CC_7,RD,True
CN_002,pipeline_02,CG_left,AD,True
CN_002,pipeline_02,CG_left,FA,True
CN_002,pipeline_02,CG_left,MD,True
CN_002,pipeline_02,CG_left,RD,True
CN_002,pipeline_02,CG_right,AD,True
CN_002,pipeline_02,CG_right,FA,True
CN_002,pipeline_02,CG_right,MD,True
CN_002,pipeline_02,CG_right,RD,True
CN_002,pipeline_02,IFO_left,AD,True
CN_002,pipeline_02,IFO_left,FA,True
CN_002,pipeline_02,IFO_left,MD,True
CN_002,pipeline_02,IFO_left,RD,True
CN_002,pipeline_02,IFO_right,AD,True
CN_002,pipeline_02,IFO_right,FA,True
CN_002,pipeline_02,IFO_right,MD,True
CN_002,pipeline_02,IFO_right,RD,True
CN_002,pipeline_02,ILF_left,AD,True
CN_002,pipeline_02,ILF_left,FA,True
CN_002,pipeline_02,ILF_left,MD,True
CN_002,pipeline_02,ILF_left,RD,True
CN_002,pipeline_02,ILF_right,AD,True
CN_002,pipeline_02,ILF_right,FA,True
CN_002,pipeline_02,ILF_right,MD,True
CN_002,pipeline_02,ILF_right,RD,True
CN_002,pipeline_02,UF_left,AD,True
CN_002,pipeline_02,UF_left,FA,True
CN_002,pipeline_02,UF_left,MD,True
CN_002,pipeline_02,UF_left,RD,True
CN_002,pipeline_02,UF_right,AD,True
CN_002,pipeline_02,UF_right,FA,True
CN_002,pipeline_02,UF_right,MD,True
CN_002,pipeline_02,UF_right,RD,True
CN_002,pipeline_03,CC_2,AD,True
CN_002,pipeline_03,CC_2,FA,True
CN_002,pipeline_03,CC_2,MD,True
CN_002,pipeline_03,CC_2,RD,True
CN_002,pipeline_03,CC_7,AD,True
CN_002,pipeline_03,CC_7,FA,True
CN_002,pipeline_03,CC_7,MD,True
CN_002,pipeline_03,CC_7,RD,True
CN_002,pipeline_03,CG_left,AD,True
CN_002,pipeline_03,CG_left,FA,True
CN_002,pipeline_03,CG_left,MD,True
CN_002,pipeline_03,CG_left,RD,True
CN_002,pipeline_03,CG_right,AD,True
CN_002,pipeline_03,CG_right,FA,True
CN_002,pipeline_03,CG_right,MD,True
CN_002,pipeline_03,CG_right,RD,True
CN_002,pipeline_03,IFO_left,AD,True
CN_002,pipeline_03,IFO_left,FA,True
CN_002,pipeline_03,IFO_left,MD,True
CN_002,pipeline_03,IFO_left,RD,True
CN_002,pipeline_03,IFO_right,AD,True
CN_002,pipeline_03,IFO_right,FA,True
CN_002,pipeline_03,IFO_right,MD,True
CN_002,pipeline_03,IFO_right,RD,True
CN_002,pipeline_03,ILF_left,AD,True
CN_002,pipeline_03,ILF_left,FA,True
CN_002,pipeline_03,ILF_left,MD,True
CN_002,pipeline_03,ILF_left,RD,True
CN_002,pipeline_03,ILF_right,AD,True
CN_002,pipeline_03,ILF_right,FA,True
CN_002,pipeline_03,ILF_right,MD,True
CN_002,pipeline_03,ILF_right,RD,True
CN_002,pipeline_03,UF_left,AD,True
CN_002,pipeline_03,UF_left,FA,True
CN_002,pipeline_03,UF_left,MD,True
CN_002,pipeline_03,UF_left,RD,True
CN_002,pipeline_03,UF_right,AD,True
CN_002,pipeline_03,UF_right,FA,True
CN_002,pipeline_03,UF_right,MD,True
CN_002,pipeline_03,UF_right,RD,True
CN_003,pipeline_01,CC_2,AD,True
CN_003,pipeline_01,CC_2,FA,True
CN_003,pipeline_01,CC_2,MD,True
CN_003,pipeline_01,CC_2,RD,True
CN_003,pipeline_01,CC_7,AD,True
CN_003,pipeline_01,CC_7,FA,True
CN_003,pipeline_01,CC_7,MD,True
CN_003,pipeline_01,CC_7,RD,True
CN_003,pipeline_01,CG_left,AD,True
CN_003,pipeline_01,CG_left,FA,True
CN_003,pipeline_01,CG_left,MD,True
CN_003,pipeline_01,CG_left,RD,True
CN_003,pipeline_01,CG_right,AD,True
CN_003,pipeline_01,CG_right,FA,True
CN_003,pipeline_01,CG_right,MD,True
CN_003,pipeline_01,CG_right,RD,True
CN_003,pipeline_01,IFO_left,AD,True
CN_003,pipeline_01,IFO_left,FA,True
CN_003,pipeline_01,IFO_left,MD,True
CN_003,pipeline_01,IFO_left,RD,True
CN_003,pipeline_01,IFO_right,AD,True
CN_003,pipeline_01,IFO_right,FA,True
CN_003,pipeline_01,IFO_right,MD,True
CN_003,pipeline_01,IFO_right,RD,True
CN_003,pipeline_01,ILF_left,AD,True
CN_003,pipeline_01,ILF_left,FA,True
CN_003,pipeline_01,ILF_left,MD,True
CN_003,pipeline_01,ILF_left,RD,True
CN_003,pipeline_01,ILF_right,AD,True
CN_003,pipeline_01,ILF_right,FA,True
CN_003,pipeline_01,ILF_right,MD,True
CN_003,pipeline_01,ILF_right,RD,True
CN_003,pipeline_01,UF_left,AD,True
CN_003,pipeline_01,UF_left,FA,True
CN_003,pipeline_01,UF_left,MD,True
CN_003,pipeline_01,UF_left,RD,True
CN_003,pipeline_01,UF_right,AD,True
CN_003,pipeline_01,UF_right,FA,True
CN_003,pipeline_01,UF_right,MD,True
CN_003,pipeline_01,UF_right,RD,True
CN_003,pipeline_02,CC_2,AD,True
CN_003,pipeline_02,CC_2,FA,True
CN_003,pipeline_02,CC_2,MD,True
CN_003,pipeline_02,CC_2,RD,True
CN_003,pipeline_02,CC_7,AD,True
CN_003,pipeline_02,CC_7,FA,True
CN_003,pipeline_02,CC_7,MD,True
CN_003,pipeline_02,CC_7,RD,True
CN_003,pipeline_02,CG_left,AD,True
CN_003,pipeline_02,CG_left,FA,True
CN_003,pipeline_02,CG_left,MD,True
CN_003,pipeline_02,CG_left,RD,True
CN_003,pipeline_02,CG_right,AD,True
CN_003,pipeline_02,CG_right,FA,True
CN_003,pipeline_02,CG_right,MD,True
CN_003,pipeline_02,CG_right,RD,True
CN_003,pipeline_02,IFO_left,AD,True
CN_003,pipeline_02,IFO_left,FA,True
CN_003,pipeline_02,IFO_left,MD,True
CN_003,pipeline_02,IFO_left,RD,True
CN_003,pipeline_02,IFO_right,AD,True
CN_003,pipeline_02,IFO_right,FA,True
CN_003,pipeline_02,IFO_right,MD,True
CN_003,pipeline_02,IFO_right,RD,True
CN_003,pipeline_02,ILF_left,AD,True
CN_003,pipeline_02,ILF_left,FA,True
CN_003,pipeline_02,ILF_left,MD,True
CN_003,pipeline_02,ILF_left,RD,True
CN_003,pipeline_02,ILF_right,AD,True
CN_003,pipeline_02,ILF_right,FA,True
CN_003,pipeline_02,ILF_right,MD,True
CN_003,pipeline_02,ILF_right,RD,True
CN_003,pipeline_02,UF_left,AD,True
CN_003,pipeline_02,UF_left,FA,True
CN_003,pipeline_02,UF_left,MD,True
CN_003,pipeline_02,UF_left,RD,True
CN_003,pipeline_02,UF_right,AD,True
CN_003,pipeline_02,UF_right,FA,True
CN_003,pipeline_02,UF_right,MD,True
CN_003,pipeline_02,UF_right,RD,True
CN_003,pipeline_03,CC_2,AD,True
CN_003,pipeline_03,CC_2,FA,True
CN_003,pipeline_03,CC_2,MD,True
CN_003,pipeline_03,CC_2,RD,True
CN_003,pipeline_03,CC_7,AD,True
CN_003,pipeline_03,CC_7,FA,True
CN_003,pipeline_03,CC_7,MD,True
CN_003,pipeline_03,CC_7,RD,True
CN_003,pipeline_03,CG_left,AD,True
CN_003,pipeline_03,CG_left,FA,True
CN_003,pipeline_03,CG_left,MD,True
CN_003,pipeline_03,CG_left,RD,True
CN_003,pipeline_03,CG_right,AD,True
CN_003,pipeline_03,CG_right,FA,True
CN_003,pipeline_03,CG_right,MD,True
CN_003,pipeline_03,CG_right,RD,True
CN_003,pipeline_03,IFO_left,AD,True
CN_003,pipeline_03,IFO_left,FA,True
CN_003,pipeline_03,IFO_left,MD,True
CN_003,pipeline_03,IFO_left,RD,True
CN_003,pipeline_03,IFO_right,AD,True
CN_003,pipeline_03,IFO_right,FA,True
CN_003,pipeline_03,IFO_right,MD,True
CN_003,pipeline_03,IFO_right,RD,True
CN_003,pipeline_03,ILF_left,AD,True
CN_003,pipeline_03,ILF_left,FA,True
CN_003,pipeline_03,ILF_left,MD,True
CN_003,pipeline_03,ILF_left,RD,True
CN_003,pipeline_03,ILF_right,AD,True
CN_003,pipeline_03,ILF_right,FA,True
CN_003,pipeline_03,ILF_right,MD,True
CN_003,pipeline_03,ILF_right,RD,True
CN_003,pipeline_03,UF_left,AD,True
CN_003,pipeline_03,UF_left,FA,True
CN_003,pipeline_03,UF_left,MD,True
CN_003,pipeline_03,UF_left,RD,True
CN_003,pipeline_03,UF_right,AD,True
CN_003,pipeline_03,UF_right,FA,True
CN_003,pipeline_03,UF_right,MD,True
CN_003,pipeline_03,UF_right,RD,True
CN_004,pipeline_01,CC_2,AD,True
CN_004,pipeline_01,CC_2,FA,True
CN_004,pipeline_01,CC_2,MD,True
CN_004,pipeline_01,CC_2,RD,True
CN_004,pipeline_01,CC_7,AD,True
CN_004,pipeline_01,CC_7,FA,True
CN_004,pipeline_01,CC_7,MD,True
CN_004,pipeline_01,CC_7,RD,True
CN_004,pipeline_01,CG_left,AD,True
CN_004,pipeline_01,CG_left,FA,True
CN_004,pipeline_01,CG_left,MD,True
CN_004,pipeline_01,CG_left,RD,True
CN_004,pipeline_01,CG_right,AD,True
CN_004,pipeline_01,CG_right,FA,True
CN_004,pipeline_01,CG_right,MD,True
CN_004,pipeline_01,CG_right,RD,True
CN_004,pipeline_01,IFO_left,AD,True
CN_004,pipeline_01,IFO_left,FA,True
CN_004,pipeline_01,IFO_left,MD,True
CN_004,pipeline_01,IFO_left,RD,True
CN_004,pipeline_01,IFO_right,AD,True
CN_004,pipeline_01,IFO_right,FA,True
CN_004,pipeline_01,IFO_right,MD,True
CN_004,pipeline_01,IFO_right,RD,True
CN_004,pipeline_01,ILF_left,AD,True
CN_004,pipeline_01,ILF_left,FA,True
CN_004,pipeline_01,ILF_left,MD,True
CN_004,pipeline_01,ILF_left,RD,True
CN_004,pipeline_01,ILF_right,AD,True
CN_004,pipeline_01,ILF_right,FA,True
CN_004,pipeline_01,ILF_right,MD,True
CN_004,pipeline_01,ILF_right,RD,True
CN_004,pipeline_01,UF_left,AD,True
CN_004,pipeline_01,UF_left,FA,True
CN_004,pipeline_01,UF_left,MD,True
CN_004,pipeline_01,UF_left,RD,True
CN_004,pipeline_01,UF_right,AD,True
CN_004,pipeline_01,UF_right,FA,True
CN_004,pipeline_01,UF_right,MD,True
CN_004,pipeline_01,UF_right,RD,True
CN_004,pipeline_02,CC_2,AD,True
CN_004,pipeline_02,CC_2,FA,True
CN_004,pipeline_02,CC_2,MD,True
CN_004,pipeline_02,CC_2,RD,True
CN_004,pipeline_02,CC_7,AD,True
CN_004,pipeline_02,CC_7,FA,True
CN_004,pipeline_02,CC_7,MD,True
CN_004,pipeline_02,CC_7,RD,True
CN_004,pipeline_02,CG_left,AD,True
CN_004,pipeline_02,CG_left,FA,True
CN_004,pipeline_02,CG_left,MD,True
CN_004,pipeline_02,CG_left,RD,True
CN_004,pipeline_02,CG_right,AD,True
CN_004,pipeline_02,CG_right,FA,True
CN_004,pipeline_02,CG_right,MD,True
CN_004,pipeline_02,CG_right,RD,True
CN_004,pipeline_02,IFO_left,AD,True
CN_004,pipeline_02,IFO_left,FA,True
CN_004,pipeline_02,IFO_left,MD,True
CN_004,pipeline_02,IFO_left,RD,True
CN_004,pipeline_02,IFO_right,AD,True
CN_004,pipeline_02,IFO_right,FA,True
CN_004,pipeline_02,IFO_right,MD,True
CN_004,pipeline_02,IFO_right,RD,True
CN_004,pipeline_02,ILF_left,AD,True
CN_004,pipeline_02,ILF_left,FA,True
CN_004,pipeline_02,ILF_left,MD,True
CN_004,pipeline_02,ILF_left,RD,True
CN_004,pipeline_02,ILF_right,AD,True
CN_004,pipeline_02,ILF_right,FA,True
CN_004,pipeline_02,ILF_right,MD,True
CN_004,pipeline_02,ILF_right,RD,True
CN_004,pipeline_02,UF_left,AD,True
CN_004,pipeline_02,UF_left,FA,True
CN_004,pipeline_02,UF_left,MD,True
CN_004,pipeline_02,UF_left,RD,True
CN_004,pipeline_02,UF_right,AD,True
CN_004,pipeline_02,UF_right,FA,True
CN_004,pipeline_02,UF_right,MD,True
CN_004,pipeline_02,UF_right,RD,True
CN_004,pipeline_03,CC_2,AD,True
CN_004,pipeline_03,CC_2,FA,True
CN_004,pipeline_03,CC_2,MD,True
CN_004,pipeline_03,CC_2,RD,True
CN_004,pipeline_03,CC_7,AD,True
CN_004,pipeline_03,CC_7,FA,True
CN_004,pipeline_03,CC_7,MD,True
CN_004,pipeline_03,CC_7,RD,True
CN_004,pipeline_03,CG_left,AD,True
CN_004,pipeline_03,CG_left,FA,True
CN_004,pipeline_03,CG_left,MD,True
CN_004,pipeline_03,CG_left,RD,True
CN_004,pipeline_03,CG_right,AD,True
CN_004,pipeline_03,CG_right,FA,True
CN_004,pipeline_03,CG_right,MD,True
CN_004,pipeline_03,CG_right,RD,True
CN_004,pipeline_03,IFO_left,AD,True
CN_004,pipeline_03,IFO_left,FA,True
CN_004,pipeline_03,IFO_left,MD,True
CN_004,pipeline_03,IFO_left,RD,True
CN_004,pipeline_03,IFO_right,AD,True
CN_004,pipeline_03,IFO_right,FA,True
CN_004,pipeline_03,IFO_right,MD,True
CN_004,pipeline_03,IFO_right,RD,True
CN_004,pipeline_03,ILF_left,AD,True
CN_004,pipeline_03,ILF_left,FA,True
CN_004,pipeline_03,ILF_left,MD,True
CN_004,pipeline_03,ILF_left,RD,True
CN_004,pipeline_03,ILF_right,AD,True
CN_004,pipeline_03,ILF_right,FA,True
CN_004,pipeline_03,ILF_right,MD,True
CN_004,pipeline_03,ILF_right,RD,True
CN_004,pipeline_03,UF_left,AD,True
CN_004,pipeline_03,UF_left,FA,True
CN_004,pipeline_03,UF_left,MD,True
CN_004,pipeline_03,UF_left,RD,True
CN_004,pipeline_03,UF_right,AD,True
CN_004,pipeline_03,UF_right,FA,True
CN_004,pipeline_03,UF_right,MD,True
CN_004,pipeline_03,UF_right,RD,True
CN_005,pipeline_01,CC_2,AD,True
CN_005,pipeline_01,CC_2,FA,True
CN_005,pipeline_01,CC_2,MD,True
CN_005,pipeline_01,CC_2,RD,True
CN_005,pipeline_01,CC_7,AD,True
CN_005,pipeline_01,CC_7,FA,True
CN_005,pipeline_01,CC_7,MD,True
CN_005,pipeline_01,CC_7,RD,True
CN_005,pipeline_01,CG_left,AD,True
CN_005,pipeline_01,CG_left,FA,True
CN_005,pipeline_01,CG_left,MD,True
CN_005,pipeline_01,CG_left,RD,True
CN_005,pipeline_01,CG_right,AD,True
CN_005,pipeline_01,CG_right,FA,True
CN_005,pipeline_01,CG_right,MD,True
CN_005,pipeline_01,CG_right,RD,True
CN_005,pipeline_01,IFO_left,AD,True
CN_005,pipeline_01,IFO_left,FA,True
CN_005,pipeline_01,IFO_left,MD,True
CN_005,pipeline_01,IFO_left,RD,True
CN_005,pipeline_01,IFO_right,AD,True
CN_005,pipeline_01,IFO_right,FA,True
CN_005,pipeline_01,IFO_right,MD,True
CN_005,pipeline_01,IFO_right,RD,True
CN_005,pipeline_01,ILF_left,AD,True
CN_005,pipeline_01,ILF_left,FA,True
CN_005,pipeline_01,ILF_left,MD,True
CN_005,pipeline_01,ILF_left,RD,True
CN_005,pipeline_01,ILF_right,AD,True
CN_005,pipeline_01,ILF_right,FA,True
CN_005,pipeline_01,ILF_right,MD,True
CN_005,pipeline_01,ILF_right,RD,True
CN_005,pipeline_01,UF_left,AD,True
CN_005,pipeline_01,UF_left,FA,True
CN_005,pipeline_01,UF_left,MD,True
CN_005,pipeline_01,UF_left,RD,True
CN_005,pipeline_01,UF_right,AD,True
CN_005,pipeline_01,UF_right,FA,True
CN_005,pipeline_01,UF_right,MD,True
CN_005,pipeline_01,UF_right,RD,True
CN_005,pipeline_02,CC_2,AD,True
CN_005,pipeline_02,CC_2,FA,True
CN_005,pipeline_02,CC_2,MD,True
CN_005,pipeline_02,CC_2,RD,True
CN_005,pipeline_02,CC_7,AD,True
CN_005,pipeline_02,CC_7,FA,True
CN_005,pipeline_02,CC_7,MD,True
CN_005,pipeline_02,CC_7,RD,True
CN_005,pipeline_02,CG_left,AD,True
CN_005,pipeline_02,CG_left,FA,True
CN_005,pipeline_02,CG_left,MD,True
CN_005,pipeline_02,CG_left,RD,True
CN_005,pipeline_02,CG_right,AD,True
CN_005,pipeline_02,CG_right,FA,True
CN_005,pipeline_02,CG_right,MD,True
CN_005,pipeline_02,CG_right,RD,True
CN_005,pipeline_02,IFO_left,AD,True
CN_005,pipeline_02,IFO_left,FA,True
CN_005,pipeline_02,IFO_left,MD,True
CN_005,pipeline_02,IFO_left,RD,True
CN_005,pipeline_02,IFO_right,AD,True
CN_005,pipeline_02,IFO_right,FA,True
CN_005,pipeline_02,IFO_right,MD,True
CN_005,pipeline_02,IFO_right,RD,True
CN_005,pipeline_02,ILF_left,AD,True
CN_005,pipeline_02,ILF_left,FA,True
CN_005,pipeline_02,ILF_left,MD,True
CN_005,pipeline_02,ILF_left,RD,True
CN_005,pipeline_02,ILF_right,AD,True
CN_005,pipeline_02,ILF_right,FA,True
CN_005,pipeline_02,ILF_right,MD,True
CN_005,pipeline_02,ILF_right,RD,True
CN_005,pipeline_02,UF_left,AD,True
CN_005,pipeline_02,UF_left,FA,True
CN_005,pipeline_02,UF_left,MD,True
CN_005,pipeline_02,UF_left,RD,True
CN_005,pipeline_02,UF_right,AD,True
CN_005,pipeline_02,UF_right,FA,True
CN_005,pipeline_02,UF_right,MD,True
CN_005,pipeline_02,UF_right,RD,True
CN_005,pipeline_03,CC_2,AD,True
CN_005,pipeline_03,CC_2,FA,True
CN_005,pipeline_03,CC_2,MD,True
CN_005,pipeline_03,CC_2,RD,True
CN_005,pipeline_03,CC_7,AD,True
CN_005,pipeline_03,CC_7,FA,True
CN_005,pipeline_03,CC_7,MD,True
CN_005,pipeline_03,CC_7,RD,True
CN_005,pipeline_03,CG_left,AD,True
CN_005,pipeline_03,CG_left,FA,True
CN_005,pipeline_03,CG_left,MD,True
CN_005,pipeline_03,CG_left,RD,True
CN_005,pipeline_03,CG_right,AD,True
CN_005,pipeline_03,CG_right,FA,True
CN_005,pipeline_03,CG_right,MD,True
CN_005,pipeline_03,CG_right,RD,True
CN_005,pipeline_03,IFO_left,AD,True
CN_005,pipeline_03,IFO_left,FA,True
CN_005,pipeline_03,IFO_left,MD,True
CN_005,pipeline_03,IFO_left,RD,True
CN_005,pipeline_03,IFO_right,AD,True
CN_005,pipeline_03,IFO_right,FA,True
CN_005,pipeline_03,IFO_right,MD,True
CN_005,pipeline_03,IFO_right,RD,True
CN_005,pipeline_03,ILF_left,AD,True
CN_005,pipeline_03,ILF_left,FA,True
CN_005,pipeline_03,ILF_left,MD,True
CN_005,pipeline_03,ILF_left,RD,True
CN_005,pipeline_03,ILF_right,AD,True
CN_005,pipeline_03,ILF_right,FA,True
CN_005,pipeline_03,ILF_right,MD,True
CN_005,pipeline_03,ILF_right,RD,True
CN_005,pipeline_03,UF_left,AD,True
CN_005,pipeline_03,UF_left,FA,True
CN_005,pipeline_03,UF_left,MD,True
CN_005,pipeline_03,UF_left,RD,True
CN_005,pipeline_03,UF_right,AD,True
CN_005,pipeline_03,UF_right,FA,True
CN_005,pipeline_03,UF_right,MD,True
CN_005,pipeline_03,UF_right,RD,True
CN_006,pipeline_01,CC_2,AD,True
CN_006,pipeline_01,CC_2,FA,True
CN_006,pipeline_01,CC_2,MD,True
CN_006,pipeline_01,CC_2,RD,True
CN_006,pipeline_01,CC_7,AD,True
CN_006,pipeline_01,CC_7,FA,True
CN_006,pipeline_01,CC_7,MD,True
CN_006,pipeline_01,CC_7,RD,True
CN_006,pipeline_01,CG_left,AD,True
CN_006,pipeline_01,CG_left,FA,True
CN_006,pipeline_01,CG_left,MD,True
CN_006,pipeline_01,CG_left,RD,True
CN_006,pipeline_01,CG_right,AD,True
CN_006,pipeline_01,CG_right,FA,True
CN_006,pipeline_01,CG_right,MD,True
CN_006,pipeline_01,CG_right,RD,True
CN_006,pipeline_01,IFO_left,AD,True
CN_006,pipeline_01,IFO_left,FA,True
CN_006,pipeline_01,IFO_left,MD,True
CN_006,pipeline_01,IFO_left,RD,True
CN_006,pipeline_01,IFO_right,AD,True
CN_006,pipeline_01,IFO_right,FA,True
CN_006,pipeline_01,IFO_right,MD,True
CN_006,pipeline_01,IFO_right,RD,True
CN_006,pipeline_01,ILF_left,AD,True
CN_006,pipeline_01,ILF_left,FA,True
CN_006,pipeline_01,ILF_left,MD,True
CN_006,pipeline_01,ILF_left,RD,True
CN_006,pipeline_01,ILF_right,AD,True
CN_006,pipeline_01,ILF_right,FA,True
CN_006,pipeline_01,ILF_right,MD,True
CN_006,pipeline_01,ILF_right,RD,True
CN_006,pipeline_01,UF_left,AD,True
CN_006,pipeline_01,UF_left,FA,True
CN_006,pipeline_01,UF_left,MD,True
CN_006,pipeline_01,UF_left,RD,True
CN_006,pipeline_01,UF_right,AD,True
CN_006,pipeline_01,UF_right,FA,True
CN_006,pipeline_01,UF_right,MD,True
CN_006,pipeline_01,UF_right,RD,True
CN_006,pipeline_02,CC_2,AD,True
CN_006,pipeline_02,CC_2,FA,True
CN_006,pipeline_02,CC_2,MD,True
CN_006,pipeline_02,CC_2,RD,True
CN_006,pipeline_02,CC_7,AD,True
CN_006,pipeline_02,CC_7,FA,True
CN_006,pipeline_02,CC_7,MD,True
CN_006,pipeline_02,CC_7,RD,True
CN_006,pipeline_02,CG_left,AD,True
CN_006,pipeline_02,CG_left,FA,True
CN_006,pipeline_02,CG_left,MD,True
CN_006,pipeline_02,CG_left,RD,True
CN_006,pipeline_02,CG_right,AD,True
CN_006,pipeline_02,CG_right,FA,True
CN_006,pipeline_02,CG_right,MD,True
CN_006,pipeline_02,CG_right,RD,True
CN_006,pipeline_02,IFO_left,AD,True
CN_006,pipeline_02,IFO_left,FA,True
CN_006,pipeline_02,IFO_left,MD,True
CN_006,pipeline_02,IFO_left,RD,True
CN_006,pipeline_02,IFO_right,AD,True
CN_006,pipeline_02,IFO_right,FA,True
CN_006,pipeline_02,IFO_right,MD,True
CN_006,pipeline_02,IFO_right,RD,True
CN_006,pipeline_02,ILF_left,AD,True
CN_006,pipeline_02,ILF_left,FA,True
CN_006,pipeline_02,ILF_left,MD,True
CN_006,pipeline_02,ILF_left,RD,True
CN_006,pipeline_02,ILF_right,AD,True
CN_006,pipeline_02,ILF_right,FA,True
CN_006,pipeline_02,ILF_right,MD,True
CN_006,pipeline_02,ILF_right,RD,True
CN_006,pipeline_02,UF_left,AD,True
CN_006,pipeline_02,UF_left,FA,True
CN_006,pipeline_02,UF_left,MD,True
CN_006,pipeline_02,UF_left,RD,True
CN_006,pipeline_02,UF_right,AD,True
CN_006,pipeline_02,UF_right,FA,True
CN_006,pipeline_02,UF_right,MD,True
CN_006,pipeline_02,UF_right,RD,True
CN_006,pipeline_03,CC_2,AD,True
CN_006,pipeline_03,CC_2,FA,True
CN_006,pipeline_03,CC_2,MD,True
CN_006,pipeline_03,CC_2,RD,True
CN_006,pipeline_03,CC_7,AD,True
CN_006,pipeline_03,CC_7,FA,True
CN_006,pipeline_03,CC_7,MD,True
CN_006,pipeline_03,CC_7,RD,True
CN_006,pipeline_03,CG_left,AD,True
CN_006,pipeline_03,CG_left,FA,True
CN_006,pipeline_03,CG_left,MD,True
CN_006,pipeline_03,CG_left,RD,True
CN_006,pipeline_03,CG_right,AD,True
CN_006,pipeline_03,CG_right,FA,True
CN_006,pipeline_03,CG_right,MD,True
CN_006,pipeline_03,CG_right,RD,True
CN_006,pipeline_03,IFO_left,AD,True
CN_006,pipeline_03,IFO_left,FA,True
CN_006,pipeline_03,IFO_left,MD,True
CN_006,pipeline_03,IFO_left,RD,True
CN_006,pipeline_03,IFO_right,AD,True
CN_006,pipeline_03,IFO_right,FA,True
CN_006,pipeline_03,IFO_right,MD,True
CN_006,pipeline_03,IFO_right,RD,True
CN_006,pipeline_03,ILF_left,AD,True
CN_006,pipeline_03,ILF_left,FA,True
CN_006,pipeline_03,ILF_left,MD,True
CN_006,pipeline_03,ILF_left,RD,True
CN_006,pipeline_03,ILF_right,AD,True
CN_006,pipeline_03,ILF_right,FA,True
CN_006,pipeline_03,ILF_right,MD,True
CN_006,pipeline_03,ILF_right,RD,True
CN_006,pipeline_03,UF_left,AD,True
CN_006,pipeline_03,UF_left,FA,True
CN_006,pipeline_03,UF_left,MD,True
CN_006,pipeline_03,UF_left,RD,True
CN_006,pipeline_03,UF_right,AD,True
CN_006,pipeline_03,UF_right,FA,True
CN_006,pipeline_03,UF_right,MD,True
CN_006,pipeline_03,UF_right,RD,True
CN_007,pipeline_01,CC_2,AD,True
CN_007,pipeline_01,CC_2,FA,True
CN_007,pipeline_01,CC_2,MD,True
CN_007,pipeline_01,CC_2,RD,True
CN_007,pipeline_01,CC_7,AD,True
CN_007,pipeline_01,CC_7,FA,True
CN_007,pipeline_01,CC_7,MD,True
CN_007,pipeline_01,CC_7,RD,True
CN_007,pipeline_01,CG_left,AD,True
CN_007,pipeline_01,CG_left,FA,True
CN_007,pipeline_01,CG_left,MD,True
CN_007,pipeline_01,CG_left,RD,True
CN_007,pipeline_01,CG_right,AD,True
CN_007,pipeline_01,CG_right,FA,True
CN_007,pipeline_01,CG_right,MD,True
CN_007,pipeline_01,CG_right,RD,True
CN_007,pipeline_01,IFO_left,AD,True
CN_007,pipeline_01,IFO_left,FA,True
CN_007,pipeline_01,IFO_left,MD,True
CN_007,pipeline_01,IFO_left,RD,True
CN_007,pipeline_01,IFO_right,AD,True
CN_007,pipeline_01,IFO_right,FA,True
CN_007,pipeline_01,IFO_right,MD,True
CN_007,pipeline_01,IFO_right,RD,True
CN_007,pipeline_01,ILF_left,AD,True
CN_007,pipeline_01,ILF_left,FA,True
CN_007,pipeline_01,ILF_left,MD,True
CN_007,pipeline_01,ILF_left,RD,True
CN_007,pipeline_01,ILF_right,AD,True
CN_007,pipeline_01,ILF_right,FA,True
CN_007,pipeline_01,ILF_right,MD,True
CN_007,pipeline_01,ILF_right,RD,True
CN_007,pipeline_01,UF_left,AD,True
CN_007,pipeline_01,UF_left,FA,True
CN_007,pipeline_01,UF_left,MD,True
CN_007,pipeline_01,UF_left,RD,True
CN_007,pipeline_01,UF_right,AD,True
CN_007,pipeline_01,UF_right,FA,True
CN_007,pipeline_01,UF_right,MD,True
CN_007,pipeline_01,UF_right,RD,True
CN_007,pipeline_02,CC_2,AD,True
CN_007,pipeline_02,CC_2,FA,True
CN_007,pipeline_02,CC_2,MD,True
CN_007,pipeline_02,CC_2,RD,True
CN_007,pipeline_02,CC_7,AD,True
CN_007,pipeline_02,CC_7,FA,True
CN_007,pipeline_02,CC_7,MD,True
CN_007,pipeline_02,CC_7,RD,True
CN_007,pipeline_02,CG_left,AD,True
CN_007,pipeline_02,CG_left,FA,True
CN_007,pipeline_02,CG_left,MD,True
CN_007,pipeline_02,CG_left,RD,True
CN_007,pipeline_02,CG_right,AD,True
CN_007,pipeline_02,CG_right,FA,True
CN_007,pipeline_02,CG_right,MD,True
CN_007,pipeline_02,CG_right,RD,True
CN_007,pipeline_02,IFO_left,AD,True
CN_007,pipeline_02,IFO_left,FA,True
CN_007,pipeline_02,IFO_left,MD,True
CN_007,pipeline_02,IFO_left,RD,True
CN_007,pipeline_02,IFO_right,AD,True
CN_007,pipeline_02,IFO_right,FA,True
CN_007,pipeline_02,IFO_right,MD,True
CN_007,pipeline_02,IFO_right,RD,True
CN_007,pipeline_02,ILF_left,AD,True
CN_007,pipeline_02,ILF_left,FA,True
CN_007,pipeline_02,ILF_left,MD,True
CN_007,pipeline_02,ILF_left,RD,True
CN_007,pipeline_02,ILF_right,AD,True
CN_007,pipeline_02,ILF_right,FA,True
CN_007,pipeline_02,ILF_right,MD,True
CN_007,pipeline_02,ILF_right,RD,True
CN_007,pipeline_02,UF_left,AD,True
CN_007,pipeline_02,UF_left,FA,True
CN_007,pipeline_02,UF_left,MD,True
CN_007,pipeline_02,UF_left,RD,True
CN_007,pipeline_02,UF_right,AD,True
CN_007,pipeline_02,UF_right,FA,True
CN_007,pipeline_02,UF_right,MD,True
CN_007,pipeline_02,UF_right,RD,True
CN_007,pipeline_03,CC_2,AD,True
CN_007,pipeline_03,CC_2,FA,True
CN_007,pipeline_03,CC_2,MD,True
CN_007,pipeline_03,CC_2,RD,True
CN_007,pipeline_03,CC_7,AD,True
CN_007,pipeline_03,CC_7,FA,True
CN_007,pipeline_03,CC_7,MD,True
CN_007,pipeline_03,CC_7,RD,True
CN_007,pipeline_03,CG_left,AD,True
CN_007,pipeline_03,CG_left,FA,True
CN_007,pipeline_03,CG_left,MD,True
CN_007,pipeline_03,CG_left,RD,True
CN_007,pipeline_03,CG_right,AD,True
CN_007,pipeline_03,CG_right,FA,True
CN_007,pipeline_03,CG_right,MD,True
CN_007,pipeline_03,CG_right,RD,True
CN_007,pipeline_03,IFO_left,AD,True
CN_007,pipeline_03,IFO_left,FA,True
CN_007,pipeline_03,IFO_left,MD,True
CN_007,pipeline_03,IFO_left,RD,True
CN_007,pipeline_03,IFO_right,AD,True
CN_007,pipeline_03,IFO_right,FA,True
CN_007,pipeline_03,IFO_right,MD,True
CN_007,pipeline_03,IFO_right,RD,True
CN_007,pipeline_03,ILF_left,AD,True
CN_007,pipeline_03,ILF_left,FA,True
CN_007,pipeline_03,ILF_left,MD,True
CN_007,pipeline_03,ILF_left,RD,True
CN_007,pipeline_03,ILF_right,AD,True
CN_007,pipeline_03,ILF_right,FA,True
CN_007,pipeline_03,ILF_right,MD,True
CN_007,pipeline_03,ILF_right,RD,True
CN_007,pipeline_03,UF_left,AD,True
CN_007,pipeline_03,UF_left,FA,True
CN_007,pipeline_03,UF_left,MD,True
CN_007,pipeline_03,UF_left,RD,True
CN_007,pipeline_03,UF_right,AD,True
CN_007,pipeline_03,UF_right,FA,True
CN_007,pipeline_03,UF_right,MD,True
CN_007,pipeline_03,UF_right,RD,True
CN_008,pipeline_01,CC_2,AD,True
CN_008,pipeline_01,CC_2,FA,True
CN_008,pipeline_01,CC_2,MD,True
CN_008,pipeline_01,CC_2,RD,True
CN_008,pipeline_01,CC_7,AD,True
CN_008,pipeline_01,CC_7,FA,True
CN_008,pipeline_01,CC_7,MD,True
CN_008,pipeline_01,CC_7,RD,True
CN_008,pipeline_01,CG_left,AD,True
CN_008,pipeline_01,CG_left,FA,True
CN_008,pipeline_01,CG_left,MD,True
CN_008,pipeline_01,CG_left,RD,True
CN_008,pipeline_01,CG_right,AD,True
CN_008,pipeline_01,CG_right,FA,True
CN_008,pipeline_01,CG_right,MD,True
CN_008,pipeline_01,CG_right,RD,True
CN_008,pipeline_01,IFO_left,AD,True
CN_008,pipeline_01,IFO_left,FA,True
CN_008,pipeline_01,IFO_left,MD,True
CN_008,pipeline_01,IFO_left,RD,True
CN_008,pipeline_01,IFO_right,AD,True
CN_008,pipeline_01,IFO_right,FA,True
CN_008,pipeline_01,IFO_right,MD,True
CN_008,pipeline_01,IFO_right,RD,True
CN_008,pipeline_01,ILF_left,AD,True
CN_008,pipeline_01,ILF_left,FA,True
CN_008,pipeline_01,ILF_left,MD,True
CN_008,pipeline_01,ILF_left,RD,True
CN_008,pipeline_01,ILF_right,AD,True
CN_008,pipeline_01,ILF_right,FA,True
CN_008,pipeline_01,ILF_right,MD,True
CN_008,pipeline_01,ILF_right,RD,True
CN_008,pipeline_01,UF_left,AD,True
CN_008,pipeline_01,UF_left,FA,True
CN_008,pipeline_01,UF_left,MD,True
CN_008,pipeline_01,UF_left,RD,True
CN_008,pipeline_01,UF_right,AD,True
CN_008,pipeline_01,UF_right,FA,True
CN_008,pipeline_01,UF_right,MD,True
CN_008,pipeline_01,UF_right,RD,True
CN_008,pipeline_02,CC_2,AD,True
CN_008,pipeline_02,CC_2,FA,True
CN_008,pipeline_02,CC_2,MD,True
CN_008,pipeline_02,CC_2,RD,True
CN_008,pipeline_02,CC_7,AD,True
CN_008,pipeline_02,CC_7,FA,True
CN_008,pipeline_02,CC_7,MD,True
CN_008,pipeline_02,CC_7,RD,True
CN_008,pipeline_02,CG_left,AD,True
CN_008,pipeline_02,CG_left,FA,True
CN_008,pipeline_02,CG_left,MD,True
CN_008,pipeline_02,CG_left,RD,True
CN_008,pipeline_02,CG_right,AD,True
CN_008,pipeline_02,CG_right,FA,True
CN_008,pipeline_02,CG_right,MD,True
CN_008,pipeline_02,CG_right,RD,True
CN_008,pipeline_02,IFO_left,AD,True
CN_008,pipeline_02,IFO_left,FA,True
CN_008,pipeline_02,IFO_left,MD,True
CN_008,pipeline_02,IFO_left,RD,True
CN_008,pipeline_02,IFO_right,AD,True
CN_008,pipeline_02,IFO_right,FA,True
CN_008,pipeline_02,IFO_right,MD,True
CN_008,pipeline_02,IFO_right,RD,True
CN_008,pipeline_02,ILF_left,AD,True
CN_008,pipeline_02,ILF_left,FA,True
CN_008,pipeline_02,ILF_left,MD,True
CN_008,pipeline_02,ILF_left,RD,True
CN_008,pipeline_02,ILF_right,AD,True
CN_008,pipeline_02,ILF_right,FA,True
CN_008,pipeline_02,ILF_right,MD,True
CN_008,pipeline_02,ILF_right,RD,True
CN_008,pipeline_02,UF_left,AD,True
CN_008,pipeline_02,UF_left,FA,True
CN_008,pipeline_02,UF_left,MD,True
CN_008,pipeline_02,UF_left,RD,True
CN_008,pipeline_02,UF_right,AD,True
CN_008,pipeline_02,UF_right,FA,True
CN_008,pipeline_02,UF_right,MD,True
CN_008,pipeline_02,UF_right,RD,True
CN_008,pipeline_03,CC_2,AD,True
CN_008,pipeline_03,CC_2,FA,True
CN_008,pipeline_03,CC_2,MD,True
CN_008,pipeline_03,CC_2,RD,True
CN_008,pipeline_03,CC_7,AD,True
CN_008,pipeline_03,CC_7,FA,True
CN_008,pipeline_03,CC_7,MD,True
CN_008,pipeline_03,CC_7,RD,True
CN_008,pipeline_03,CG_left,AD,True
CN_008,pipeline_03,CG_left,FA,True
CN_008,pipeline_03,CG_left,MD,True
CN_008,pipeline_03,CG_left,RD,True
CN_008,pipeline_03,CG_right,AD,True
CN_008,pipeline_03,CG_right,FA,True
CN_008,pipeline_03,CG_right,MD,True
CN_008,pipeline_03,CG_right,RD,True
CN_008,pipeline_03,IFO_left,AD,True
CN_008,pipeline_03,IFO_left,FA,True
CN_008,pipeline_03,IFO_left,MD,True
CN_008,pipeline_03,IFO_left,RD,True
CN_008,pipeline_03,IFO_right,AD,True
CN_008,pipeline_03,IFO_right,FA,True
CN_008,pipeline_03,IFO_right,MD,True
CN_008,pipeline_03,IFO_right,RD,True
CN_008,pipeline_03,ILF_left,AD,True
CN_008,pipeline_03,ILF_left,FA,True
CN_008,pipeline_03,ILF_left,MD,True
CN_008,pipeline_03,ILF_left,RD,True
CN_008,pipeline_03,ILF_right,AD,True
CN_008,pipeline_03,ILF_right,FA,True
CN_008,pipeline_03,ILF_right,MD,True
CN_008,pipeline_03,ILF_right,RD,True
CN_008,pipeline_03,UF_left,AD,True
CN_008,pipeline_03,UF_left,FA,True
CN_008,pipeline_03,UF_left,MD,True
CN_008,pipeline_03,UF_left,RD,True
CN_008,pipeline_03,UF_right,AD,True
CN_008,pipeline_03,UF_right,FA,True
CN_008,pipeline_03,UF_right,MD,True
CN_008,pipeline_03,UF_right,RD,True
CN_009,pipeline_01,CC_2,AD,True
CN_009,pipeline_01,CC_2,FA,True
CN_009,pipeline_01,CC_2,MD,True
CN_009,pipeline_01,CC_2,RD,True
CN_009,pipeline_01,CC_7,AD,True
CN_009,pipeline_01,CC_7,FA,True
CN_009,pipeline_01,CC_7,MD,True
CN_009,pipeline_01,CC_7,RD,True
CN_009,pipeline_01,CG_left,AD,True
CN_009,pipeline_01,CG_left,FA,True
CN_009,pipeline_01,CG_left,MD,True
CN_009,pipeline_01,CG_left,RD,True
CN_009,pipeline_01,CG_right,AD,True
CN_009,pipeline_01,CG_right,FA,True
CN_009,pipeline_01,CG_right,MD,True
CN_009,pipeline_01,CG_right,RD,True
CN_009,pipeline_01,IFO_left,AD,True
CN_009,pipeline_01,IFO_left,FA,True
CN_009,pipeline_01,IFO_left,MD,True
CN_009,pipeline_01,IFO_left,RD,True
CN_009,pipeline_01,IFO_right,AD,True
CN_009,pipeline_01,IFO_right,FA,True
CN_009,pipeline_01,IFO_right,MD,True
CN_009,pipeline_01,IFO_right,RD,True
CN_009,pipeline_01,ILF_left,AD,True
CN_009,pipeline_01,ILF_left,FA,True
CN_009,pipeline_01,ILF_left,MD,True
CN_009,pipeline_01,ILF_left,RD,True
CN_009,pipeline_01,ILF_right,AD,True
CN_009,pipeline_01,ILF_right,FA,True
CN_009,pipeline_01,ILF_right,MD,True
CN_009,pipeline_01,ILF_right,RD,True
CN_009,pipeline_01,UF_left,AD,True
CN_009,pipeline_01,UF_left,FA,True
CN_009,pipeline_01,UF_left,MD,True
CN_009,pipeline_01,UF_left,RD,True
CN_009,pipeline_01,UF_right,AD,True
CN_009,pipeline_01,UF_right,FA,True
CN_009,pipeline_01,UF_right,MD,True
CN_009,pipeline_01,UF_right,RD,True
CN_009,pipeline_02,CC_2,AD,True
CN_009,pipeline_02,CC_2,FA,True
CN_009,pipeline_02,CC_2,MD,True
CN_009,pipeline_02,CC_2,RD,True
CN_009,pipeline_02,CC_7,AD,True
CN_009,pipeline_02,CC_7,FA,True
CN_009,pipeline_02,CC_7,MD,True
CN_009,pipeline_02,CC_7,RD,True
CN_009,pipeline_02,CG_left,AD,True
CN_009,pipeline_02,CG_left,FA,True
CN_009,pipeline_02,CG_left,MD,True
CN_009,pipeline_02,CG_left,RD,True
CN_009,pipeline_02,CG_right,AD,True
CN_009,pipeline_02,CG_right,FA,True
CN_009,pipeline_02,CG_right,MD,True
CN_009,pipeline_02,CG_right,RD,True
CN_009,pipeline_02,IFO_left,AD,True
CN_009,pipeline_02,IFO_left,FA,True
CN_009,pipeline_02,IFO_left,MD,True
CN_009,pipeline_02,IFO_left,RD,True
CN_009,pipeline_02,IFO_right,AD,True
CN_009,pipeline_02,IFO_right,FA,True
CN_009,pipeline_02,IFO_right,MD,True
CN_009,pipeline_02,IFO_right,RD,True
CN_009,pipeline_02,ILF_left,AD,True
CN_009,pipeline_02,ILF_left,FA,True
CN_009,pipeline_02,ILF_left,MD,True
CN_009,pipeline_02,ILF_left,RD,True
CN_009,pipeline_02,ILF_right,AD,True
CN_009,pipeline_02,ILF_right,FA,True
CN_009,pipeline_02,ILF_right,MD,True
CN_009,pipeline_02,ILF_right,RD,True
CN_009,pipeline_02,UF_left,AD,True
CN_009,pipeline_02,UF_left,FA,True
CN_009,pipeline_02,UF_left,MD,True
CN_009,pipeline_02,UF_left,RD,True
CN_009,pipeline_02,UF_right,AD,True
CN_009,pipeline_02,UF_right,FA,True
CN_009,pipeline_02,UF_right,MD,True
CN_009,pipeline_02,UF_right,RD,True
CN_009,pipeline_03,CC_2,AD,True
CN_009,pipeline_03,CC_2,FA,True
CN_009,pipeline_03,CC_2,MD,True
CN_009,pipeline_03,CC_2,RD,True
CN_009,pipeline_03,CC_7,AD,True
CN_009,pipeline_03,CC_7,FA,True
CN_009,pipeline_03,CC_7,MD,True
CN_009,pipeline_03,CC_7,RD,True
CN_009,pipeline_03,CG_left,AD,True
CN_009,pipeline_03,CG_left,FA,True
CN_009,pipeline_03,CG_left,MD,True
CN_009,pipeline_03,CG_left,RD,True
CN_009,pipeline_03,CG_right,AD,True
CN_009,pipeline_03,CG_right,FA,True
CN_009,pipeline_03,CG_right,MD,True
CN_009,pipeline_03,CG_right,RD,True
CN_009,pipeline_03,IFO_left,AD,True
CN_009,pipeline_03,IFO_left,FA,True
CN_009,pipeline_03,IFO_left,MD,True
CN_009,pipeline_03,IFO_left,RD,True
CN_009,pipeline_03,IFO_right,AD,True
CN_009,pipeline_03,IFO_right,FA,True
CN_009,pipeline_03,IFO_right,MD,True
CN_009,pipeline_03,IFO_right,RD,True
CN_009,pipeline_03,ILF_left,AD,True
CN_009,pipeline_03,ILF_left,FA,True
CN_009,pipeline_03,ILF_left,MD,True
CN_009,pipeline_03,ILF_left,RD,True
CN_009,pipeline_03,ILF_right,AD,True
CN_009,pipeline_03,ILF_right,FA,True
CN_009,pipeline_03,ILF_right,MD,True
CN_009,pipeline_03,ILF_right,RD,True
CN_009,pipeline_03,UF_left,AD,True
CN_009,pipeline_03,UF_left,FA,True
CN_009,pipeline_03,UF_left,MD,True
CN_009,pipeline_03,UF_left,RD,True
CN_009,pipeline_03,UF_right,AD,True
CN_009,pipeline_03,UF_right,FA,True
CN_009,pipeline_03,UF_right,MD,True
CN_009,pipeline_03,UF_right,RD,True
CN_010,pipeline_01,CC_2,AD,True
CN_010,pipeline_01,CC_2,FA,True
CN_010,pipeline_01,CC_2,MD,True
CN_010,pipeline_01,CC_2,RD,True
CN_010,pipeline_01,CC_7,AD,True
CN_010,pipeline_01,CC_7,FA,True
CN_010,pipeline_01,CC_7,MD,True
CN_010,pipeline_01,CC_7,RD,True
CN_010,pipeline_01,CG_left,AD,True
CN_010,pipeline_01,CG_left,FA,True
CN_010,pipeline_01,CG_left,MD,True
CN_010,pipeline_01,CG_left,RD,True
CN_010,pipeline_01,CG_right,AD,True
CN_010,pipeline_01,CG_right,FA,True
CN_010,pipeline_01,CG_right,MD,True
CN_010,pipeline_01,CG_right,RD,True
CN_010,pipeline_01,IFO_left,AD,True
CN_010,pipeline_01,IFO_left,FA,True
CN_010,pipeline_01,IFO_left,MD,True
CN_010,pipeline_01,IFO_left,RD,True
CN_010,pipeline_01,IFO_right,AD,True
CN_010,pipeline_01,IFO_right,FA,True
CN_010,pipeline_01,IFO_right,MD,True
CN_010,pipeline_01,IFO_right,RD,True
CN_010,pipeline_01,ILF_left,AD,True
CN_010,pipeline_01,ILF_left,FA,True
CN_010,pipeline_01,ILF_left,MD,True
CN_010,pipeline_01,ILF_left,RD,True
CN_010,pipeline_01,ILF_right,AD,True
CN_010,pipeline_01,ILF_right,FA,True
CN_010,pipeline_01,ILF_right,MD,True
CN_010,pipeline_01,ILF_right,RD,True
CN_010,pipeline_01,UF_left,AD,True
CN_010,pipeline_01,UF_left,FA,True
CN_010,pipeline_01,UF_left,MD,True
CN_010,pipeline_01,UF_left,RD,True
CN_010,pipeline_01,UF_right,AD,True
CN_010,pipeline_01,UF_right,FA,True
CN_010,pipeline_01,UF_right,MD,True
CN_010,pipeline_01,UF_right,RD,True
CN_010,pipeline_02,CC_2,AD,True
CN_010,pipeline_02,CC_2,FA,True
CN_010,pipeline_02,CC_2,MD,True
CN_010,pipeline_02,CC_2,RD,True
CN_010,pipeline_02,CC_7,AD,True
CN_010,pipeline_02,CC_7,FA,True
CN_010,pipeline_02,CC_7,MD,True
CN_010,pipeline_02,CC_7,RD,True
CN_010,pipeline_02,CG_left,AD,True
CN_010,pipeline_02,CG_left,FA,True
CN_010,pipeline_02,CG_left,MD,True
CN_010,pipeline_02,CG_left,RD,True
CN_010,pipeline_02,CG_right,AD,True
CN_010,pipeline_02,CG_right,FA,True
CN_010,pipeline_02,CG_right,MD,True
CN_010,pipeline_02,CG_right,RD,True
CN_010,pipeline_02,IFO_left,AD,True
CN_010,pipeline_02,IFO_left,FA,True
CN_010,pipeline_02,IFO_left,MD,True
CN_010,pipeline_02,IFO_left,RD,True
CN_010,pipeline_02,IFO_right,AD,True
CN_010,pipeline_02,IFO_right,FA,True
CN_010,pipeline_02,IFO_right,MD,True
CN_010,pipeline_02,IFO_right,RD,True
CN_010,pipeline_02,ILF_left,AD,True
CN_010,pipeline_02,ILF_left,FA,True
CN_010,pipeline_02,ILF_left,MD,True
CN_010,pipeline_02,ILF_left,RD,True
CN_010,pipeline_02,ILF_right,AD,True
CN_010,pipeline_02,ILF_right,FA,True
CN_010,pipeline_02,ILF_right,MD,True
CN_010,pipeline_02,ILF_right,RD,True
CN_010,pipeline_02,UF_left,AD,True
CN_010,pipeline_02,UF_left,FA,True
CN_010,pipeline_02,UF_left,MD,True
CN_010,pipeline_02,UF_left,RD,True
CN_010,pipeline_02,UF_right,AD,True
CN_010,pipeline_02,UF_right,FA,True
CN_010,pipeline_02,UF_right,MD,True
CN_010,pipeline_02,UF_right,RD,True
CN_010,pipeline_03,CC_2,AD,True
CN_010,pipeline_03,CC_2,FA,True
CN_010,pipeline_03,CC_2,MD,True
CN_010,pipeline_03,CC_2,RD,True
CN_010,pipeline_03,CC_7,AD,True
CN_010,pipeline_03,CC_7,FA,True
CN_010,pipeline_03,CC_7,MD,True
CN_010,pipeline_03,CC_7,RD,True
CN_010,pipeline_03,CG_left,AD,True
CN_010,pipeline_03,CG_left,FA,True
CN_010,pipeline_03,CG_left,MD,True
CN_010,pipeline_03,CG_left,RD,True
CN_010,pipeline_03,CG_right,AD,True
CN_010,pipeline_03,CG_right,FA,True
CN_010,pipeline_03,CG_right,MD,True
CN_010,pipeline_03,CG_right,RD,True
CN_010,pipeline_03,IFO_left,AD,True
CN_010,pipeline_03,IFO_left,FA,True
CN_010,pipeline_03,IFO_left,MD,True
CN_010,pipeline_03,IFO_left,RD,True
CN_010,pipeline_03,IFO_right,AD,True
CN_010,pipeline_03,IFO_right,FA,True
CN_010,pipeline_03,IFO_right,MD,True
CN_010,pipeline_03,IFO_right,RD,True
CN_010,pipeline_03,ILF_left,AD,True
CN_010,pipeline_03,ILF_left,FA,True
CN_010,pipeline_03,ILF_left,MD,True
CN_010,pipeline_03,ILF_left,RD,True
CN_010,pipeline_03,ILF_right,AD,True
CN_010,pipeline_03,ILF_right,FA,True
CN_010,pipeline_03,ILF_right,MD,True
CN_010,pipeline_03,ILF_right,RD,True
CN_010,pipeline_03,UF_left,AD,True
CN_010,pipeline_03,UF_left,FA,True
CN_010,pipeline_03,UF_left,MD,True
CN_010,pipeline_03,UF_left,RD,True
CN_010,pipeline_03,UF_right,AD,True
CN_010,pipeline_03,UF_right,FA,True
CN_010,pipeline_03,UF_right,MD,True
CN_010,pipeline_03,UF_right,RD,True
CN_011,pipeline_01,CC_2,AD,True
CN_011,pipeline_01,CC_2,FA,True
CN_011,pipeline_01,CC_2,MD,True
CN_011,pipeline_01,CC_2,RD,True
CN_011,pipeline_01,CC_7,AD,True
CN_011,pipeline_01,CC_7,FA,True
CN_011,pipeline_01,CC_7,MD,True
CN_011,pipeline_01,CC_7,RD,True
CN_011,pipeline_01,CG_left,AD,True
CN_011,pipeline_01,CG_left,FA,True
CN_011,pipeline_01,CG_left,MD,True
CN_011,pipeline_01,CG_left,RD,True
CN_011,pipeline_01,CG_right,AD,True
CN_011,pipeline_01,CG_right,FA,True
CN_011,pipeline_01,CG_right,MD,True
CN_011,pipeline_01,CG_right,RD,True
CN_011,pipeline_01,IFO_left,AD,True
CN_011,pipeline_01,IFO_left,FA,True
CN_011,pipeline_01,IFO_left,MD,True
CN_011,pipeline_01,IFO_left,RD,True
CN_011,pipeline_01,IFO_right,AD,True
CN_011,pipeline_01,IFO_right,FA,True
CN_011,pipeline_01,IFO_right,MD,True
CN_011,pipeline_01,IFO_right,RD,True
CN_011,pipeline_01,ILF_left,AD,True
CN_011,pipeline_01,ILF_left,FA,True
CN_011,pipeline_01,ILF_left,MD,True
CN_011,pipeline_01,ILF_left,RD,True
CN_011,pipeline_01,ILF_right,AD,True
CN_011,pipeline_01,ILF_right,FA,True
CN_011,pipeline_01,ILF_right,MD,True
CN_011,pipeline_01,ILF_right,RD,True
CN_011,pipeline_01,UF_left,AD,True
CN_011,pipeline_01,UF_left,FA,True
CN_011,pipeline_01,UF_left,MD,True
CN_011,pipeline_01,UF_left,RD,True
CN_011,pipeline_01,UF_right,AD,True
CN_011,pipeline_01,UF_right,FA,True
CN_011,pipeline_01,UF_right,MD,True
CN_011,pipeline_01,UF_right,RD,True
CN_011,pipeline_02,CC_2,AD,True
CN_011,pipeline_02,CC_2,FA,True
CN_011,pipeline_02,CC_2,MD,True
CN_011,pipeline_02,CC_2,RD,True
CN_011,pipeline_02,CC_7,AD,True
CN_011,pipeline_02,CC_7,FA,True
CN_011,pipeline_02,CC_7,MD,True
CN_011,pipeline_02,CC_7,RD,True
CN_011,pipeline_02,CG_left,AD,True
CN_011,pipeline_02,CG_left,FA,True
CN_011,pipeline_02,CG_left,MD,True
CN_011,pipeline_02,CG_left,RD,True
CN_011,pipeline_02,CG_right,AD,True
CN_011,pipeline_02,CG_right,FA,True
CN_011,pipeline_02,CG_right,MD,True
CN_011,pipeline_02,CG_right,RD,True
CN_011,pipeline_02,IFO_left,AD,True
CN_011,pipeline_02,IFO_left,FA,True
CN_011,pipeline_02,IFO_left,MD,True
CN_011,pipeline_02,IFO_left,RD,True
CN_011,pipeline_02,IFO_right,AD,True
CN_011,pipeline_02,IFO_right,FA,True
CN_011,pipeline_02,IFO_right,MD,True
CN_011,pipeline_02,IFO_right,RD,True
CN_011,pipeline_02,ILF_left,AD,True
CN_011,pipeline_02,ILF_left,FA,True
CN_011,pipeline_02,ILF_left,MD,True
CN_011,pipeline_02,ILF_left,RD,True
CN_011,pipeline_02,ILF_right,AD,True
CN_011,pipeline_02,ILF_right,FA,True
CN_011,pipeline_02,ILF_right,MD,True
CN_011,pipeline_02,ILF_right,RD,True
CN_011,pipeline_02,UF_left,AD,True
CN_011,pipeline_02,UF_left,FA,True
CN_011,pipeline_02,UF_left,MD,True
CN_011,pipeline_02,UF_left,RD,True
CN_011,pipeline_02,UF_right,AD,True
CN_011,pipeline_02,UF_right,FA,True
CN_011,pipeline_02,UF_right,MD,True
CN_011,pipeline_02,UF_right,RD,True
CN_011,pipeline_03,CC_2,AD,True
CN_011,pipeline_03,CC_2,FA,True
CN_011,pipeline_03,CC_2,MD,True
CN_011,pipeline_03,CC_2,RD,True
CN_011,pipeline_03,CC_7,AD,True
CN_011,pipeline_03,CC_7,FA,True
CN_011,pipeline_03,CC_7,MD,True
CN_011,pipeline_03,CC_7,RD,True
CN_011,pipeline_03,CG_left,AD,True
CN_011,pipeline_03,CG_left,FA,True
CN_011,pipeline_03,CG_left,MD,True
CN_011,pipeline_03,CG_left,RD,True
CN_011,pipeline_03,CG_right,AD,True
CN_011,pipeline_03,CG_right,FA,True
CN_011,pipeline_03,CG_right,MD,True
CN_011,pipeline_03,CG_right,RD,True
CN_011,pipeline_03,IFO_left,AD,True
CN_011,pipeline_03,IFO_left,FA,True
CN_011,pipeline_03,IFO_left,MD,True
CN_011,pipeline_03,IFO_left,RD,True
CN_011,pipeline_03,IFO_right,AD,True
CN_011,pipeline_03,IFO_right,FA,True
CN_011,pipeline_03,IFO_right,MD,True
CN_011,pipeline_03,IFO_right,RD,True
CN_011,pipeline_03,ILF_left,AD,True
CN_011,pipeline_03,ILF_left,FA,True
CN_011,pipeline_03,ILF_left,MD,True
CN_011,pipeline_03,ILF_left,RD,True
CN_011,pipeline_03,ILF_right,AD,True
CN_011,pipeline_03,ILF_right,FA,True
CN_011,pipeline_03,ILF_right,MD,True
CN_011,pipeline_03,ILF_right,RD,True
CN_011,pipeline_03,UF_left,AD,True
CN_011,pipeline_03,UF_left,FA,True
CN_011,pipeline_03,UF_left,MD,True
CN_011,pipeline_03,UF_left,RD,True
CN_011,pipeline_03,UF_right,AD,True
CN_011,pipeline_03,UF_right,FA,True
CN_011,pipeline_03,UF_right,MD,True
CN_011,pipeline_03,UF_right,RD,True
CN_012,pipeline_01,CC_2,AD,True
CN_012,pipeline_01,CC_2,FA,True
CN_012,pipeline_01,CC_2,MD,True
CN_012,pipeline_01,CC_2,RD,True
CN_012,pipeline_01,CC_7,AD,True
CN_012,pipeline_01,CC_7,FA,True
CN_012,pipeline_01,CC_7,MD,True
CN_012,pipeline_01,CC_7,RD,True
CN_012,pipeline_01,CG_left,AD,True
CN_012,pipeline_01,CG_left,FA,True
CN_012,pipeline_01,CG_left,MD,True
CN_012,pipeline_01,CG_left,RD,True
CN_012,pipeline_01,CG_right,AD,True
CN_012,pipeline_01,CG_right,FA,True
CN_012,pipeline_01,CG_right,MD,True
CN_012,pipeline_01,CG_right,RD,True
CN_012,pipeline_01,IFO_left,AD,True
CN_012,pipeline_01,IFO_left,FA,True
CN_012,pipeline_01,IFO_left,MD,True
CN_012,pipeline_01,IFO_left,RD,True
CN_012,pipeline_01,IFO_right,AD,True
CN_012,pipeline_01,IFO_right,FA,True
CN_012,pipeline_01,IFO_right,MD,True
CN_012,pipeline_01,IFO_right,RD,True
CN_012,pipeline_01,ILF_left,AD,True
CN_012,pipeline_01,ILF_left,FA,True
CN_012,pipeline_01,ILF_left,MD,True
CN_012,pipeline_01,ILF_left,RD,True
CN_012,pipeline_01,ILF_right,AD,True
CN_012,pipeline_01,ILF_right,FA,True
CN_012,pipeline_01,ILF_right,MD,True
CN_012,pipeline_01,ILF_right,RD,True
CN_012,pipeline_01,UF_left,AD,True
CN_012,pipeline_01,UF_left,FA,True
CN_012,pipeline_01,UF_left,MD,True
CN_012,pipeline_01,UF_left,RD,True
CN_012,pipeline_01,UF_right,AD,True
CN_012,pipeline_01,UF_right,FA,True
CN_012,pipeline_01,UF_right,MD,True
CN_012,pipeline_01,UF_right,RD,True
CN_012,pipeline_02,CC_2,AD,True
CN_012,pipeline_02,CC_2,FA,True
CN_012,pipeline_02,CC_2,MD,True
CN_012,pipeline_02,CC_2,RD,True
CN_012,pipeline_02,CC_7,AD,True
CN_012,pipeline_02,CC_7,FA,True
CN_012,pipeline_02,CC_7,MD,True
CN_012,pipeline_02,CC_7,RD,True
CN_012,pipeline_02,CG_left,AD,True
CN_012,pipeline_02,CG_left,FA,True
CN_012,pipeline_02,CG_left,MD,True
CN_012,pipeline_02,CG_left,RD,True
CN_012,pipeline_02,CG_right,AD,True
CN_012,pipeline_02,CG_right,FA,True
CN_012,pipeline_02,CG_right,MD,True
CN_012,pipeline_02,CG_right,RD,True
CN_012,pipeline_02,IFO_left,AD,True
CN_012,pipeline_02,IFO_left,FA,True
CN_012,pipeline_02,IFO_left,MD,True
CN_012,pipeline_02,IFO_left,RD,True
CN_012,pipeline_02,IFO_right,AD,True
CN_012,pipeline_02,IFO_right,FA,True
CN_012,pipeline_02,IFO_right,MD,True
CN_012,pipeline_02,IFO_right,RD,True
CN_012,pipeline_02,ILF_left,AD,True
CN_012,pipeline_02,ILF_left,FA,True
CN_012,pipeline_02,ILF_left,MD,True
CN_012,pipeline_02,ILF_left,RD,True
CN_012,pipeline_02,ILF_right,AD,True
CN_012,pipeline_02,ILF_right,FA,True
CN_012,pipeline_02,ILF_right,MD,True
CN_012,pipeline_02,ILF_right,RD,True
CN_012,pipeline_02,UF_left,AD,True
CN_012,pipeline_02,UF_left,FA,True
CN_012,pipeline_02,UF_left,MD,True
CN_012,pipeline_02,UF_left,RD,True
CN_012,pipeline_02,UF_right,AD,True
CN_012,pipeline_02,UF_right,FA,True
CN_012,pipeline_02,UF_right,MD,True
CN_012,pipeline_02,UF_right,RD,True
CN_012,pipeline_03,CC_2,AD,True
CN_012,pipeline_03,CC_2,FA,True
CN_012,pipeline_03,CC_2,MD,True
CN_012,pipeline_03,CC_2,RD,True
CN_012,pipeline_03,CC_7,AD,True
CN_012,pipeline_03,CC_7,FA,True
CN_012,pipeline_03,CC_7,MD,True
CN_012,pipeline_03,CC_7,RD,True
CN_012,pipeline_03,CG_left,AD,True
CN_012,pipeline_03,CG_left,FA,True
CN_012,pipeline_03,CG_left,MD,True
CN_012,pipeline_03,CG_left,RD,True
CN_012,pipeline_03,CG_right,AD,True
CN_012,pipeline_03,CG_right,FA,True
CN_012,pipeline_03,CG_right,MD,True
CN_012,pipeline_03,CG_right,RD,True
CN_012,pipeline_03,IFO_left,AD,True
CN_012,pipeline_03,IFO_left,FA,True
CN_012,pipeline_03,IFO_left,MD,True
CN_012,pipeline_03,IFO_left,RD,True
CN_012,pipeline_03,IFO_right,AD,True
CN_012,pipeline_03,IFO_right,FA,True
CN_012,pipeline_03,IFO_right,MD,True
CN_012,pipeline_03,IFO_right,RD,True
CN_012,pipeline_03,ILF_left,AD,True
CN_012,pipeline_03,ILF_left,FA,True
CN_012,pipeline_03,ILF_left,MD,True
CN_012,pipeline_03,ILF_left,RD,True
CN_012,pipeline_03,ILF_right,AD,True
CN_012,pipeline_03,ILF_right,FA,True
CN_012,pipeline_03,ILF_right,MD,True
CN_012,pipeline_03,ILF_right,RD,True
CN_012,pipeline_03,UF_left,AD,True
CN_012,pipeline_03,UF_left,FA,True
CN_012,pipeline_03,UF_left,MD,True
CN_012,pipeline_03,UF_left,RD,True
CN_012,pipeline_03,UF_right,AD,True
CN_012,pipeline_03,UF_right,FA,True
CN_012,pipeline_03,UF_right,MD,True
CN_012,pipeline_03,UF_right,RD,True
CN_013,pipeline_01,CC_2,AD,True
CN_013,pipeline_01,CC_2,FA,True
CN_013,pipeline_01,CC_2,MD,True
CN_013,pipeline_01,CC_2,RD,True
CN_013,pipeline_01,CC_7,AD,True
CN_013,pipeline_01,CC_7,FA,True
CN_013,pipeline_01,CC_7,MD,True
CN_013,pipeline_01,CC_7,RD,True
CN_013,pipeline_01,CG_left,AD,True
CN_013,pipeline_01,CG_left,FA,True
CN_013,pipeline_01,CG_left,MD,True
CN_013,pipeline_01,CG_left,RD,True
CN_013,pipeline_01,CG_right,AD,True
CN_013,pipeline_01,CG_right,FA,True
CN_013,pipeline_01,CG_right,MD,True
CN_013,pipeline_01,CG_right,RD,True
CN_013,pipeline_01,IFO_left,AD,True
CN_013,pipeline_01,IFO_left,FA,True
CN_013,pipeline_01,IFO_left,MD,True
CN_013,pipeline_01,IFO_left,RD,True
CN_013,pipeline_01,IFO_right,AD,True
CN_013,pipeline_01,IFO_right,FA,True
CN_013,pipeline_01,IFO_right,MD,True
CN_013,pipeline_01,IFO_right,RD,True
CN_013,pipeline_01,ILF_left,AD,True
CN_013,pipeline_01,ILF_left,FA,True
CN_013,pipeline_01,ILF_left,MD,True
CN_013,pipeline_01,ILF_left,RD,True
CN_013,pipeline_01,ILF_right,AD,True
CN_013,pipeline_01,ILF_right,FA,True
CN_013,pipeline_01,ILF_right,MD,True
CN_013,pipeline_01,ILF_right,RD,True
CN_013,pipeline_01,UF_left,AD,True
CN_013,pipeline_01,UF_left,FA,True
CN_013,pipeline_01,UF_left,MD,True
CN_013,pipeline_01,UF_left,RD,True
CN_013,pipeline_01,UF_right,AD,True
CN_013,pipeline_01,UF_right,FA,True
CN_013,pipeline_01,UF_right,MD,True
CN_013,pipeline_01,UF_right,RD,True
CN_013,pipeline_02,CC_2,AD,True
CN_013,pipeline_02,CC_2,FA,True
CN_013,pipeline_02,CC_2,MD,True
CN_013,pipeline_02,CC_2,RD,True
CN_013,pipeline_02,CC_7,AD,True
CN_013,pipeline_02,CC_7,FA,True
CN_013,pipeline_02,CC_7,MD,True
CN_013,pipeline_02,CC_7,RD,True
CN_013,pipeline_02,CG_left,AD,True
CN_013,pipeline_02,CG_left,FA,True
CN_013,pipeline_02,CG_left,MD,True
CN_013,pipeline_02,CG_left,RD,True
CN_013,pipeline_02,CG_right,AD,True
CN_013,pipeline_02,CG_right,FA,True
CN_013,pipeline_02,CG_right,MD,True
CN_013,pipeline_02,CG_right,RD,True
CN_013,pipeline_02,IFO_left,AD,True
CN_013,pipeline_02,IFO_left,FA,True
CN_013,pipeline_02,IFO_left,MD,True
CN_013,pipeline_02,IFO_left,RD,True
CN_013,pipeline_02,IFO_right,AD,True
CN_013,pipeline_02,IFO_right,FA,True
CN_013,pipeline_02,IFO_right,MD,True
CN_013,pipeline_02,IFO_right,RD,True
CN_013,pipeline_02,ILF_left,AD,True
CN_013,pipeline_02,ILF_left,FA,True
CN_013,pipeline_02,ILF_left,MD,True
CN_013,pipeline_02,ILF_left,RD,True
CN_013,pipeline_02,ILF_right,AD,True
CN_013,pipeline_02,ILF_right,FA,True
CN_013,pipeline_02,ILF_right,MD,True
CN_013,pipeline_02,ILF_right,RD,True
CN_013,pipeline_02,UF_left,AD,True
CN_013,pipeline_02,UF_left,FA,True
CN_013,pipeline_02,UF_left,MD,True
CN_013,pipeline_02,UF_left,RD,True
CN_013,pipeline_02,UF_right,AD,True
CN_013,pipeline_02,UF_right,FA,True
CN_013,pipeline_02,UF_right,MD,True
CN_013,pipeline_02,UF_right,RD,True
CN_013,pipeline_03,CC_2,AD,True
CN_013,pipeline_03,CC_2,FA,True
CN_013,pipeline_03,CC_2,MD,True
CN_013,pipeline_03,CC_2,RD,True
CN_013,pipeline_03,CC_7,AD,True
CN_013,pipeline_03,CC_7,FA,True
CN_013,pipeline_03,CC_7,MD,True
CN_013,pipeline_03,CC_7,RD,True
CN_013,pipeline_03,CG_left,AD,True
CN_013,pipeline_03,CG_left,FA,True
CN_013,pipeline_03,CG_left,MD,True
CN_013,pipeline_03,CG_left,RD,True
CN_013,pipeline_03,CG_right,AD,True
CN_013,pipeline_03,CG_right,FA,True
CN_013,pipeline_03,CG_right,MD,True
CN_013,pipeline_03,CG_right,RD,True
CN_013,pipeline_03,IFO_left,AD,True
CN_013,pipeline_03,IFO_left,FA,True
CN_013,pipeline_03,IFO_left,MD,True
CN_013,pipeline_03,IFO_left,RD,True
CN_013,pipeline_03,IFO_right,AD,True
CN_013,pipeline_03,IFO_right,FA,True
CN_013,pipeline_03,IFO_right,MD,True
CN_013,pipeline_03,IFO_right,RD,True
CN_013,pipeline_03,ILF_left,AD,True
CN_013,pipeline_03,ILF_left,FA,True
CN_013,pipeline_03,ILF_left,MD,True
CN_013,pipeline_03,ILF_left,RD,True
CN_013,pipeline_03,ILF_right,AD,True
CN_013,pipeline_03,ILF_right,FA,True
CN_013,pipeline_03,ILF_right,MD,True
CN_013,pipeline_03,ILF_right,RD,True
CN_013,pipeline_03,UF_left,AD,True
CN_013,pipeline_03,UF_left,FA,True
CN_013,pipeline_03,UF_left,MD,True
CN_013,pipeline_03,UF_left,RD,True
CN_013,pipeline_03,UF_right,AD,True
CN_013,pipeline_03,UF_right,FA,True
CN_013,pipeline_03,UF_right,MD,True
CN_013,pipeline_03,UF_right,RD,True
CN_014,pipeline_01,CC_2,AD,True
CN_014,pipeline_01,CC_2,FA,True
CN_014,pipeline_01,CC_2,MD,True
CN_014,pipeline_01,CC_2,RD,True
CN_014,pipeline_01,CC_7,AD,True
CN_014,pipeline_01,CC_7,FA,True
CN_014,pipeline_01,CC_7,MD,True
CN_014,pipeline_01,CC_7,RD,True
CN_014,pipeline_01,CG_left,AD,True
CN_014,pipeline_01,CG_left,FA,True
CN_014,pipeline_01,CG_left,MD,True
CN_014,pipeline_01,CG_left,RD,True
CN_014,pipeline_01,CG_right,AD,True
CN_014,pipeline_01,CG_right,FA,True
CN_014,pipeline_01,CG_right,MD,True
CN_014,pipeline_01,CG_right,RD,True
CN_014,pipeline_01,IFO_left,AD,True
CN_014,pipeline_01,IFO_left,FA,True
CN_014,pipeline_01,IFO_left,MD,True
CN_014,pipeline_01,IFO_left,RD,True
CN_014,pipeline_01,IFO_right,AD,True
CN_014,pipeline_01,IFO_right,FA,True
CN_014,pipeline_01,IFO_right,MD,True
CN_014,pipeline_01,IFO_right,RD,True
CN_014,pipeline_01,ILF_left,AD,True
CN_014,pipeline_01,ILF_left,FA,True
CN_014,pipeline_01,ILF_left,MD,True
CN_014,pipeline_01,ILF_left,RD,True
CN_014,pipeline_01,ILF_right,AD,True
CN_014,pipeline_01,ILF_right,FA,True
CN_014,pipeline_01,ILF_right,MD,True
CN_014,pipeline_01,ILF_right,RD,True
CN_014,pipeline_01,UF_left,AD,True
CN_014,pipeline_01,UF_left,FA,True
CN_014,pipeline_01,UF_left,MD,True
CN_014,pipeline_01,UF_left,RD,True
CN_014,pipeline_01,UF_right,AD,True
CN_014,pipeline_01,UF_right,FA,True
CN_014,pipeline_01,UF_right,MD,True
CN_014,pipeline_01,UF_right,RD,True
CN_014,pipeline_02,CC_2,AD,True
CN_014,pipeline_02,CC_2,FA,True
CN_014,pipeline_02,CC_2,MD,True
CN_014,pipeline_02,CC_2,RD,True
CN_014,pipeline_02,CC_7,AD,True
CN_014,pipeline_02,CC_7,FA,True
CN_014,pipeline_02,CC_7,MD,True
CN_014,pipeline_02,CC_7,RD,True
CN_014,pipeline_02,CG_left,AD,True
CN_014,pipeline_02,CG_left,FA,True
CN_014,pipeline_02,CG_left,MD,True
CN_014,pipeline_02,CG_left,RD,True
CN_014,pipeline_02,CG_right,AD,True
CN_014,pipeline_02,CG_right,FA,True
CN_014,pipeline_02,CG_right,MD,True
CN_014,pipeline_02,CG_right,RD,True
CN_014,pipeline_02,IFO_left,AD,True
CN_014,pipeline_02,IFO_left,FA,True
CN_014,pipeline_02,IFO_left,MD,True
CN_014,pipeline_02,IFO_left,RD,True
CN_014,pipeline_02,IFO_right,AD,True
CN_014,pipeline_02,IFO_right,FA,True
CN_014,pipeline_02,IFO_right,MD,True
CN_014,pipeline_02,IFO_right,RD,True
CN_014,pipeline_02,ILF_left,AD,True
CN_014,pipeline_02,ILF_left,FA,True
CN_014,pipeline_02,ILF_left,MD,True
CN_014,pipeline_02,ILF_left,RD,True
CN_014,pipeline_02,ILF_right,AD,True
CN_014,pipeline_02,ILF_right,FA,True
CN_014,pipeline_02,ILF_right,MD,True
CN_014,pipeline_02,ILF_right,RD,True
CN_014,pipeline_02,UF_left,AD,True
CN_014,pipeline_02,UF_left,FA,True
CN_014,pipeline_02,UF_left,MD,True
CN_014,pipeline_02,UF_left,RD,True
CN_014,pipeline_02,UF_right,AD,True
CN_014,pipeline_02,UF_right,FA,True
CN_014,pipeline_02,UF_right,MD,True
CN_014,pipeline_02,UF_right,RD,True
CN_014,pipeline_03,CC_2,AD,True
CN_014,pipeline_03,CC_2,FA,True
CN_014,pipeline_03,CC_2,MD,True
CN_014,pipeline_03,CC_2,RD,True
CN_014,pipeline_03,CC_7,AD,True
CN_014,pipeline_03,CC_7,FA,True
CN_014,pipeline_03,CC_7,MD,True
CN_014,pipeline_03,CC_7,RD,True
CN_014,pipeline_03,CG_left,AD,True
CN_014,pipeline_03,CG_left,FA,True
CN_014,pipeline_03,CG_left,MD,True
CN_014,pipeline_03,CG_left,RD,True
CN_014,pipeline_03,CG_right,AD,True
CN_014,pipeline_03,CG_right,FA,True
CN_014,pipeline_03,CG_right,MD,True
CN_014,pipeline_03,CG_right,RD,True
CN_014,pipeline_03,IFO_left,AD,True
CN_014,pipeline_03,IFO_left,FA,True
CN_014,pipeline_03,IFO_left,MD,True
CN_014,pipeline_03,IFO_left,RD,True
CN_014,pipeline_03,IFO_right,AD,True
CN_014,pipeline_03,IFO_right,FA,True
CN_014,pipeline_03,IFO_right,MD,True
CN_014,pipeline_03,IFO_right,RD,True
CN_014,pipeline_03,ILF_left,AD,True
CN_014,pipeline_03,ILF_left,FA,True
CN_014,pipeline_03,ILF_left,MD,True
CN_014,pipeline_03,ILF_left,RD,True
CN_014,pipeline_03,ILF_right,AD,True
CN_014,pipeline_03,ILF_right,FA,True
CN_014,pipeline_03,ILF_right,MD,True
CN_014,pipeline_03,ILF_right,RD,True
CN_014,pipeline_03,UF_left,AD,True
CN_014,pipeline_03,UF_left,FA,True
CN_014,pipeline_03,UF_left,MD,True
CN_014,pipeline_03,UF_left,RD,True
CN_014,pipeline_03,UF_right,AD,True
CN_014,pipeline_03,UF_right,FA,True
CN_014,pipeline_03,UF_right,MD,True
CN_014,pipeline_03,UF_right,RD,True
CN_015,pipeline_01,CC_2,AD,True
CN_015,pipeline_01,CC_2,FA,True
CN_015,pipeline_01,CC_2,MD,True
CN_015,pipeline_01,CC_2,RD,True
CN_015,pipeline_01,CC_7,AD,True
CN_015,pipeline_01,CC_7,FA,True
CN_015,pipeline_01,CC_7,MD,True
CN_015,pipeline_01,CC_7,RD,True
CN_015,pipeline_01,CG_left,AD,True
CN_015,pipeline_01,CG_left,FA,True
CN_015,pipeline_01,CG_left,MD,True
CN_015,pipeline_01,CG_left,RD,True
CN_015,pipeline_01,CG_right,AD,True
CN_015,pipeline_01,CG_right,FA,True
CN_015,pipeline_01,CG_right,MD,True
CN_015,pipeline_01,CG_right,RD,True
CN_015,pipeline_01,IFO_left,AD,True
CN_015,pipeline_01,IFO_left,FA,True
CN_015,pipeline_01,IFO_left,MD,True
CN_015,pipeline_01,IFO_left,RD,True
CN_015,pipeline_01,IFO_right,AD,True
CN_015,pipeline_01,IFO_right,FA,True
CN_015,pipeline_01,IFO_right,MD,True
CN_015,pipeline_01,IFO_right,RD,True
CN_015,pipeline_01,ILF_left,AD,True
CN_015,pipeline_01,ILF_left,FA,True
CN_015,pipeline_01,ILF_left,MD,True
CN_015,pipeline_01,ILF_left,RD,True
CN_015,pipeline_01,ILF_right,AD,True
CN_015,pipeline_01,ILF_right,FA,True
CN_015,pipeline_01,ILF_right,MD,True
CN_015,pipeline_01,ILF_right,RD,True
CN_015,pipeline_01,UF_left,AD,True
CN_015,pipeline_01,UF_left,FA,True
CN_015,pipeline_01,UF_left,MD,True
CN_015,pipeline_01,UF_left,RD,True
CN_015,pipeline_01,UF_right,AD,True
CN_015,pipeline_01,UF_right,FA,True
CN_015,pipeline_01,UF_right,MD,True
CN_015,pipeline_01,UF_right,RD,True
CN_015,pipeline_02,CC_2,AD,True
CN_015,pipeline_02,CC_2,FA,True
CN_015,pipeline_02,CC_2,MD,True
CN_015,pipeline_02,CC_2,RD,True
CN_015,pipeline_02,CC_7,AD,True
CN_015,pipeline_02,CC_7,FA,True
CN_015,pipeline_02,CC_7,MD,True
CN_015,pipeline_02,CC_7,RD,True
CN_015,pipeline_02,CG_left,AD,True
CN_015,pipeline_02,CG_left,FA,True
CN_015,pipeline_02,CG_left,MD,True
CN_015,pipeline_02,CG_left,RD,True
CN_015,pipeline_02,CG_right,AD,True
CN_015,pipeline_02,CG_right,FA,True
CN_015,pipeline_02,CG_right,MD,True
CN_015,pipeline_02,CG_right,RD,True
CN_015,pipeline_02,IFO_left,AD,True
CN_015,pipeline_02,IFO_left,FA,True
CN_015,pipeline_02,IFO_left,MD,True
CN_015,pipeline_02,IFO_left,RD,True
CN_015,pipeline_02,IFO_right,AD,True
CN_015,pipeline_02,IFO_right,FA,True
CN_015,pipeline_02,IFO_right,MD,True
CN_015,pipeline_02,IFO_right,RD,True
CN_015,pipeline_02,ILF_left,AD,True
CN_015,pipeline_02,ILF_left,FA,True
CN_015,pipeline_02,ILF_left,MD,True
CN_015,pipeline_02,ILF_left,RD,True
CN_015,pipeline_02,ILF_right,AD,True
CN_015,pipeline_02,ILF_right,FA,True
CN_015,pipeline_02,ILF_right,MD,True
CN_015,pipeline_02,ILF_right,RD,True
CN_015,pipeline_02,UF_left,AD,True
CN_015,pipeline_02,UF_left,FA,True
CN_015,pipeline_02,UF_left,MD,True
CN_015,pipeline_02,UF_left,RD,True
CN_015,pipeline_02,UF_right,AD,True
CN_015,pipeline_02,UF_right,FA,True
CN_015,pipeline_02,UF_right,MD,True
CN_015,pipeline_02,UF_right,RD,True
CN_015,pipeline_03,CC_2,AD,True
CN_015,pipeline_03,CC_2,FA,True
CN_015,pipeline_03,CC_2,MD,True
CN_015,pipeline_03,CC_2,RD,True
CN_015,pipeline_03,CC_7,AD,True
CN_015,pipeline_03,CC_7,FA,True
CN_015,pipeline_03,CC_7,MD,True
CN_015,pipeline_03,CC_7,RD,True
CN_015,pipeline_03,CG_left,AD,True
CN_015,pipeline_03,CG_left,FA,True
CN_015,pipeline_03,CG_left,MD,True
CN_015,pipeline_03,CG_left,RD,True
CN_015,pipeline_03,CG_right,AD,True
CN_015,pipeline_03,CG_right,FA,True
CN_015,pipeline_03,CG_right,MD,True
CN_015,pipeline_03,CG_right,RD,True
CN_015,pipeline_03,IFO_left,AD,True
CN_015,pipeline_03,IFO_left,FA,True
CN_015,pipeline_03,IFO_left,MD,True
CN_015,pipeline_03,IFO_left,RD,True
CN_015,pipeline_03,IFO_right,AD,True
CN_015,pipeline_03,IFO_right,FA,True
CN_015,pipeline_03,IFO_right,MD,True
CN_015,pipeline_03,IFO_right,RD,True
CN_015,pipeline_03,ILF_left,AD,True
CN_015,pipeline_03,ILF_left,FA,True
CN_015,pipeline_03,ILF_left,MD,True
CN_015,pipeline_03,ILF_left,RD,True
CN_015,pipeline_03,ILF_right,AD,True
CN_015,pipeline_03,ILF_right,FA,True
CN_015,pipeline_03,ILF_right,MD,True
CN_015,pipeline_03,ILF_right,RD,True
CN_015,pipeline_03,UF_left,AD,True
CN_015,pipeline_03,UF_left,FA,True
CN_015,pipeline_03,UF_left,MD,True
CN_015,pipeline_03,UF_left,RD,True
CN_015,pipeline_03,UF_right,AD,True
CN_015,pipeline_03,UF_right,FA,True
CN_015,pipeline_03,UF_right,MD,True
CN_015,pipeline_03,UF_right,RD,True
