tract,metric,feature,pipeline_1,pipeline_2,n_subjects,bias_pipeline2_minus_pipeline1,sd_difference,loa_lower,loa_upper,mean_absolute_difference,mean_pair_value
CC_2,AD,mean,pipeline_01,pipeline_02,30,-1.7765916074196684e-05,1.4692334991821765e-05,-4.656289265816735e-05,1.1031060509773976e-05,2.0346321305036672e-05,0.0014175478419229713
CC_2,AD,mean,pipeline_01,pipeline_03,30,-2.443843775772999e-05,1.5283493462068207e-05,-5.4394084943383675e-05,5.517209427923694e-06,2.6929249866883327e-05,0.001414211581081205
CC_2,AD,mean,pipeline_02,pipeline_03,30,-6.672521683533308e-06,1.141151099967045e-05,-2.9039083242887394e-05,1.5694039875820774e-05,1.028003344735332e-05,0.001405328623044107
CC_2,AD,median,pipeline_01,pipeline_02,30,-2.3795062417033198e-06,3.20704024202408e-05,-6.523749498537529e-05,6.0478482501968656e-05,2.261877165744335e-05,0.0012743820459711216
CC_2,AD,median,pipeline_01,pipeline_03,30,-1.5928041001369994e-05,2.7012107762625092e-05,-6.887177221611517e-05,3.701569021337518e-05,2.4756941067916696e-05,0.0012676077785912885
CC_2,AD,median,pipeline_02,pipeline_03,30,-1.3548534759666673e-05,1.9474802614634832e-05,-5.171914788435095e-05,2.46220783650176e-05,1.6643609646206676e-05,0.0012664180254704368
CC_2,AD,sd,pipeline_01,pipeline_02,30,-1.739561612622e-05,1.6621862583954265e-05,-4.9974466790770364e-05,1.5183234538330363e-05,1.9697180031233324e-05,0.00032514446540774005
CC_2,AD,sd,pipeline_01,pipeline_03,30,-9.343309914106668e-06,1.806139941917524e-05,-4.474365277569014e-05,2.6057032947476803e-05,1.551229200064666e-05,0.0003291706185137967
CC_2,AD,sd,pipeline_02,pipeline_03,30,8.05230621211333e-06,1.1472093536997375e-05,-1.4432997120401523e-05,3.053760954462819e-05,1.058656503296e-05,0.0003204728104506867
CC_2,AD,proximal_mean,pipeline_01,pipeline_02,30,-1.3352647937200006e-05,1.95382252502526e-05,-5.16475694276951e-05,2.4942273553295094e-05,1.9127570682299995e-05,0.0012249307371674666
CC_2,AD,proximal_mean,pipeline_01,pipeline_03,30,-2.531040855128669e-05,1.7721134429792417e-05,-6.004383203367982e-05,9.423014931106445e-06,2.6799098722926693e-05,0.0012189518568604231
CC_2,AD,proximal_mean,pipeline_02,pipeline_03,30,-1.1957760614086686e-05,1.1344672599617756e-05,-3.4193318909337485e-05,1.0277797681164116e-05,1.3371242651833362e-05,0.001212275532891823
CC_2,AD,middle_mean,pipeline_01,pipeline_02,30,-3.798823553169e-05,3.0914354271351725e-05,-9.858036990353938e-05,2.260389884015938e-05,4.171263480782335e-05,0.0018272070914650516
CC_2,AD,middle_mean,pipeline_01,pipeline_03,30,-3.459851757315997e-05,3.559631786014496e-05,-0.00010436730057904409,3.5170265432724144e-05,4.2543697514553314e-05,0.001828901950444317
CC_2,AD,middle_mean,pipeline_02,pipeline_03,30,3.3897179585300224e-06,2.5408195624278388e-05,-4.641034546505562e-05,5.318978138211566e-05,1.8438591538249985e-05,0.0018099078326784715
CC_2,AD,distal_mean,pipeline_01,pipeline_02,30,-1.462831899906671e-06,1.671110502605366e-05,-3.421659775097184e-05,3.12909339511585e-05,1.2426271210953343e-05,0.0011937231301118267
CC_2,AD,distal_mean,pipeline_01,pipeline_03,30,-1.3061635567226666e-05,1.8125383761782315e-05,-4.858738774032e-05,2.2464116605866673e-05,1.836198718227333e-05,0.0011879237282781672
CC_2,AD,distal_mean,pipeline_02,pipeline_03,30,-1.1598803667319994e-05,9.077007133949916e-06,-2.9389737649861833e-05,6.1921303152218425e-06,1.2473001768026666e-05,0.0011871923123282135
CC_2,FA,mean,pipeline_01,pipeline_02,30,-0.00956673107577394,0.0134679662819513,-0.035963944988398486,0.01683048283685061,0.01409141566018643,0.4487702400127235
CC_2,FA,mean,pipeline_01,pipeline_03,30,-0.019059441987380087,0.01308892973205817,-0.0447137442622141,0.006594860287453926,0.021651792689226217,0.4440238845569205
CC_2,FA,mean,pipeline_02,pipeline_03,30,-0.009492710911606148,0.004929212638653184,-0.01915396768336639,0.0001685458601540929,0.009492710911606148,0.4392405190190335
CC_2,FA,median,pipeline_01,pipeline_02,30,-0.013915654599173958,0.014458596890697999,-0.04225450450494204,0.01442319530659412,0.017012764262522344,0.3805141237277149
CC_2,FA,median,pipeline_01,pipeline_03,30,-0.023723899775479028,0.016351678361450184,-0.05577318936392139,0.008325389812963331,0.025322722436836698,0.37561000113956244
CC_2,FA,median,pipeline_02,pipeline_03,30,-0.009808245176305071,0.0057034399960212345,-0.02098698756850669,0.0013704972158965472,0.010009996798970418,0.3686521738399755
CC_2,FA,sd,pipeline_01,pipeline_02,30,-0.00027336016380648487,0.007074584761293182,-0.014139546295941122,0.013592825968328153,0.005631538873435807,0.13187319064842792
CC_2,FA,sd,pipeline_01,pipeline_03,30,0.001101202024752231,0.007568289081485192,-0.013732644574958744,0.015935048624463207,0.005732538348187369,0.13256047174270727
CC_2,FA,sd,pipeline_02,pipeline_03,30,0.001374562188558716,0.004188171757860673,-0.006834254456848202,0.009583378833965634,0.003678588957284172,0.13242379166080404
CC_2,FA,proximal_mean,pipeline_01,pipeline_02,30,-0.008224529414561088,0.012441388180862954,-0.03260965024905248,0.0161605914199303,0.012641746085490183,0.36983141812521847
CC_2,FA,proximal_mean,pipeline_01,pipeline_03,30,-0.01826627753699224,0.01281236356181878,-0.04337851011815705,0.006845955044172566,0.019539806542603382,0.3648105440640028
CC_2,FA,proximal_mean,pipeline_02,pipeline_03,30,-0.010041748122431155,0.006405333412716281,-0.022596201611355067,0.0025127053664927568,0.010041748122431155,0.3606982793567223
CC_2,FA,middle_mean,pipeline_01,pipeline_02,30,-0.00890573615528251,0.021460151724010983,-0.05096763353434404,0.03315616122377901,0.016749090373990756,0.6161411916125978
CC_2,FA,middle_mean,pipeline_01,pipeline_03,30,-0.017024047432907644,0.021304469895395566,-0.058780808427882955,0.024732713562067663,0.022771260266867443,0.6120820359737851
CC_2,FA,middle_mean,pipeline_02,pipeline_03,30,-0.008118311277625136,0.009537376787524292,-0.026811569781172752,0.010574947225922478,0.009733702686070121,0.6076291678961439
CC_2,FA,distal_mean,pipeline_01,pipeline_02,30,-0.011632527550656517,0.011304680128237233,-0.033789700602001496,0.010524645500688459,0.01463259193779705,0.35757460624684284
CC_2,FA,distal_mean,pipeline_01,pipeline_03,30,-0.021976393461142323,0.011357337219934857,-0.044236774412214644,0.0002839874899299953,0.023087255713441435,0.35240267329159997
CC_2,FA,distal_mean,pipeline_02,pipeline_03,30,-0.010343865910485799,0.0038912744906008296,-0.017970763912063425,-0.0027169679089081725,0.010343865910485799,0.3465864095162717
CC_2,MD,mean,pipeline_01,pipeline_02,30,-3.1526094196666527e-06,1.965339013502498e-05,-4.167325408431561e-05,3.5368035244982304e-05,1.2811593877346674e-05,0.0009182004082556233
CC_2,MD,mean,pipeline_01,pipeline_03,30,-8.042425902733389e-07,1.7962052977889767e-05,-3.6009866426937276e-05,3.44013812463906e-05,1.2002384810620002e-05,0.0009193745916703199
CC_2,MD,mean,pipeline_02,pipeline_03,30,2.348366829393314e-06,1.1137169238340868e-05,-1.9480484877754785e-05,2.417721853654141e-05,7.858713040366657e-06,0.0009177982869604866
CC_2,MD,median,pipeline_01,pipeline_02,30,8.642406279309995e-06,2.7792918716471613e-05,-4.583171440497436e-05,6.311652696359435e-05,2.117625613286999e-05,0.0008989418940037616
CC_2,MD,median,pipeline_01,pipeline_03,30,6.256741054799992e-06,1.962670940261948e-05,-3.221160937433419e-05,4.4725091483934173e-05,1.6335210231900002e-05,0.0008977490613915067
CC_2,MD,median,pipeline_02,pipeline_03,30,-2.385665224510003e-06,1.59751240054585e-05,-3.369690827520866e-05,2.8925577826188656e-05,1.137415089082334e-05,0.0009020702645311618
CC_2,MD,sd,pipeline_01,pipeline_02,30,-8.633881021667814e-06,1.718322831598509e-05,-4.231300852099859e-05,2.504524647766296e-05,1.309473285572441e-05,9.842728712335592e-05
CC_2,MD,sd,pipeline_01,pipeline_03,30,-5.387104915159856e-06,1.6658110289604698e-05,-3.803700108278506e-05,2.726279125246535e-05,1.2784801811165865e-05,0.00010005067517660989
CC_2,MD,sd,pipeline_02,pipeline_03,30,3.2467761065079592e-06,1.0316432579525302e-05,-1.6973431749361633e-05,2.3466983962377548e-05,7.092235156076082e-06,9.573373466577601e-05
CC_2,MD,proximal_mean,pipeline_01,pipeline_02,30,-2.388914416536674e-06,1.931628784737077e-05,-4.024883859738338e-05,3.547100976431003e-05,1.4520634552336672e-05,0.000868673250627205
CC_2,MD,proximal_mean,pipeline_01,pipeline_03,30,-3.450435991733333e-06,1.7711652634023284e-05,-3.816527515441897e-05,3.12644031709523e-05,1.293795292914666e-05,0.0008681424898396065
CC_2,MD,proximal_mean,pipeline_02,pipeline_03,30,-1.0615215751966592e-06,1.021302499311457e-05,-2.1079050561701215e-05,1.8956007411307895e-05,7.681735031949993e-06,0.0008669480326313383
CC_2,MD,middle_mean,pipeline_01,pipeline_02,30,-1.5458890509176642e-05,3.959512696127879e-05,-9.306533935328305e-05,6.214755833492978e-05,2.945333863690333e-05,0.001024585624218195
CC_2,MD,middle_mean,pipeline_01,pipeline_03,30,-7.119051068233314e-06,3.926657193652664e-05,-8.408153206382553e-05,6.98434299273589e-05,2.862128170927332e-05,0.0010287555439386668
CC_2,MD,middle_mean,pipeline_02,pipeline_03,30,8.339839440943329e-06,2.4210111214883864e-05,-3.911197854022904e-05,5.57916574221157e-05,1.7800373800756667e-05,0.0010210260986840782
CC_2,MD,distal_mean,pipeline_01,pipeline_02,30,8.750682481943334e-06,1.538807774772299e-05,-2.1409949903593725e-05,3.891131486748039e-05,1.2952058501396672e-05,0.000859565535598525
CC_2,MD,distal_mean,pipeline_01,pipeline_03,30,8.436790597920017e-06,1.5414532318088597e-05,-2.1775692745533633e-05,3.864927394137367e-05,1.3384488578040009e-05,0.0008594085896565134
CC_2,MD,distal_mean,pipeline_02,pipeline_03,30,-3.13891884023318e-07,5.687978641999155e-06,-1.1462330022341662e-05,1.0834546254295027e-05,4.562615570463328e-06,0.000863783930897485
CC_2,RD,mean,pipeline_01,pipeline_02,30,4.1540441769866635e-06,2.427559628804432e-05,-4.34261245475802e-05,5.173421290155353e-05,1.581848050310667e-05,0.0006685266913959533
CC_2,RD,mean,pipeline_01,pipeline_03,30,1.1012855045949999e-05,2.2050681534668982e-05,-3.22064807620012e-05,5.4232190853901204e-05,1.7789409178336665e-05,0.0006719560968304351
CC_2,RD,mean,pipeline_02,pipeline_03,30,6.858810868963335e-06,1.1880154500850429e-05,-1.6426291952703503e-05,3.0143913690630174e-05,9.508681005556666e-06,0.0006740331189189283
CC_2,RD,median,pipeline_01,pipeline_02,30,6.856990261570016e-06,1.8418747190297355e-05,-2.92437542314128e-05,4.295773475455283e-05,1.3075846857956677e-05,0.0006752901655948083
CC_2,RD,median,pipeline_01,pipeline_03,30,1.3037397247220006e-05,2.1757266740449487e-05,-2.9606845564060984e-05,5.5681640058500996e-05,1.6972929586646675e-05,0.0006783803690876334
CC_2,RD,median,pipeline_02,pipeline_03,30,6.18040698564999e-06,1.3558380298893874e-05,-2.0394018400182e-05,3.275483237148198e-05,7.97416406050999e-06,0.0006818088642184182
CC_2,RD,sd,pipeline_01,pipeline_02,30,3.930583061059941e-06,1.357855002977915e-05,-2.2683374997307193e-05,3.0544541119427076e-05,1.1207648855972669e-05,7.230085071629778e-05
CC_2,RD,sd,pipeline_01,pipeline_03,30,1.8878969539767802e-06,1.2426216572818569e-05,-2.2467487528747614e-05,2.6243281436701176e-05,9.871387562763487e-06,7.127950766275621e-05
CC_2,RD,sd,pipeline_02,pipeline_03,30,-2.0426861070831596e-06,8.466864448896788e-06,-1.8637740426920864e-05,1.4552368212754543e-05,5.854666755650707e-06,7.324479919328617e-05
CC_2,RD,proximal_mean,pipeline_01,pipeline_02,30,3.0929517906000056e-06,2.1864845264494133e-05,-3.976214492780849e-05,4.5948048509008504e-05,1.5320486920053335e-05,0.0006905445073202133
CC_2,RD,proximal_mean,pipeline_01,pipeline_03,30,7.479549907233338e-06,2.07062008061668e-05,-3.3104603672853594e-05,4.806370348732027e-05,1.3874416645060005e-05,0.0006927378063785299
CC_2,RD,proximal_mean,pipeline_02,pipeline_03,30,4.3865981166333325e-06,1.1272929998330548e-05,-1.770834468009454e-05,2.6481540913361207e-05,7.268740802773348e-06,0.0006942842822738302
CC_2,RD,middle_mean,pipeline_01,pipeline_02,30,-4.194217152366676e-06,4.697675108969423e-05,-9.626864928816737e-05,8.788021498343401e-05,3.201245809079334e-05,0.0006232748908691334
CC_2,RD,middle_mean,pipeline_01,pipeline_03,30,6.620681904976649e-06,4.5494539980979915e-05,-8.254861645774399e-05,9.578998026769728e-05,3.256256708974332e-05,0.000628682340397805
CC_2,RD,middle_mean,pipeline_02,pipeline_03,30,1.0814899057343325e-05,2.5406208057597088e-05,-3.8981268735546963e-05,6.0611066850233614e-05,1.8879842950530016e-05,0.0006265852318216215
CC_2,RD,distal_mean,pipeline_01,pipeline_02,30,1.385744019637e-05,1.763997971806785e-05,-2.0716920051042988e-05,4.843180044378299e-05,1.8821073567503335e-05,0.0006924867380173415
CC_2,RD,distal_mean,pipeline_01,pipeline_03,30,1.9186004521883328e-05,1.708338029093024e-05,-1.429742084833994e-05,5.266942989210659e-05,2.255928067478333e-05,0.0006951510201800982
CC_2,RD,distal_mean,pipeline_02,pipeline_03,30,5.328564325513329e-06,5.456086594451289e-06,-5.365365399611196e-06,1.6022494050637854e-05,6.276293001646671e-06,0.0007020797402782832
CC_7,AD,mean,pipeline_01,pipeline_02,30,-2.282955900837334e-05,4.72503333594327e-05,-0.00011544021239286143,6.978109437611474e-05,4.160009294373999e-05,0.0016842945967052568
CC_7,AD,mean,pipeline_01,pipeline_03,30,-2.138531941349666e-05,6.004746410070654e-05,-0.00013907834905088149,9.630771022388816e-05,4.720415286485e-05,0.0016850167165026947
CC_7,AD,mean,pipeline_02,pipeline_03,30,1.4442395948766828e-06,4.7472547456079116e-05,-9.160195341903837e-05,9.449043260879175e-05,3.393036632285e-05,0.001673601936998508
CC_7,AD,median,pipeline_01,pipeline_02,30,-1.845289921538665e-05,4.685651301822328e-05,-0.00011029166473110427,7.338586630033098e-05,3.7759767907859996e-05,0.0016996408249282502
CC_7,AD,median,pipeline_01,pipeline_03,30,-2.122763336217332e-05,4.909580045681204e-05,-0.00011745540225752493,7.500013553317827e-05,4.446073978622668e-05,0.001698253457854857
CC_7,AD,median,pipeline_02,pipeline_03,30,-2.77473414678667e-06,3.938561294549623e-05,-7.997053551995928e-05,7.442106722638594e-05,2.9711915709333376e-05,0.0016890270082471634
CC_7,AD,sd,pipeline_01,pipeline_02,30,-1.609265679479e-05,2.868607129434824e-05,-7.231735653171255e-05,4.0132042942132544e-05,2.4252447285483328e-05,0.00024672666136670165
CC_7,AD,sd,pipeline_01,pipeline_03,30,-1.067200387419334e-05,3.184168056782411e-05,-7.30816977871286e-05,5.1737690038741915e-05,2.579995703788001e-05,0.00024943698782700006
CC_7,AD,sd,pipeline_02,pipeline_03,30,5.420652920596662e-06,2.5792460212156276e-05,-4.5132569095229635e-05,5.597387493642296e-05,2.0049996134143332e-05,0.000241390659429605
CC_7,AD,proximal_mean,pipeline_01,pipeline_02,30,-2.916360904836003e-05,9.392011166981502e-05,-0.00021324702792119746,0.0001549198098244774,7.522028118979333e-05,0.0015966484851984263
CC_7,AD,proximal_mean,pipeline_01,pipeline_03,30,-1.9305710347263354e-05,0.00010483284313798523,-0.0002247780828977144,0.0001861666622031877,7.078788723121668e-05,0.001601577434548975
CC_7,AD,proximal_mean,pipeline_02,pipeline_03,30,9.857898701096672e-06,8.635565475993103e-05,-0.00015939918462836816,0.0001791149820305615,6.386238571720331e-05,0.0015869956300247948
CC_7,AD,middle_mean,pipeline_01,pipeline_02,30,-3.257045630716331e-05,5.425827641449403e-05,-0.0001389166780795716,7.3775765465245e-05,4.478585475310331e-05,0.001828592290738365
CC_7,AD,middle_mean,pipeline_01,pipeline_03,30,-3.571076850243666e-05,5.1580695410746644e-05,-0.00013680893150750008,6.538739450262678e-05,4.496058228250331e-05,0.0018270221346407282
CC_7,AD,middle_mean,pipeline_02,pipeline_03,30,-3.1403121952733444e-06,3.9950673573460173e-05,-8.144363239925529e-05,7.516300800870859e-05,2.8961658575060008e-05,0.0018107369064871467
CC_7,AD,distal_mean,pipeline_01,pipeline_02,30,-6.252269565283363e-06,9.626153257353732e-05,-0.0001949248734094165,0.00018242033427884978,7.443050449118333e-05,0.0016258726522250316
CC_7,AD,distal_mean,pipeline_01,pipeline_03,30,-8.756796890073342e-06,0.0001158866566096374,-0.00023589464384496262,0.00021838105006481595,9.279516551986003e-05,0.0016246203885626365
CC_7,AD,distal_mean,pipeline_02,pipeline_03,30,-2.50452732478998e-06,0.0001002165791619568,-0.0001989290224822253,0.00019391996783264535,8.674890751168334e-05,0.0016214942537799953
CC_7,FA,mean,pipeline_01,pipeline_02,30,-0.0019829184525992027,0.01599389739690008,-0.033330957350523355,0.029365120445324952,0.012112925155084402,0.598173557423677
CC_7,FA,mean,pipeline_01,pipeline_03,30,-0.028175535142402845,0.014404245433616318,-0.05640785619229083,5.6785907485139286e-05,0.028590598773652574,0.5850772490787751
CC_7,FA,mean,pipeline_02,pipeline_03,30,-0.026192616689803643,0.011955257610684653,-0.04962492160674556,-0.002760311772861724,0.026192616689803643,0.5840857898524755
CC_7,FA,median,pipeline_01,pipeline_02,30,-0.004143492265030331,0.024204608822423982,-0.051584525556981335,0.043297541026920676,0.019201192775939614,0.603158469258113
CC_7,FA,median,pipeline_01,pipeline_03,30,-0.03579180788752704,0.02326393868680213,-0.08138912771365922,0.009805511938605134,0.037134419338323864,0.5873343114468648
CC_7,FA,median,pipeline_02,pipeline_03,30,-0.03164831562249671,0.019971296389104484,-0.07079205654514151,0.00749542530014808,0.03284394067275666,0.5852625653143496
CC_7,FA,sd,pipeline_01,pipeline_02,30,0.002221426913877474,0.011718550067760295,-0.0207469312189327,0.025189785046687653,0.008633177144240044,0.11480756305967
CC_7,FA,sd,pipeline_01,pipeline_03,30,-0.0010171921701694878,0.010452425226713028,-0.02150394561452702,0.019469561274188047,0.008570115603382866,0.1131882535176465
CC_7,FA,sd,pipeline_02,pipeline_03,30,-0.003238619084046962,0.010321954777340462,-0.023469650447634268,0.016992412279540344,0.00799674600519461,0.11429896697458526
CC_7,FA,proximal_mean,pipeline_01,pipeline_02,30,-0.013438273745687828,0.03945818131053392,-0.09077630911433432,0.06389976162295866,0.027174642725722106,0.5590751906489688
CC_7,FA,proximal_mean,pipeline_01,pipeline_03,30,-0.02978905946808293,0.02438932575356406,-0.07759213794506849,0.018014019008902624,0.03415670081571009,0.5508997977877713
CC_7,FA,proximal_mean,pipeline_02,pipeline_03,30,-0.0163507857223951,0.04599836805547383,-0.10650758711112382,0.0738060156663336,0.03852917291677992,0.5441806609149274
CC_7,FA,middle_mean,pipeline_01,pipeline_02,30,-0.0007806804511319025,0.0260738207278029,-0.05188536907762558,0.05032400817536178,0.018632359778145605,0.7070567816011608
CC_7,FA,middle_mean,pipeline_01,pipeline_03,30,-0.02636247637093118,0.022989416314105192,-0.07142173234657735,0.018696779604714994,0.03077016467646089,0.6942658836412613
CC_7,FA,middle_mean,pipeline_02,pipeline_03,30,-0.025581795919799276,0.021067579754662634,-0.06687425223893803,0.015710660399339486,0.028636325613955165,0.6938755434156952
CC_7,FA,distal_mean,pipeline_01,pipeline_02,30,0.008590608754385415,0.0351901015343937,-0.060381990253026235,0.07756320776179706,0.02481558221065278,0.5262079232270647
CC_7,FA,distal_mean,pipeline_01,pipeline_03,30,-0.02838130503962536,0.02860137338204468,-0.08443999686843293,0.02767738678918221,0.031741712202790005,0.5077219663300593
CC_7,FA,distal_mean,pipeline_02,pipeline_03,30,-0.03697191379401077,0.039553688794249434,-0.11449714383073965,0.040553316242718115,0.041523169866523296,0.512017270707252
CC_7,MD,mean,pipeline_01,pipeline_02,30,-1.0657976089459984e-05,3.7277297137657445e-05,-8.372147847926857e-05,6.240552630034861e-05,3.085943227018665e-05,0.0009616898065913899
CC_7,MD,mean,pipeline_01,pipeline_03,30,1.647973109938999e-05,4.3185518341917146e-05,-6.816388485076761e-05,0.00010112334704954759,3.3160721404776656e-05,0.0009752586601858149
CC_7,MD,mean,pipeline_02,pipeline_03,30,2.7137707188849975e-05,3.412592378336773e-05,-3.974910342655078e-05,9.402451780425074e-05,3.243161052783665e-05,0.000969929672141085
CC_7,MD,median,pipeline_01,pipeline_02,30,-1.4277135309780012e-05,3.586713584878326e-05,-8.457672157339519e-05,5.602245095383517e-05,3.0294013650026674e-05,0.0009311988086760966
CC_7,MD,median,pipeline_01,pipeline_03,30,1.5125720745823323e-05,4.000855916183461e-05,-6.329105521137252e-05,9.354249670301916e-05,3.208972391018333e-05,0.0009459002367038983
CC_7,MD,median,pipeline_02,pipeline_03,30,2.9402856055603334e-05,3.1541737232457585e-05,-3.241894892001353e-05,9.122466103122019e-05,3.374588362678333e-05,0.0009387616690490084
CC_7,MD,sd,pipeline_01,pipeline_02,30,-3.277767847812692e-06,2.0281107813403693e-05,-4.302873916208393e-05,3.647320346645855e-05,1.640948693993394e-05,0.00013330414779001042
CC_7,MD,sd,pipeline_01,pipeline_03,30,3.8627594669072e-06,2.7112369202162905e-05,-4.927748416933209e-05,5.700300310314649e-05,2.1563861088944912e-05,0.0001368744114473704
CC_7,MD,sd,pipeline_02,pipeline_03,30,7.140527314719891e-06,2.425274246198789e-05,-4.0394847910776375e-05,5.467590254021616e-05,1.9316403897852744e-05,0.00013523552752346405
CC_7,MD,proximal_mean,pipeline_01,pipeline_02,30,-4.567372818246664e-06,7.977599550885337e-05,-0.00016092832401559925,0.00015179357837910595,5.517901939897333e-05,0.0009376967445235666
CC_7,MD,proximal_mean,pipeline_01,pipeline_03,30,1.8637990269436664e-05,6.692585295825196e-05,-0.0001125366815287372,0.00014981266206761051,4.872595482919e-05,0.0009492994260674083
CC_7,MD,proximal_mean,pipeline_02,pipeline_03,30,2.3205363087683328e-05,6.610396371182177e-05,-0.00010635840578748734,0.000152769131962854,5.0315884422676664e-05,0.0009470157396582849
CC_7,MD,middle_mean,pipeline_01,pipeline_02,30,-1.6302401354940006e-05,5.4756002580568065e-05,-0.0001236241664128534,9.101936370297341e-05,4.125424627925333e-05,0.0009508388094706034
CC_7,MD,middle_mean,pipeline_01,pipeline_03,30,5.200785516739989e-06,4.808208150959585e-05,-8.904009424206789e-05,9.944166527554785e-05,3.743439338189997e-05,0.0009615904029064436
CC_7,MD,middle_mean,pipeline_02,pipeline_03,30,2.1503186871679996e-05,4.083823461168117e-05,-5.85397529672151e-05,0.00010154612671057509,3.597821486620666e-05,0.0009534392022289734
CC_7,MD,distal_mean,pipeline_01,pipeline_02,30,-1.1118097157939994e-05,7.834414500694719e-05,-0.00016467262137155646,0.00014243642705567648,5.2694397924280014e-05,0.00099762274262964
CC_7,MD,distal_mean,pipeline_01,pipeline_03,30,2.588543896233667e-05,8.49369075273852e-05,-0.00014059089979133832,0.00019236177771601168,6.148186785767668e-05,0.0010161245106897782
CC_7,MD,distal_mean,pipeline_02,pipeline_03,30,3.7003536120276663e-05,8.336645087720423e-05,-0.00012639470759904362,0.00020040177983959696,6.361608777431666e-05,0.0010105654621108083
CC_7,RD,mean,pipeline_01,pipeline_02,30,-4.57218473610334e-06,3.6990526268531076e-05,-7.707361622242424e-05,6.792924675021757e-05,2.881320503737e-05,0.0006003874111303516
CC_7,RD,mean,pipeline_01,pipeline_03,30,3.541225659577332e-05,3.824771941062266e-05,-3.955327344904709e-05,0.00011037778664059373,4.141283437169334e-05,0.0006203796317962899
CC_7,RD,mean,pipeline_02,pipeline_03,30,3.998444133187667e-05,3.0105777145242182e-05,-1.9022881872798007e-05,9.899176453655135e-05,4.139180106215e-05,0.0006180935394282384
CC_7,RD,median,pipeline_01,pipeline_02,30,1.843214564620008e-06,3.71619047693139e-05,-7.099411878323523e-05,7.468054791247525e-05,2.5537273559953332e-05,0.0005934215750124368
CC_7,RD,median,pipeline_01,pipeline_03,30,3.814213660312334e-05,4.116111373989698e-05,-4.253364632707473e-05,0.0001188179195333214,4.4429575128130014e-05,0.0006115710360316885
CC_7,RD,median,pipeline_02,pipeline_03,30,3.629892203850332e-05,3.880779943842494e-05,-3.976436486080956e-05,0.0001123622089378162,4.192590003966333e-05,0.0006124926433139983
CC_7,RD,sd,pipeline_01,pipeline_02,30,5.592872045544235e-06,1.7252173533951156e-05,-2.822138808100003e-05,3.94071321720885e-05,1.4749896185090897e-05,0.00014555442966337123
CC_7,RD,sd,pipeline_01,pipeline_03,30,7.27537409773548e-06,2.649211761399941e-05,-4.4649176425703364e-05,5.919992462117433e-05,2.029973316207323e-05,0.00014639568068946683
CC_7,RD,sd,pipeline_02,pipeline_03,30,1.6825020521912433e-06,2.583337299875095e-05,-4.895090902536062e-05,5.231591312974311e-05,2.0762436938502092e-05,0.00014919211671223897
CC_7,RD,proximal_mean,pipeline_01,pipeline_02,30,7.730745579153331e-06,8.36195629852235e-05,-0.00015616359787188475,0.0001716250890301914,5.1376136853853334e-05,0.0006082208745062167
CC_7,RD,proximal_mean,pipeline_01,pipeline_03,30,3.760984083949668e-05,5.395936219331465e-05,-6.815050905940002e-05,0.0001433701907383934,5.139876540237e-05,0.0006231604221363882
CC_7,RD,proximal_mean,pipeline_02,pipeline_03,30,2.9879095260343348e-05,7.551432007196494e-05,-0.00011812897208070794,0.00017788716260139464,5.813532301385668e-05,0.000627025794925965
CC_7,RD,middle_mean,pipeline_01,pipeline_02,30,-8.168374498366671e-06,5.9885761823500375e-05,-0.0001255444676724274,0.00010920771867569407,4.232056688068e-05,0.0005119620681389867
CC_7,RD,middle_mean,pipeline_01,pipeline_03,30,2.565656221994667e-05,5.100188643539348e-05,-7.430713519342456e-05,0.0001256202596333179,4.825587832156e-05,0.0005288745364981434
CC_7,RD,middle_mean,pipeline_02,pipeline_03,30,3.382493671831334e-05,4.728592451439998e-05,-5.885547532991061e-05,0.0001265053487665373,4.895221873359334e-05,0.0005247903492489599
CC_7,RD,distal_mean,pipeline_01,pipeline_02,30,-1.3551010931356673e-05,7.88910243656662e-05,-0.00016817741868806242,0.00014107539682534908,4.9970170904309995e-05,0.0006834977869838249
CC_7,RD,distal_mean,pipeline_01,pipeline_03,30,4.3206557669529986e-05,7.689423355791342e-05,-0.00010750614010398032,0.00019391925544304028,6.129917891811667e-05,0.0007118765712842683
CC_7,RD,distal_mean,pipeline_02,pipeline_03,30,5.6757568600886656e-05,8.739776101766789e-05,-0.0001145420429937424,0.00022805718019551572,6.273545326789333e-05,0.00070510106581859
CG_left,AD,mean,pipeline_01,pipeline_02,30,-1.5192808752313352e-05,2.300426576335029e-05,-6.028116964847992e-05,2.9895552143853216e-05,2.3666055398106668e-05,0.00120514945121811
CG_left,AD,mean,pipeline_01,pipeline_03,30,-3.068774351373335e-05,2.0353647681935956e-05,-7.058089297032783e-05,9.205405942861124e-06,3.3191998288540016e-05,0.0011974019838374
CG_left,AD,mean,pipeline_02,pipeline_03,30,-1.5494934761419993e-05,1.602255126366059e-05,-4.6899135238194754e-05,1.590926571535477e-05,1.8686460589713315e-05,0.0011898055794612435
CG_left,AD,median,pipeline_01,pipeline_02,30,-1.549866418097336e-05,2.635633155087964e-05,-6.715707402069746e-05,3.615974565875073e-05,2.563369528437334e-05,0.0012026383893308133
CG_left,AD,median,pipeline_01,pipeline_03,30,-3.0103768798740008e-05,2.2381144597346186e-05,-7.397081220953853e-05,1.376327461205852e-05,3.300649407665334e-05,0.0011953358370219301
CG_left,AD,median,pipeline_02,pipeline_03,30,-1.4605104617766649e-05,1.7080762694817312e-05,-4.8083399499608586e-05,1.8873190264075285e-05,1.8093263299973304e-05,0.0011875865049314433
CG_left,AD,sd,pipeline_01,pipeline_02,30,-2.3459934596418665e-06,8.324340906326618e-06,-1.8661701636042035e-05,1.3969714716758304e-05,7.07100666993319e-06,4.963438082837391e-05
CG_left,AD,sd,pipeline_01,pipeline_03,30,-1.9123360496266228e-07,8.236346987535967e-06,-1.6334473700533158e-05,1.595200649060783e-05,6.68375232600754e-06,5.07117607557135e-05
CG_left,AD,sd,pipeline_02,pipeline_03,30,2.1547598546792035e-06,6.242844597281105e-06,-1.0081215555991763e-05,1.4390735265350169e-05,5.398296299724126e-06,4.9538764025892566e-05
CG_left,AD,proximal_mean,pipeline_01,pipeline_02,30,-9.280715606129998e-06,4.193045642461579e-05,-9.146441019837694e-05,7.290297898611695e-05,2.8509856133363314e-05,0.0011988916774745553
CG_left,AD,proximal_mean,pipeline_01,pipeline_03,30,-2.130977421099333e-05,3.8959529459413274e-05,-9.767045195144334e-05,5.505090352945669e-05,3.23186521761733e-05,0.0011928771481721232
CG_left,AD,proximal_mean,pipeline_02,pipeline_03,30,-1.2029058604863334e-05,2.7791929585435936e-05,-6.650124059231776e-05,4.24431233825911e-05,2.1988125795429995e-05,0.0011882367903690582
CG_left,AD,middle_mean,pipeline_01,pipeline_02,30,-2.183495158822e-05,3.5192473915759254e-05,-9.081220046310813e-05,4.714229728666813e-05,3.4048610239026665e-05,0.0012151904463889966
CG_left,AD,middle_mean,pipeline_01,pipeline_03,30,-2.8985033637306656e-05,2.6023133153877462e-05,-7.999037461890648e-05,2.202030734429317e-05,3.534861434054666e-05,0.0012116154053644532
CG_left,AD,middle_mean,pipeline_02,pipeline_03,30,-7.150082049086653e-06,2.599713743525428e-05,-5.810447142218504e-05,4.3804307324011735e-05,2.2837738584953334e-05,0.0012006979295703434
CG_left,AD,distal_mean,pipeline_01,pipeline_02,30,-1.4439945009816641e-05,3.4914471921062725e-05,-8.287230997509959e-05,5.39924199554663e-05,2.938558082217667e-05,0.0012012480041211717
CG_left,AD,distal_mean,pipeline_01,pipeline_03,30,-4.211469391728003e-05,3.776834325368753e-05,-0.0001161406466945076,3.1911258859947536e-05,4.81241951616667e-05,0.00118741062966744
CG_left,AD,distal_mean,pipeline_02,pipeline_03,30,-2.7674748907463387e-05,2.9081593827625322e-05,-8.467467280960902e-05,2.9325174994682246e-05,3.0703611979603374e-05,0.0011801906571625317
CG_left,FA,mean,pipeline_01,pipeline_02,30,-0.013755580021733705,0.016638278135578874,-0.046366605167468294,0.018855445124000888,0.01876990030363197,0.434937722901668
CG_left,FA,mean,pipeline_01,pipeline_03,30,-0.026598103849914855,0.011580317457486564,-0.04929552606658852,-0.0039006816332411917,0.026598103849914855,0.42851646098757734
CG_left,FA,mean,pipeline_02,pipeline_03,30,-0.012842523828181155,0.01455802044344414,-0.04137624389733167,0.01569119624096936,0.015160661343794865,0.42163867097671054
CG_left,FA,median,pipeline_01,pipeline_02,30,-0.012498882940043643,0.01905800089942336,-0.04985256470291343,0.024854798822826145,0.019000031391379808,0.43126386524115445
CG_left,FA,median,pipeline_01,pipeline_03,30,-0.025749127733534913,0.014476516480382517,-0.05412310003508465,0.0026248445680148204,0.026005557382437164,0.4246387428444089
CG_left,FA,median,pipeline_02,pipeline_03,30,-0.013250244793491267,0.0149193529277364,-0.04249217653185461,0.015991686944872078,0.015459016865719715,0.41838930137438707
CG_left,FA,sd,pipeline_01,pipeline_02,30,-0.0002702581043262869,0.008657849295334955,-0.017239642723182798,0.016699126514530226,0.00590341365426186,0.04311803728668275
CG_left,FA,sd,pipeline_01,pipeline_03,30,0.002099372975728374,0.008125656836281123,-0.013826914423382625,0.018025660374839374,0.006888123331046518,0.044302852826710086
CG_left,FA,sd,pipeline_02,pipeline_03,30,0.0023696310800546605,0.0065966811873425435,-0.010559864047136724,0.015299126207246046,0.005508284485014596,0.04416772377454693
CG_left,FA,proximal_mean,pipeline_01,pipeline_02,30,-0.005993585609822275,0.038188878169494976,-0.08084378682203243,0.06885661560238789,0.02637783965821557,0.4194598610244995
CG_left,FA,proximal_mean,pipeline_01,pipeline_03,30,-0.02025813611433398,0.03560090123307313,-0.09003590253115731,0.04951963030248935,0.029942640722543535,0.41232758577224365
CG_left,FA,proximal_mean,pipeline_02,pipeline_03,30,-0.014264550504511704,0.03975135190285015,-0.092177200234098,0.06364809922507458,0.028012984087116024,0.40933079296733255
CG_left,FA,middle_mean,pipeline_01,pipeline_02,30,-0.017936995678873666,0.02964406864417466,-0.076039370221456,0.04016537886370866,0.028640831386760424,0.451391353244178
CG_left,FA,middle_mean,pipeline_01,pipeline_03,30,-0.019502137152105824,0.019393776931416872,-0.05751393993768289,0.018509665633471242,0.023964770130559167,0.4506087825075618
CG_left,FA,middle_mean,pipeline_02,pipeline_03,30,-0.0015651414732321604,0.02503617651754659,-0.050636047447623476,0.047505764501159155,0.02037314166694571,0.441640284668125
CG_left,FA,distal_mean,pipeline_01,pipeline_02,30,-0.017448051862591737,0.035868040120710765,-0.08774941049918483,0.05285330677400135,0.029902201917024092,0.4339314616717845
CG_left,FA,distal_mean,pipeline_01,pipeline_03,30,-0.04045391123434813,0.03138670757310575,-0.1019718580776354,0.021064035608939137,0.043092385361969895,0.4224285319859063
CG_left,FA,distal_mean,pipeline_02,pipeline_03,30,-0.0230058593717564,0.03437961233132705,-0.09038989954115742,0.04437818079764463,0.03255168970709678,0.41370450605461057
CG_left,MD,mean,pipeline_01,pipeline_02,30,2.624363547923334e-06,5.2438476872896e-06,-7.653577919164282e-06,1.2902305015010949e-05,4.2903726296566675e-06,0.0007928190570248016
CG_left,MD,mean,pipeline_01,pipeline_03,30,1.5648285920200001e-06,8.710654909992786e-06,-1.550805503156586e-05,1.863771221560586e-05,4.8928681471133414e-06,0.00079228928954685
CG_left,MD,mean,pipeline_02,pipeline_03,30,-1.0595349559033338e-06,7.146826231941869e-06,-1.5067314370509398e-05,1.294824445870273e-05,5.345767383823339e-06,0.0007936014713208116
CG_left,MD,median,pipeline_01,pipeline_02,30,3.0127647386000114e-06,7.06195248230859e-06,-1.0828662126724824e-05,1.6854191603924846e-05,5.749020327646676e-06,0.0007903291613533567
CG_left,MD,median,pipeline_01,pipeline_03,30,2.903668180566568e-07,7.11002983528441e-06,-1.3645291659100787e-05,1.42260252952141e-05,5.1736444616100155e-06,0.000788967962393085
CG_left,MD,median,pipeline_02,pipeline_03,30,-2.7223979205433547e-06,7.653279468258349e-06,-1.7722825678329718e-05,1.227802983724301e-05,5.237522130943354e-06,0.0007904743447623849
CG_left,MD,sd,pipeline_01,pipeline_02,30,2.611865918677144e-07,4.787273863254339e-06,-9.12187018011079e-06,9.644243363846219e-06,3.2524411874191204e-06,2.8243746859890773e-05
CG_left,MD,sd,pipeline_01,pipeline_03,30,1.6053261756038346e-06,8.268547551476165e-06,-1.460102702528945e-05,1.781167937649712e-05,5.101914986908166e-06,2.891581665175883e-05
CG_left,MD,sd,pipeline_02,pipeline_03,30,1.3441395837361202e-06,5.5898883131642176e-06,-9.612041510065747e-06,1.2300320677537986e-05,3.8433777493488285e-06,2.9046409947692694e-05
CG_left,MD,proximal_mean,pipeline_01,pipeline_02,30,3.319114657366609e-07,2.864888507730655e-05,-5.581990328578418e-05,5.64837262172575e-05,1.6906891279136666e-05,0.0008043129090749584
CG_left,MD,proximal_mean,pipeline_01,pipeline_03,30,2.6077749736733416e-06,2.6076585082641806e-05,-4.85023317883046e-05,5.371788173565128e-05,1.5419874829333333e-05,0.0008054508408289265
CG_left,MD,proximal_mean,pipeline_02,pipeline_03,30,2.2758635079366808e-06,2.7661502692220025e-05,-5.194068176881457e-05,5.6492408784687924e-05,1.7169730902356658e-05,0.0008056167965617948
CG_left,MD,middle_mean,pipeline_01,pipeline_02,30,2.6854771501333216e-06,7.997631959358223e-06,-1.2989881490208796e-05,1.8360835790475437e-05,6.426489358573334e-06,0.0007838087927740366
CG_left,MD,middle_mean,pipeline_01,pipeline_03,30,-2.602449436900009e-06,7.383861044150522e-06,-1.707481708343503e-05,1.1869918209635014e-05,6.322625179560006e-06,0.00078116482948052
CG_left,MD,middle_mean,pipeline_02,pipeline_03,30,-5.2879265870333305e-06,8.414741890806534e-06,-2.1780820693014136e-05,1.1204967518947476e-05,6.484327638320001e-06,0.0007825075680555865
CG_left,MD,distal_mean,pipeline_01,pipeline_02,30,4.925431355429992e-06,3.0811700320512004e-05,-5.546550127277354e-05,6.531636398363353e-05,1.9140499533963327e-05,0.0007902578571067084
CG_left,MD,distal_mean,pipeline_01,pipeline_03,30,4.786795603249992e-06,3.156376680997163e-05,-5.70781873442944e-05,6.665177855079439e-05,1.9723259368569984e-05,0.0007901885392306184
CG_left,MD,distal_mean,pipeline_02,pipeline_03,30,-1.386357521799992e-07,3.053586284934526e-05,-5.998892693689671e-05,5.9711655432536714e-05,1.9548394405706658e-05,0.0007926512549083336
CG_left,RD,mean,pipeline_01,pipeline_02,30,1.1532948993106654e-05,1.1207516551968754e-05,-1.0433783448752103e-05,3.349968143496541e-05,1.3759226032039987e-05,0.0005866538596113035
CG_left,RD,mean,pipeline_01,pipeline_03,30,1.769111470366332e-05,9.582265897707841e-06,-1.0901264558440479e-06,3.647235586317069e-05,1.789454581244999e-05,0.0005897329424665816
CG_left,RD,mean,pipeline_02,pipeline_03,30,6.158165710556665e-06,1.2433974559143191e-05,-1.821242442536399e-05,3.052875584647732e-05,1.0697893958929993e-05,0.000595499416963135
CG_left,RD,median,pipeline_01,pipeline_02,30,1.0800896156470005e-05,1.3282850709844212e-05,-1.5233491234824651e-05,3.683528354776466e-05,1.3904413511716672e-05,0.0005881769529751317
CG_left,RD,median,pipeline_01,pipeline_03,30,1.5530143357036683e-05,1.0540226201243238e-05,-5.128699997400063e-06,3.618898671147343e-05,1.5842457444476685e-05,0.0005905415765754152
CG_left,RD,median,pipeline_02,pipeline_03,30,4.729247200566678e-06,1.3015582002828965e-05,-2.0781293524978093e-05,3.023978792611145e-05,1.110685976127334e-05,0.00059594202465365
CG_left,RD,sd,pipeline_01,pipeline_02,30,5.596731278730739e-07,6.708372810865453e-06,-1.2588737581423213e-05,1.3708083837169362e-05,5.103064309979075e-06,4.462833724330122e-05
CG_left,RD,sd,pipeline_01,pipeline_03,30,2.196959706071432e-06,1.0459283511006073e-05,-1.830323597550047e-05,2.2697155387643334e-05,7.309517437541506e-06,4.54469805324004e-05
CG_left,RD,sd,pipeline_02,pipeline_03,30,1.6372865781983588e-06,7.801481492061193e-06,-1.365361714624158e-05,1.6928190302638297e-05,5.711655778822316e-06,4.572681709633694e-05
CG_left,RD,proximal_mean,pipeline_01,pipeline_02,30,5.138224930609991e-06,4.4413119256218565e-05,-8.19114888115784e-05,9.218793867279837e-05,2.7077167221836664e-05,0.000607023524336765
CG_left,RD,proximal_mean,pipeline_01,pipeline_03,30,1.4566550005136657e-05,4.0305220187607216e-05,-6.443168156257349e-05,9.356478157284681e-05,2.6410801577509995e-05,0.0006117376868740285
CG_left,RD,proximal_mean,pipeline_02,pipeline_03,30,9.428325074526666e-06,4.806759907302065e-05,-8.47841691085938e-05,0.00010364081925764713,2.864968242796667e-05,0.0006143067993393332
CG_left,RD,middle_mean,pipeline_01,pipeline_02,30,1.4945690979313325e-05,2.1015839918777047e-05,-2.624535526148969e-05,5.613673722011634e-05,2.1507104686346657e-05,0.00056811796576153
CG_left,RD,middle_mean,pipeline_01,pipeline_03,30,1.0588842768366659e-05,1.3602799350039224e-05,-1.607264395771022e-05,3.7250329494443534e-05,1.4415027663893329e-05,0.0005659395416560566
CG_left,RD,middle_mean,pipeline_02,pipeline_03,30,-4.356848210946666e-06,1.971934595349873e-05,-4.300676627980418e-05,3.429306985791084e-05,1.5547944502266666e-05,0.0005734123871457133
CG_left,RD,distal_mean,pipeline_01,pipeline_02,30,1.4608118009343327e-05,4.61172619864586e-05,-7.578171548411553e-05,0.00010499795150280218,3.343420930398333e-05,0.0005847627833957283
CG_left,RD,distal_mean,pipeline_01,pipeline_03,30,2.823753998235667e-05,4.186786521396867e-05,-5.3823475837021915e-05,0.00011029855580173526,3.874570447231e-05,0.0005915774943822348
CG_left,RD,distal_mean,pipeline_02,pipeline_03,30,1.3629421973013348e-05,4.6013470094179425e-05,-7.655697941157832e-05,0.00010381582335760502,3.4697418769540004e-05,0.0005988815533869066
CG_right,AD,mean,pipeline_01,pipeline_02,30,-1.3753122142533357e-05,2.137470191490904e-05,-5.564753789575508e-05,2.8141293610688365e-05,2.0530277368360005e-05,0.0011927143134467565
CG_right,AD,mean,pipeline_01,pipeline_03,30,-2.5240522201966692e-05,2.240385015003436e-05,-6.915206849603403e-05,1.867102409210065e-05,2.7387200342200017e-05,0.0011869706134170397
CG_right,AD,mean,pipeline_02,pipeline_03,30,-1.1487400059433337e-05,1.6936356054013498e-05,-4.468265792529979e-05,2.1707857806433118e-05,1.619351711823334e-05,0.0011800940523457734
CG_right,AD,median,pipeline_01,pipeline_02,30,-1.2735542915343336e-05,2.4585569788954804e-05,-6.092325970169475e-05,3.545217387100808e-05,2.161304089521666e-05,0.001187015422338472
CG_right,AD,median,pipeline_01,pipeline_03,30,-2.469691241690336e-05,2.5930657439894264e-05,-7.552100099909612e-05,2.6127176165289397e-05,2.9180779811410004e-05,0.001181034737587692
CG_right,AD,median,pipeline_02,pipeline_03,30,-1.1961369501560023e-05,1.6013504992440585e-05,-4.334783928674357e-05,1.9425100283623526e-05,1.5098032875620014e-05,0.00117466696613002
CG_right,AD,sd,pipeline_01,pipeline_02,30,-4.214970099596546e-06,9.35083871833076e-06,-2.254261398752484e-05,1.4112673788331745e-05,7.481477784321365e-06,6.091192019140355e-05
CG_right,AD,sd,pipeline_01,pipeline_03,30,-2.003685414073228e-06,9.929587504527774e-06,-2.1465676922947663e-05,1.745830609480121e-05,7.605974560116628e-06,6.201756253416519e-05
CG_right,AD,sd,pipeline_02,pipeline_03,30,2.211284685523318e-06,1.1579042146077332e-05,-2.0483637920788252e-05,2.4906207291834886e-05,8.755603939810432e-06,5.991007748436694e-05
CG_right,AD,proximal_mean,pipeline_01,pipeline_02,30,-8.851009792040006e-06,2.076588980146076e-05,-4.955215380290309e-05,3.185013421882308e-05,1.7242755283939973e-05,0.0011575437057790466
CG_right,AD,proximal_mean,pipeline_01,pipeline_03,30,-2.4328488998890007e-05,2.6017676669837288e-05,-7.532313527177109e-05,2.6666157273991077e-05,3.150231988244333e-05,0.0011498049661756219
CG_right,AD,proximal_mean,pipeline_02,pipeline_03,30,-1.547747920685e-05,1.9241494100099747e-05,-5.319080764304551e-05,2.2235849229345506e-05,2.065384595638334e-05,0.0011453794612796017
CG_right,AD,middle_mean,pipeline_01,pipeline_02,30,-1.1344085994376682e-05,3.3241694076615296e-05,-7.649780638454266e-05,5.38096343957893e-05,2.8599608232556645e-05,0.0012159398605399616
CG_right,AD,middle_mean,pipeline_01,pipeline_03,30,-1.963110169255e-05,3.7506686035003555e-05,-9.314420632115696e-05,5.3882002936056966e-05,3.486415586321665e-05,0.0012117963526908748
CG_right,AD,middle_mean,pipeline_02,pipeline_03,30,-8.287015698173317e-06,2.7345635725511567e-05,-6.188446172017599e-05,4.531043032382936e-05,2.187564841220665e-05,0.0012061243096936868
CG_right,AD,distal_mean,pipeline_01,pipeline_02,30,-2.129274403172665e-05,3.733329245946417e-05,-9.446599725227642e-05,5.1880509188823116e-05,3.124930074607332e-05,0.001205032657164227
CG_right,AD,distal_mean,pipeline_01,pipeline_03,30,-3.196577134292997e-05,4.0204199328647836e-05,-0.00011076600202707972,4.6834459341219784e-05,3.550930601742331e-05,0.001199696143508625
CG_right,AD,distal_mean,pipeline_02,pipeline_03,30,-1.0673027311203318e-05,3.1130118956034024e-05,-7.168806046503e-05,5.034200584262337e-05,2.4876707893936663e-05,0.0011890497714927616
CG_right,FA,mean,pipeline_01,pipeline_02,30,-0.010652115949029671,0.0174993426801245,-0.04495082760207369,0.023646595704014346,0.016824675375874138,0.44062014521446763
CG_right,FA,mean,pipeline_01,pipeline_03,30,-0.019785593394746073,0.02007812258652553,-0.05913871366433611,0.019567526874843963,0.023274879583838136,0.4360534064916094
CG_right,FA,mean,pipeline_02,pipeline_03,30,-0.009133477445716399,0.01540981801020803,-0.03933672074572414,0.02106976585429134,0.014469831296565356,0.43072734851709454
CG_right,FA,median,pipeline_01,pipeline_02,30,-0.00990880694051101,0.019669354577736685,-0.04846074191287491,0.028643128031852892,0.01739261109151958,0.4358888490838985
CG_right,FA,median,pipeline_01,pipeline_03,30,-0.0185718476112841,0.01867433799765412,-0.055173550086686174,0.01802985486411798,0.02380228617597527,0.4315573287485119
CG_right,FA,median,pipeline_02,pipeline_03,30,-0.00866304067077309,0.014543323288333828,-0.037167954315907394,0.019841872974361213,0.012821735429637925,0.42660292527825655
CG_right,FA,sd,pipeline_01,pipeline_02,30,-0.00176841767867625,0.010055302282673798,-0.021476810152716894,0.017939974795364397,0.00797591513991827,0.056237712510115556
CG_right,FA,sd,pipeline_01,pipeline_03,30,0.0011024523636991924,0.010294672084325794,-0.019075104921579364,0.02128000964897775,0.007850098895239226,0.05767314753130325
CG_right,FA,sd,pipeline_02,pipeline_03,30,0.0028708700423754423,0.009599174505164657,-0.015943511987747287,0.02168525207249817,0.007212052292906903,0.056788938691965135
CG_right,FA,proximal_mean,pipeline_01,pipeline_02,30,-0.009240283603205444,0.017347861358827633,-0.043242091866507605,0.024761524660096713,0.014196585191292571,0.3923749451349471
CG_right,FA,proximal_mean,pipeline_01,pipeline_03,30,-0.018923118266520857,0.022491263721104496,-0.06300599515988567,0.025159758626843956,0.02582730885998685,0.3875335278032893
CG_right,FA,proximal_mean,pipeline_02,pipeline_03,30,-0.009682834663315413,0.019211025525752847,-0.04733644469379099,0.027970775367160167,0.01764678184968483,0.3829133860016866
CG_right,FA,middle_mean,pipeline_01,pipeline_02,30,-0.006844264983979309,0.02746365009950065,-0.06067301917900058,0.04698448921104196,0.021680730764165095,0.46875651362373194
CG_right,FA,middle_mean,pipeline_01,pipeline_03,30,-0.01352942028754779,0.03212953335500383,-0.0765033056633553,0.04944446508825971,0.026890460047427976,0.4654139359719478
CG_right,FA,middle_mean,pipeline_02,pipeline_03,30,-0.006685155303568482,0.022972894006893733,-0.051712027557080195,0.03834171694994323,0.01881233068142956,0.461991803479958
CG_right,FA,distal_mean,pipeline_01,pipeline_02,30,-0.016034914363369086,0.03158071283192099,-0.07793311151393421,0.04586328278719605,0.02685591308825982,0.4613573778744193
CG_right,FA,distal_mean,pipeline_01,pipeline_03,30,-0.02712669938752658,0.03744219261943124,-0.10051339692161182,0.04625999814655865,0.030145428745991642,0.4558114853623405
CG_right,FA,distal_mean,pipeline_02,pipeline_03,30,-0.01109178502415749,0.03049523427222449,-0.07086244419771749,0.04867887414940251,0.02440568471050677,0.44779402818065595
CG_right,MD,mean,pipeline_01,pipeline_02,30,3.578449049400017e-07,6.607900630002951e-06,-1.2593640329865782e-05,1.3309330139745785e-05,4.487430928700007e-06,0.0007836008448065967
CG_right,MD,mean,pipeline_01,pipeline_03,30,-1.1526325035733266e-06,5.56629447207011e-06,-1.2062569668830741e-05,9.75730466168409e-06,3.8908988157866775e-06,0.0007828456061023402
CG_right,MD,mean,pipeline_02,pipeline_03,30,-1.5104774085133282e-06,5.059167716454426e-06,-1.1426446132764004e-05,8.405491315737347e-06,3.845787935893342e-06,0.0007830245285548101
CG_right,MD,median,pipeline_01,pipeline_02,30,4.143299652666757e-08,6.759653195444339e-06,-1.3207487266544236e-05,1.3290353259597572e-05,5.089369496639999e-06,0.0007814489328355765
CG_right,MD,median,pipeline_01,pipeline_03,30,-1.394950011420006e-06,7.184189422492371e-06,-1.5475961279505052e-05,1.268606125666504e-05,5.322420407200012e-06,0.0007807307413316031
CG_right,MD,median,pipeline_02,pipeline_03,30,-1.4363830079466735e-06,5.351081129437131e-06,-1.192450202164345e-05,9.051736005750102e-06,4.316292896120004e-06,0.0007807514578298667
CG_right,MD,sd,pipeline_01,pipeline_02,30,8.837177580109712e-07,4.550729439863926e-06,-8.035711944122324e-06,9.803147460144267e-06,3.0578175186593427e-06,2.6899596805938102e-05
CG_right,MD,sd,pipeline_01,pipeline_03,30,-5.7653070493709845e-08,4.117536379506393e-06,-8.12802437432624e-06,8.01271823333882e-06,3.027755546356681e-06,2.6428911391685762e-05
CG_right,MD,sd,pipeline_02,pipeline_03,30,-9.41370828504681e-07,5.147236609679034e-06,-1.1029954583475588e-05,9.147212926466226e-06,3.8002957676276746e-06,2.6870770270691247e-05
CG_right,MD,proximal_mean,pipeline_01,pipeline_02,30,7.971700619500087e-07,7.638380632032399e-06,-1.4174055976833493e-05,1.576839610073351e-05,5.735693958116668e-06,0.0008033718274924651
CG_right,MD,proximal_mean,pipeline_01,pipeline_03,30,-2.8099792394100024e-06,6.295769027504617e-06,-1.5149686533319052e-05,9.529728054499046e-06,5.152201279136666e-06,0.0008015682528417852
CG_right,MD,proximal_mean,pipeline_02,pipeline_03,30,-3.607149301360011e-06,6.716223792970546e-06,-1.677094793558228e-05,9.556649332862257e-06,5.38494958256e-06,0.00080196683787276
CG_right,MD,middle_mean,pipeline_01,pipeline_02,30,-5.655417915933331e-07,5.743846538479784e-06,-1.182348100701371e-05,1.0692397423827043e-05,4.044567552813346e-06,0.0007744816146304531
CG_right,MD,middle_mean,pipeline_01,pipeline_03,30,-2.1040290029000005e-06,6.00724093760383e-06,-1.3878221240603506e-05,9.670163234803506e-06,4.588856886579999e-06,0.0007737123710248
CG_right,MD,middle_mean,pipeline_02,pipeline_03,30,-1.5384872113066673e-06,5.833274608895081e-06,-1.2971705444741026e-05,9.894731022127692e-06,4.234108054239993e-06,0.0007734296001290032
CG_right,MD,distal_mean,pipeline_01,pipeline_02,30,8.570333676066802e-07,1.4001840205609133e-05,-2.658657343538722e-05,2.830064017060058e-05,8.800712880946669e-06,0.0007726162250309566
CG_right,MD,distal_mean,pipeline_01,pipeline_03,30,1.53763395770333e-06,1.11147390735551e-05,-2.0247254626464666e-05,2.3322522541871323e-05,8.467350191403347e-06,0.0007729565253260051
CG_right,MD,distal_mean,pipeline_02,pipeline_03,30,6.806005900966499e-07,1.1404406133412795e-05,-2.1672035431392427e-05,2.303323661158573e-05,8.13551128941666e-06,0.0007733850420098083
CG_right,RD,mean,pipeline_01,pipeline_02,30,7.413328774753344e-06,1.342608722822182e-05,-1.8901802192561422e-05,3.372845974206811e-05,1.2715098729560015e-05,0.0005790441103496632
CG_right,RD,mean,pipeline_01,pipeline_03,30,1.0891312676656678e-05,1.4940213656818987e-05,-1.839150609070854e-05,4.017413144402189e-05,1.4978688410050012e-05,0.000580783102300615
CG_right,RD,mean,pipeline_02,pipeline_03,30,3.477983901903333e-06,1.1232548667153774e-05,-1.853781148571806e-05,2.549377928952473e-05,8.914420790589994e-06,0.0005844897666879916
CG_right,RD,median,pipeline_01,pipeline_02,30,6.6632932133499975e-06,1.4954505489798227e-05,-2.264753754665453e-05,3.597412397335452e-05,1.2886869099843337e-05,0.0005765635092847183
CG_right,RD,median,pipeline_01,pipeline_03,30,9.937976634759992e-06,1.4624783514958516e-05,-1.87265990545587e-05,3.860255232407868e-05,1.4424761969493333e-05,0.0005782008509954233
CG_right,RD,median,pipeline_02,pipeline_03,30,3.2746834214099945e-06,1.097616504186498e-05,-1.8238600060645365e-05,2.4787966903465356e-05,9.31886054319667e-06,0.0005815324976020983
CG_right,RD,sd,pipeline_01,pipeline_02,30,-6.06821766980317e-07,9.415590008991623e-06,-1.90613781846039e-05,1.7847734650643264e-05,7.680340266378588e-06,5.088396370946859e-05
CG_right,RD,sd,pipeline_01,pipeline_03,30,4.776289185009563e-07,1.0494791510450032e-05,-2.0092162441981107e-05,2.104742027898302e-05,7.123321607527235e-06,5.142618905220922e-05
CG_right,RD,sd,pipeline_02,pipeline_03,30,1.0844506854812732e-06,9.478827727638095e-06,-1.7494051660689394e-05,1.966295303165194e-05,7.075083151590806e-06,5.1122778168719054e-05
CG_right,RD,proximal_mean,pipeline_01,pipeline_02,30,5.621260899199981e-06,1.3581190108373726e-05,-2.099787171321252e-05,3.2240393511612486e-05,1.024850460615332e-05,0.0006262858883539167
CG_right,RD,proximal_mean,pipeline_01,pipeline_03,30,7.949276510573324e-06,1.595611574804296e-05,-2.332471035559088e-05,3.922326337673753e-05,1.5491581655753325e-05,0.0006274498961596034
CG_right,RD,proximal_mean,pipeline_02,pipeline_03,30,2.328015611373343e-06,1.4557775116198104e-05,-2.620522361637494e-05,3.086125483912163e-05,1.1041503857280004e-05,0.0006302605266092034
CG_right,RD,middle_mean,pipeline_01,pipeline_02,30,4.82373024047332e-06,1.9720597152030956e-05,-3.3828640177507354e-05,4.347610065845399e-05,1.4501514818793333e-05,0.0005537524916647966
CG_right,RD,middle_mean,pipeline_01,pipeline_03,30,6.659507137439981e-06,2.307004768041327e-05,-3.855778631617003e-05,5.1876800591049986e-05,1.828098584384666e-05,0.00055467038011328
CG_right,RD,middle_mean,pipeline_02,pipeline_03,30,1.8357768969666612e-06,1.6965920738138552e-05,-3.14174277497849e-05,3.508898154371822e-05,1.3968741902673333e-05,0.0005570822452335167
CG_right,RD,distal_mean,pipeline_01,pipeline_02,30,1.1931922259899995e-05,2.627658832480518e-05,-3.9570190856718154e-05,6.343403537651815e-05,2.2031636720240002e-05,0.00055640800855155
CG_right,RD,distal_mean,pipeline_01,pipeline_03,30,1.828933693523334e-05,2.7520303967806533e-05,-3.565045884166746e-05,7.222913271213414e-05,2.2734093193526677e-05,0.0005595867158892167
CG_right,RD,distal_mean,pipeline_02,pipeline_03,30,6.357414675333346e-06,2.444586874735179e-05,-4.1556488069476165e-05,5.427131742014285e-05,1.904724671929333e-05,0.0005655526770191666
IFO_left,AD,mean,pipeline_01,pipeline_02,30,-1.645147883637665e-05,2.739300651201867e-05,-7.014177159993324e-05,3.723881392717994e-05,2.6885758126023318e-05,0.001409298905958102
IFO_left,AD,mean,pipeline_01,pipeline_03,30,-4.090486630515667e-05,2.318430612915011e-05,-8.634610631829088e-05,4.5363737079775395e-06,4.323109379779002e-05,0.0013970722122237113
IFO_left,AD,mean,pipeline_02,pipeline_03,30,-2.4453387468780024e-05,1.905338732955361e-05,-6.17980266347051e-05,1.2891251697145045e-05,2.8004257478793357e-05,0.0013888464728055233
IFO_left,AD,median,pipeline_01,pipeline_02,30,-1.0866975679313327e-05,3.010469350520384e-05,-6.987217494951286e-05,4.8138223590886195e-05,2.5497718460086654e-05,0.0013763989877273396
IFO_left,AD,median,pipeline_01,pipeline_03,30,-3.459786969732665e-05,2.481624409522194e-05,-8.323770812396165e-05,1.4041968729308356e-05,3.977639904037332e-05,0.0013645335407183332
IFO_left,AD,median,pipeline_02,pipeline_03,30,-2.373089401801332e-05,2.1534519654624877e-05,-6.593855254107808e-05,1.8476764505051435e-05,2.543402171672e-05,0.0013591000528786767
IFO_left,AD,sd,pipeline_01,pipeline_02,30,-5.84560045163333e-06,3.0102051741135896e-05,-6.484562186425969e-05,5.3154420960993026e-05,1.9961250937373336e-05,0.00017825250222594334
IFO_left,AD,sd,pipeline_01,pipeline_03,30,-8.955512481199999e-06,1.8917720122691033e-05,-4.6034243921674424e-05,2.8123218959274426e-05,1.4162466671979998e-05,0.00017669754621116003
IFO_left,AD,sd,pipeline_02,pipeline_03,30,-3.109912029566667e-06,2.5156973455594834e-05,-5.2417580002532543e-05,4.6197755943399205e-05,1.7489892833533334e-05,0.00017377474598534334
IFO_left,AD,proximal_mean,pipeline_01,pipeline_02,30,-1.416976337113669e-05,2.1110393461783404e-05,-5.554613455623216e-05,2.720660781395878e-05,2.1127094978690026e-05,0.001275227015673705
IFO_left,AD,proximal_mean,pipeline_01,pipeline_03,30,-3.016839700910336e-05,2.2372320796815712e-05,-7.401814577086215e-05,1.3681351752655432e-05,3.2120999852630036e-05,0.0012672276988547214
IFO_left,AD,proximal_mean,pipeline_02,pipeline_03,30,-1.5998633637966672e-05,1.1447225633872535e-05,-3.843519588035684e-05,6.437928604423495e-06,1.6543479334433342e-05,0.0012601428171691534
IFO_left,AD,middle_mean,pipeline_01,pipeline_02,30,1.314437569785001e-05,4.934427815975472e-05,-8.357040949526924e-05,0.00010985916089096926,3.713194756227665e-05,0.0014644975938099716
IFO_left,AD,middle_mean,pipeline_01,pipeline_03,30,-2.3260396244060002e-05,5.232553827204284e-05,-0.00012581845125726396,7.929765876914397e-05,4.634634101409332e-05,0.0014462952078390164
IFO_left,AD,middle_mean,pipeline_02,pipeline_03,30,-3.640477194191001e-05,3.611566761944549e-05,-0.00010719148047602317,3.438193659220315e-05,4.042918147285e-05,0.0014528673956879417
IFO_left,AD,distal_mean,pipeline_01,pipeline_02,30,-4.932522289826333e-05,8.16573681562431e-05,-0.00020937366448449982,0.00011072321868797314,6.756537049191e-05,0.0014906368959666481
IFO_left,AD,distal_mean,pipeline_01,pipeline_03,30,-7.017271001718001e-05,6.774336297494171e-05,-0.00020294970144806577,6.260428141370573e-05,7.819400524895999e-05,0.00148021315240719
IFO_left,AD,distal_mean,pipeline_02,pipeline_03,30,-2.0847487118916667e-05,6.171814051259117e-05,-0.00014181504252359537,0.00010012006828576202,5.048524880391666e-05,0.0014555505409580582
IFO_left,FA,mean,pipeline_01,pipeline_02,30,-0.013769641022243402,0.0066625281522374675,-0.02682819620062884,-0.0007110858438579663,0.013769641022243402,0.4869093741348788
IFO_left,FA,mean,pipeline_01,pipeline_03,30,-0.03093376345017971,0.007693284274207165,-0.04601260062762575,-0.015854926272733667,0.03093376345017971,0.4783273129209107
IFO_left,FA,mean,pipeline_02,pipeline_03,30,-0.0171641224279363,0.0069502302553828615,-0.03078657372848671,-0.003541671127385893,0.0171641224279363,0.471442492409789
IFO_left,FA,median,pipeline_01,pipeline_02,30,-0.012357531590938916,0.011675110897101175,-0.03524074894925722,0.010525685767379387,0.013824775162943993,0.49583298774194146
IFO_left,FA,median,pipeline_01,pipeline_03,30,-0.029701462206775473,0.011014687708398873,-0.05129025011523726,-0.008112674298313683,0.029701462206775473,0.48716102243402315
IFO_left,FA,median,pipeline_02,pipeline_03,30,-0.017343930615836563,0.011209433701276044,-0.03931442067033761,0.004626559438664482,0.017343930615836563,0.4809822566385537
IFO_left,FA,sd,pipeline_01,pipeline_02,30,-0.001829590916714203,0.010204854265650803,-0.021831105277389778,0.01817192344396137,0.007502012854798771,0.07863630897727411
IFO_left,FA,sd,pipeline_01,pipeline_03,30,-0.0025826182536107293,0.011245882927773275,-0.024624548792046348,0.019459312284824892,0.008517046695319474,0.07825979530882585
IFO_left,FA,sd,pipeline_02,pipeline_03,30,-0.0007530273368965261,0.005081004907996029,-0.010711796956568743,0.009205742282775691,0.003771643527852772,0.07734499985046875
IFO_left,FA,proximal_mean,pipeline_01,pipeline_02,30,-0.01053501564290721,0.02073653055728485,-0.05117861553518551,0.030108584249371094,0.01796972534210096,0.47238352660952343
IFO_left,FA,proximal_mean,pipeline_01,pipeline_03,30,-0.02395740388106699,0.020044480530886553,-0.06324458572160463,0.015329777959470655,0.026396357653399694,0.46567233249044354
IFO_left,FA,proximal_mean,pipeline_02,pipeline_03,30,-0.013422388238159768,0.013423966342803928,-0.039733362270055465,0.01288858579373593,0.014838957078994517,0.4604048246689901
IFO_left,FA,middle_mean,pipeline_01,pipeline_02,30,-0.011270095014907893,0.012447251813410097,-0.035666708569191685,0.013126518539375897,0.01474752665288944,0.539181091792794
IFO_left,FA,middle_mean,pipeline_01,pipeline_03,30,-0.02930263835508671,0.013636072270436821,-0.05602934000514288,-0.0025759367050305383,0.02930263835508671,0.5301648201227046
IFO_left,FA,middle_mean,pipeline_02,pipeline_03,30,-0.018032543340178817,0.010526648371008114,-0.038664774147354725,0.0025996874669970867,0.018032543340178817,0.5245297726152506
IFO_left,FA,distal_mean,pipeline_01,pipeline_02,30,-0.019683005264748643,0.025457420628003494,-0.06957954969563548,0.030213539166138205,0.023764304474813203,0.4479839455606765
IFO_left,FA,distal_mean,pipeline_01,pipeline_03,30,-0.03981023201014191,0.02126756005361988,-0.08149464971523687,0.0018741856949530539,0.03981023201014191,0.43792033218797993
IFO_left,FA,distal_mean,pipeline_02,pipeline_03,30,-0.02012722674539326,0.013579107338746534,-0.04674227712933647,0.006487823638549949,0.021514586937374704,0.42807882955560556
IFO_left,MD,mean,pipeline_01,pipeline_02,30,2.936946496649999e-06,2.4541448494575667e-05,-4.516429255271831e-05,5.10381855460183e-05,1.9303524191396684e-05,0.0008973214321721649
IFO_left,MD,mean,pipeline_01,pipeline_03,30,1.5156249530299925e-06,1.9226357809903433e-05,-3.616803635438073e-05,3.919928626044072e-05,1.4364144313029998e-05,0.0008966107714003551
IFO_left,MD,mean,pipeline_02,pipeline_03,30,-1.4213215436200065e-06,1.7453743556092715e-05,-3.563065891356173e-05,3.278801582632171e-05,1.347754838818668e-05,0.00089807924464868
IFO_left,MD,median,pipeline_01,pipeline_02,30,1.0289463090496659e-05,2.057679969774753e-05,-3.00410643170885e-05,5.061999049808181e-05,1.6107924815889993e-05,0.0008694568274937382
IFO_left,MD,median,pipeline_01,pipeline_03,30,5.151830847046658e-06,2.2009455189759907e-05,-3.7986701324882756e-05,4.829036301897607e-05,1.4589203152679995e-05,0.0008668880113720135
IFO_left,MD,median,pipeline_02,pipeline_03,30,-5.1376322434500006e-06,1.7787501387287006e-05,-4.000113496253253e-05,2.972587047563253e-05,1.3786189408463328e-05,0.0008720327429172618
IFO_left,MD,sd,pipeline_01,pipeline_02,30,-5.544630953824139e-06,2.7835416324935718e-05,-6.0102046950698146e-05,4.9012785043049865e-05,1.9596133809045838e-05,0.00011459546558958102
IFO_left,MD,sd,pipeline_01,pipeline_03,30,-4.66950007367475e-06,1.7759318246062597e-05,-3.947776383595744e-05,3.013876368860794e-05,1.3724042229326751e-05,0.0001150330310296557
IFO_left,MD,sd,pipeline_02,pipeline_03,30,8.751308801493877e-07,2.216931813832363e-05,-4.257673267096492e-05,4.43269944312637e-05,1.5401751867955137e-05,0.00011226071555274364
IFO_left,MD,proximal_mean,pipeline_01,pipeline_02,30,2.280190777700001e-07,1.9926557028066266e-05,-3.882803269723988e-05,3.9284070852779886e-05,1.4472176419870001e-05,0.0008112476362635616
IFO_left,MD,proximal_mean,pipeline_01,pipeline_03,30,-3.3441987707000545e-07,1.6337982989331995e-05,-3.235686653616071e-05,3.1688026782020705e-05,1.2070317669316672e-05,0.0008109664167861417
IFO_left,MD,proximal_mean,pipeline_02,pipeline_03,30,-5.624389548400056e-07,9.333767253650116e-06,-1.8856622771994233e-05,1.7731744862314223e-05,6.976730686280002e-06,0.0008110804263250267
IFO_left,MD,middle_mean,pipeline_01,pipeline_02,30,2.1471479166713335e-05,3.0023111558532106e-05,-3.737381948800959e-05,8.031677782143627e-05,2.606890506033333e-05,0.00088765449188268
IFO_left,MD,middle_mean,pipeline_01,pipeline_03,30,1.5401269081720004e-05,4.059127174942151e-05,-6.415762354714614e-05,9.496016171058616e-05,2.8356943013706684e-05,0.0008846193868401834
IFO_left,MD,middle_mean,pipeline_02,pipeline_03,30,-6.070210084993334e-06,2.848678665237581e-05,-6.190431192364991e-05,4.976389175366325e-05,2.0448862092893337e-05,0.0008953551264235401
IFO_left,MD,distal_mean,pipeline_01,pipeline_02,30,-1.3383208918636674e-05,6.267976671460932e-05,-0.00013623555167927096,0.0001094691338419976,4.670707556828334e-05,0.0009960540663764518
IFO_left,MD,distal_mean,pipeline_01,pipeline_03,30,-1.0896086823633337e-05,4.652420429152182e-05,-0.00010208352723501611,8.029135358774943e-05,3.7148425545233346e-05,0.0009972976274239534
IFO_left,MD,distal_mean,pipeline_02,pipeline_03,30,2.4871220950033357e-06,4.346240663558784e-05,-8.269919491074883e-05,8.767343910075548e-05,3.079742696323e-05,0.000990606022964635
IFO_left,RD,mean,pipeline_01,pipeline_02,30,1.2631159917660013e-05,2.397417850196359e-05,-3.435822994618862e-05,5.962054978150865e-05,2.031746285108667e-05,0.0006413326952082767
IFO_left,RD,mean,pipeline_01,pipeline_03,30,2.272587091313334e-05,1.8724796138440122e-05,-1.3974729518209298e-05,5.942647134447598e-05,2.3810079225913337e-05,0.0006463800507060135
IFO_left,RD,mean,pipeline_02,pipeline_03,30,1.0094710995473324e-05,1.785534496498854e-05,-2.4901765135904214e-05,4.509118712685086e-05,1.6206810481126677e-05,0.0006526956306648435
IFO_left,RD,median,pipeline_01,pipeline_02,30,1.8356524610086643e-05,2.0147335868322512e-05,-2.113225369182548e-05,5.784530291199876e-05,2.0724947499913327e-05,0.0006152039415256267
IFO_left,RD,median,pipeline_01,pipeline_03,30,2.7554427647186652e-05,1.8332132632000343e-05,-8.376552311534021e-06,6.348540760590733e-05,2.7778090424426648e-05,0.0006198028930441767
IFO_left,RD,median,pipeline_02,pipeline_03,30,9.197903037100008e-06,1.4909647899920052e-05,-2.002500684674329e-05,3.842081292094331e-05,1.4492886760793341e-05,0.0006289811553492201
IFO_left,RD,sd,pipeline_01,pipeline_02,30,-6.890139139165692e-06,2.418308630818039e-05,-5.4288988303199254e-05,4.0508710024867865e-05,1.7996525838783217e-05,0.0001138016582134812
IFO_left,RD,sd,pipeline_01,pipeline_03,30,-5.069368030261379e-06,1.440390626631417e-05,-3.330102431223715e-05,2.3162288251714394e-05,1.108987444931554e-05,0.00011471204376793336
IFO_left,RD,sd,pipeline_02,pipeline_03,30,1.820771108904311e-06,1.9593625915375103e-05,-3.658273568523089e-05,4.022427790303951e-05,1.4351559654071387e-05,0.00011126697419835053
IFO_left,RD,proximal_mean,pipeline_01,pipeline_02,30,7.426911666189992e-06,2.5683524967395385e-05,-4.291279726990496e-05,5.776662060228495e-05,1.9487398137883327e-05,0.000579257946924885
IFO_left,RD,proximal_mean,pipeline_01,pipeline_03,30,1.4582569275653336e-05,2.1716265827173228e-05,-2.7981311745606192e-05,5.714645029691286e-05,2.0733833699313347e-05,0.0005828357757296167
IFO_left,RD,proximal_mean,pipeline_02,pipeline_03,30,7.155657609463344e-06,1.3801010029712338e-05,-1.989432204877284e-05,3.420563726769952e-05,1.2125394794996667e-05,0.0005865492315627117
IFO_left,RD,middle_mean,pipeline_01,pipeline_02,30,2.5635030946233343e-05,2.5181908081274555e-05,-2.3721508893064785e-05,7.499157078553147e-05,2.7371221545380012e-05,0.0005992329405250168
IFO_left,RD,middle_mean,pipeline_01,pipeline_03,30,3.4732101820936664e-05,3.744146328768216e-05,-3.8653166222920374e-05,0.00010811736986479371,3.667853179573e-05,0.0006037814759623682
IFO_left,RD,middle_mean,pipeline_02,pipeline_03,30,9.097070874703317e-06,2.7065651295064706e-05,-4.39516056636235e-05,6.214574741303014e-05,1.995719445907001e-05,0.0006165989914354851
IFO_left,RD,distal_mean,pipeline_01,pipeline_02,30,4.5877989287866775e-06,5.995227669834351e-05,-0.0001129186633999666,0.00012209426125753996,4.449561375496666e-05,0.00074876265139265
IFO_left,RD,distal_mean,pipeline_01,pipeline_03,30,1.8742225103113352e-05,4.284123468766005e-05,-6.522659488470035e-05,0.00010271104509092704,3.2513262107286666e-05,0.0007558398644798133
IFO_left,RD,distal_mean,pipeline_02,pipeline_03,30,1.4154426174326674e-05,3.734768239699573e-05,-5.904703132378495e-05,8.73558836724383e-05,2.9166400724513327e-05,0.0007581337639442066
IFO_right,AD,mean,pipeline_01,pipeline_02,30,-2.629848130192666e-05,1.860373975993481e-05,-6.276181123139889e-05,1.0164848627545565e-05,2.7660660872359986e-05,0.001384849413341187
IFO_right,AD,mean,pipeline_01,pipeline_03,30,-4.4801626687489974e-05,1.766959665917921e-05,-7.943403613948122e-05,-1.0169217235498724e-05,4.501347505532997e-05,0.001375597840648405
IFO_right,AD,mean,pipeline_02,pipeline_03,30,-1.850314538556331e-05,1.8449411667826976e-05,-5.466399225450418e-05,1.765770148337756e-05,2.2024255534496667e-05,0.001362448599997442
IFO_right,AD,median,pipeline_01,pipeline_02,30,-2.3259425085039995e-05,2.157486974820665e-05,-6.554616979152502e-05,1.9027319621445036e-05,2.471893748654663e-05,0.0013682722787966134
IFO_right,AD,median,pipeline_01,pipeline_03,30,-4.607464714681333e-05,2.5117724920302152e-05,-9.530538799060556e-05,3.156093696978888e-06,4.707376761982666e-05,0.0013568646677657268
IFO_right,AD,median,pipeline_02,pipeline_03,30,-2.2815222061773335e-05,2.468651480697014e-05,-7.120079108343481e-05,2.5570346959888138e-05,2.8610166452239997e-05,0.0013452349552232068
IFO_right,AD,sd,pipeline_01,pipeline_02,30,-1.496850772198588e-05,2.082942583154045e-05,-5.5794182351805166e-05,2.5857166907833403e-05,1.846003281033412e-05,0.00015792016001995625
IFO_right,AD,sd,pipeline_01,pipeline_03,30,-1.187599506040967e-05,1.9101688512708356e-05,-4.9315304545318046e-05,2.5563314424498705e-05,1.737733698003791e-05,0.0001594664163507444
IFO_right,AD,sd,pipeline_02,pipeline_03,30,3.092512661576214e-06,1.8982380223438884e-05,-3.4112952576364e-05,4.0297977899516426e-05,1.3732340224690451e-05,0.00015198216248975144
IFO_right,AD,proximal_mean,pipeline_01,pipeline_02,30,-7.363546634530004e-06,1.9268154920876636e-05,-4.512913027944821e-05,3.04020370103882e-05,1.7645379742163338e-05,0.0012693720297997115
IFO_right,AD,proximal_mean,pipeline_01,pipeline_03,30,-2.3043340127876682e-05,1.8062336564384114e-05,-5.844551979406955e-05,1.2358839538316182e-05,2.586214170223002e-05,0.001261532133053038
IFO_right,AD,proximal_mean,pipeline_02,pipeline_03,30,-1.5679793493346676e-05,1.4565560463144192e-05,-4.422829200110929e-05,1.286870501441594e-05,1.788541398046002e-05,0.0012578503597357735
IFO_right,AD,middle_mean,pipeline_01,pipeline_02,30,-9.998421543640014e-06,3.994081428755837e-05,-8.828241754725441e-05,6.82855744599744e-05,3.329978836444671e-05,0.0014527444751913066
IFO_right,AD,middle_mean,pipeline_01,pipeline_03,30,-3.422970618698001e-05,4.4800046007190006e-05,-0.0001220377963610724,5.35783839871124e-05,4.904760965833335e-05,0.0014406288328696365
IFO_right,AD,middle_mean,pipeline_02,pipeline_03,30,-2.4231284643339995e-05,4.220632484844087e-05,-0.00010695568134628409,5.8493112059604106e-05,3.8401972757740014e-05,0.0014356296220978165
IFO_right,AD,distal_mean,pipeline_01,pipeline_02,30,-6.263456930341666e-05,4.889154322382298e-05,-0.00015846199402210973,3.319285541527639e-05,6.432195232385665e-05,0.0014339186825853916
IFO_right,AD,distal_mean,pipeline_01,pipeline_03,30,-7.81421527182467e-05,5.33416167214982e-05,-0.00018269172149238316,2.640741605588978e-05,8.142466199524001e-05,0.0014261648908779766
IFO_right,AD,distal_mean,pipeline_02,pipeline_03,30,-1.5507583414830016e-05,4.5747700196347024e-05,-0.00010517307579967019,7.415790897001014e-05,3.798922072509006e-05,0.0013948476062262682
IFO_right,FA,mean,pipeline_01,pipeline_02,30,-0.007699524279873741,0.009708786625369666,-0.02672874606559829,0.011329697505850805,0.01014992637454365,0.47629911802902103
IFO_right,FA,mean,pipeline_01,pipeline_03,30,-0.027432260197015324,0.01054061708310796,-0.048091869679906925,-0.0067726507141237235,0.027556312610244462,0.46643275007045026
IFO_right,FA,mean,pipeline_02,pipeline_03,30,-0.019732735917141576,0.006806148632725177,-0.03307278723728292,-0.00639268459700023,0.019732735917141576,0.4625829879305134
IFO_right,FA,median,pipeline_01,pipeline_02,30,-0.004240757228945443,0.01326421576230096,-0.030238620123055324,0.021757105665164436,0.011221422973792613,0.4784488330203433
IFO_right,FA,median,pipeline_01,pipeline_03,30,-0.022711750263804207,0.015246373414317843,-0.05259464215586718,0.007171141628258763,0.023699639765574303,0.4692133365029138
IFO_right,FA,median,pipeline_02,pipeline_03,30,-0.01847099303485876,0.013010439899800523,-0.04397145523846778,0.007029469168750264,0.018562560510216052,0.4670929578884412
IFO_right,FA,sd,pipeline_01,pipeline_02,30,-0.001282287905816097,0.009830801927944877,-0.020550659684588055,0.017986083872955864,0.006643387114438224,0.06612790064521065
IFO_right,FA,sd,pipeline_01,pipeline_03,30,-0.001999027312801097,0.01108714852496373,-0.023729838421730008,0.019731783796127812,0.007842164337351364,0.06576953094171815
IFO_right,FA,sd,pipeline_02,pipeline_03,30,-0.0007167394069849999,0.005739123876271944,-0.01196542220447801,0.01053194339050801,0.00437751339613336,0.06512838698881011
IFO_right,FA,proximal_mean,pipeline_01,pipeline_02,30,-0.007256815967677423,0.021326574279330983,-0.04905690155516615,0.0345432696198113,0.018270563491250336,0.45320984037963236
IFO_right,FA,proximal_mean,pipeline_01,pipeline_03,30,-0.023087131457186195,0.02059594122937854,-0.06345517626676814,0.01728091335239574,0.027067645438451297,0.4452946826348779
IFO_right,FA,proximal_mean,pipeline_02,pipeline_03,30,-0.015830315489508768,0.010650716286402875,-0.0367057194108584,0.005045088431840865,0.016461851002700468,0.4416662746510392
IFO_right,FA,middle_mean,pipeline_01,pipeline_02,30,-0.0025729296218289788,0.013675590956315117,-0.02937708789620661,0.02423122865254865,0.011541833033672285,0.5109439543078403
IFO_right,FA,middle_mean,pipeline_01,pipeline_03,30,-0.022981373622424438,0.012977745112995286,-0.0484177540438952,0.0024550067990463213,0.023535660395320658,0.5007397323075427
IFO_right,FA,middle_mean,pipeline_02,pipeline_03,30,-0.020408444000595462,0.012052028261568296,-0.04403041939326932,0.003213531392078396,0.020643110162349758,0.49945326749662816
IFO_right,FA,distal_mean,pipeline_01,pipeline_02,30,-0.013442867967934905,0.020974048740007748,-0.05455200349835009,0.027666267562480286,0.01741596653655764,0.4643824481924207
IFO_right,FA,distal_mean,pipeline_01,pipeline_03,30,-0.036503150990011016,0.02285830354841424,-0.08130542594490292,0.008299123964880896,0.03654606123676504,0.45285230668138254
IFO_right,FA,distal_mean,pipeline_02,pipeline_03,30,-0.023060283022076127,0.014853578396494453,-0.052173296679205255,0.006052730635052999,0.023684561321473136,0.44613087269741514
IFO_right,MD,mean,pipeline_01,pipeline_02,30,-1.060388529652001e-05,1.484225290004783e-05,-3.9694700980613754e-05,1.8486930387573738e-05,1.3420778180560001e-05,0.0008857895547088433
IFO_right,MD,mean,pipeline_01,pipeline_03,30,-5.413920778846684e-06,1.7056108699268686e-05,-3.884389382941331e-05,2.801605227171994e-05,1.316985487337999e-05,0.00088838453696768
IFO_right,MD,mean,pipeline_02,pipeline_03,30,5.189964517673325e-06,1.6335668492272963e-05,-2.682794572718168e-05,3.720787476252833e-05,1.1518877699213322e-05,0.0008830825943194199
IFO_right,MD,median,pipeline_01,pipeline_02,30,-6.043024442923313e-06,2.0034587228688427e-05,-4.531081541115263e-05,3.3224766525306e-05,1.3335601332643326e-05,0.000872960894191875
IFO_right,MD,median,pipeline_01,pipeline_03,30,-5.56119794256998e-06,1.9841447757183587e-05,-4.445043554664981e-05,3.332803966150985e-05,1.5259051423789998e-05,0.0008732018074420518
IFO_right,MD,median,pipeline_02,pipeline_03,30,4.818265003533334e-07,1.8661241713914268e-05,-3.609420725891863e-05,3.70578602596253e-05,1.0756547319959989e-05,0.0008701802952205902
IFO_right,MD,sd,pipeline_01,pipeline_02,30,-1.408151118403363e-05,1.8140226412538677e-05,-4.9636354952609437e-05,2.1473332584542178e-05,1.5214317668891743e-05,8.138687260527878e-05
IFO_right,MD,sd,pipeline_01,pipeline_03,30,-7.596959561623745e-06,1.7864131026449778e-05,-4.2610656373465305e-05,2.7416737250217818e-05,1.5694804273231784e-05,8.462914841648374e-05
IFO_right,MD,sd,pipeline_02,pipeline_03,30,6.4845516224098875e-06,1.6637756173436218e-05,-2.61254504775251e-05,3.9094553722344874e-05,1.3068086942306904e-05,7.75883928244669e-05
IFO_right,MD,proximal_mean,pipeline_01,pipeline_02,30,1.571553865669985e-06,1.229386689992229e-05,-2.2524425258177705e-05,2.5667532989517674e-05,9.58525069387666e-06,0.0008223548123386385
IFO_right,MD,proximal_mean,pipeline_01,pipeline_03,30,2.9418788517466657e-06,1.3676668437905429e-05,-2.3864391286547973e-05,2.9748148990041303e-05,1.156272995055332e-05,0.0008230399748316768
IFO_right,MD,proximal_mean,pipeline_02,pipeline_03,30,1.3703249860766807e-06,9.008169767148114e-06,-1.6285687757533623e-05,1.9026337729686984e-05,6.487955265696674e-06,0.0008238257517645118
IFO_right,MD,middle_mean,pipeline_01,pipeline_02,30,-2.9697886421633114e-06,2.6159193788193813e-05,-5.4241808467023184e-05,4.830223118269656e-05,1.919865786017665e-05,0.0009043176326470383
IFO_right,MD,middle_mean,pipeline_01,pipeline_03,30,1.0018271755066713e-06,3.225355294960943e-05,-6.221513660572781e-05,6.421879095674114e-05,2.060031360643999e-05,0.0009063034405558734
IFO_right,MD,middle_mean,pipeline_02,pipeline_03,30,3.971615817669982e-06,3.061169279900828e-05,-5.6027302068386245e-05,6.39705337037262e-05,1.8770278656896672e-05,0.0009048185462347915
IFO_right,MD,distal_mean,pipeline_01,pipeline_02,30,-3.103246910735e-05,3.6010781193124324e-05,-0.00010161360024587367,3.954866203117367e-05,3.3560036860450006e-05,0.0009320995524043583
IFO_right,MD,distal_mean,pipeline_01,pipeline_03,30,-2.0647079225830012e-05,4.4144208554126445e-05,-0.00010716972799191784,6.587556954025783e-05,3.7544319599536674e-05,0.0009372922473451183
IFO_right,MD,distal_mean,pipeline_02,pipeline_03,30,1.0385389881519986e-05,3.331413783705069e-05,-5.491032027909937e-05,7.568110004213935e-05,2.38849257925e-05,0.0009217760127914435
IFO_right,RD,mean,pipeline_01,pipeline_02,30,-2.756586618903327e-06,1.589915071753707e-05,-3.391892202527598e-05,2.840574878746933e-05,1.2473944881836667e-05,0.0006362596254374283
IFO_right,RD,mean,pipeline_01,pipeline_03,30,1.4279932475373345e-05,1.880400359651888e-05,-2.2575914573803663e-05,5.1135779524550355e-05,1.935223246460001e-05,0.0006447778849845669
IFO_right,RD,mean,pipeline_02,pipeline_03,30,1.7036519094276672e-05,1.6396442099839583e-05,-1.5100507421408911e-05,4.917354560996225e-05,1.7641078266036663e-05,0.0006433995916751151
IFO_right,RD,median,pipeline_01,pipeline_02,30,5.5009851616933475e-06,1.2380562570966244e-05,-1.876491747740049e-05,2.9766887800787183e-05,1.0566216739700005e-05,0.0006248701680829599
IFO_right,RD,median,pipeline_01,pipeline_03,30,1.8737506155136674e-05,1.7248858663099253e-05,-1.507025682453786e-05,5.2545269134811204e-05,2.0433647557543336e-05,0.0006314884285796818
IFO_right,RD,median,pipeline_02,pipeline_03,30,1.3236520993443325e-05,1.4488068431548001e-05,-1.5160093132390758e-05,4.1633135119277406e-05,1.538124747414999e-05,0.0006342389211605282
IFO_right,RD,sd,pipeline_01,pipeline_02,30,-1.3059917908761994e-05,1.7599632797360917e-05,-4.755519819158939e-05,2.1435362374065404e-05,1.5016027348701147e-05,7.335577065405018e-05
IFO_right,RD,sd,pipeline_01,pipeline_03,30,-7.570086519472267e-06,1.584119755089473e-05,-3.8618833719225935e-05,2.34786606802814e-05,1.3543543434649472e-05,7.610068634869503e-05
IFO_right,RD,sd,pipeline_02,pipeline_03,30,5.489831389289729e-06,1.429667175328016e-05,-2.2531645247139382e-05,3.351130802571884e-05,1.043368987428018e-05,6.957072739431404e-05
IFO_right,RD,proximal_mean,pipeline_01,pipeline_02,30,6.039104989569998e-06,2.0622107342583698e-05,-3.438022540189405e-05,4.645843538103404e-05,1.5660668030429997e-05,0.0005988462033068316
IFO_right,RD,proximal_mean,pipeline_01,pipeline_03,30,1.5934489437143344e-05,2.2042697967103323e-05,-2.7269198578379166e-05,5.913817745266586e-05,2.321367089036334e-05,0.0006037938955306183
IFO_right,RD,proximal_mean,pipeline_02,pipeline_03,30,9.89538444757335e-06,1.0887584494074727e-05,-1.1444281160813116e-05,3.123505005595981e-05,1.1955743368393349e-05,0.0006068134480254032
IFO_right,RD,middle_mean,pipeline_01,pipeline_02,30,5.44528131126668e-07,2.3502313478288662e-05,-4.552000628631911e-05,4.660906254857245e-05,1.624133518747333e-05,0.0006301042114880333
IFO_right,RD,middle_mean,pipeline_01,pipeline_03,30,1.8617593810293327e-05,2.9591783369622468e-05,-3.938230159416671e-05,7.661748921475336e-05,2.2188115122986673e-05,0.0006391407443276167
IFO_right,RD,middle_mean,pipeline_02,pipeline_03,30,1.807306567916666e-05,2.8161138601181825e-05,-3.712276597914971e-05,7.326889733748304e-05,2.2504906488440002e-05,0.00063941300839318
IFO_right,RD,distal_mean,pipeline_01,pipeline_02,30,-1.5231418176139999e-05,3.7897517240584395e-05,-8.951055196768541e-05,5.904771561540541e-05,2.7933429273206664e-05,0.0006811899876449066
IFO_right,RD,distal_mean,pipeline_01,pipeline_03,30,8.100457356920003e-06,4.550719310963159e-05,-8.10936411379579e-05,9.72945558517979e-05,3.418923081369999e-05,0.0006928559254114366
IFO_right,RD,distal_mean,pipeline_02,pipeline_03,30,2.333187553306e-05,3.07621430460109e-05,-3.696192483712137e-05,8.362567590324138e-05,2.8473801004286672e-05,0.0006852402163233666
ILF_left,AD,mean,pipeline_01,pipeline_02,30,-6.589409115136998e-05,5.2523134084983986e-05,-0.0001688394339579386,3.705125165519863e-05,6.713608473170333e-05,0.0014465050763828417
ILF_left,AD,mean,pipeline_01,pipeline_03,30,-6.108959317825667e-05,4.286981065909406e-05,-0.00014511442207008104,2.293523571356768e-05,6.108959317825667e-05,0.0014489073253693982
ILF_left,AD,mean,pipeline_02,pipeline_03,30,4.804497973113315e-06,3.344764506289565e-05,-6.0752886350162154e-05,7.036188229638878e-05,2.563517798442667e-05,0.0014159602797937133
ILF_left,AD,median,pipeline_01,pipeline_02,30,-5.381129484558001e-05,8.240176523528467e-05,-0.00021531875470673796,0.00010769616501557792,7.366363486972003e-05,0.0014490508891314498
ILF_left,AD,median,pipeline_01,pipeline_03,30,-5.200211326212001e-05,5.070143733520293e-05,-0.00015137693043911776,4.7372703914877735e-05,6.071515281153335e-05,0.00144995547992318
ILF_left,AD,median,pipeline_02,pipeline_03,30,1.8091815834600062e-06,5.353658220658634e-05,-0.00010312251954144922,0.00010674088270836922,3.536365738850004e-05,0.0014230498325003898
ILF_left,AD,sd,pipeline_01,pipeline_02,30,-2.3504655092336663e-05,3.475168173385433e-05,-9.161795129069116e-05,4.4608641106017826e-05,2.8694784149316667e-05,0.00020344735700740497
ILF_left,AD,sd,pipeline_01,pipeline_03,30,-1.0515758285620005e-05,4.526999461451686e-05,-9.924494773007306e-05,7.821343115883305e-05,2.805475099111333e-05,0.0002099418054107633
ILF_left,AD,sd,pipeline_02,pipeline_03,30,1.2988896806716667e-05,2.4503704876853648e-05,-3.503836475191648e-05,6.101615836534982e-05,2.0505795911129996e-05,0.00019818947786459502
ILF_left,AD,proximal_mean,pipeline_01,pipeline_02,30,-5.4705724219086684e-05,3.233706165251263e-05,-0.00011808636505801143,8.674916619838068e-06,5.5500966719260016e-05,0.001259023646099673
ILF_left,AD,proximal_mean,pipeline_01,pipeline_03,30,-6.442178109963e-05,2.8158887140573588e-05,-0.00011961319989515424,-9.230362304105768e-06,6.442178109963e-05,0.0012541656176594017
ILF_left,AD,proximal_mean,pipeline_02,pipeline_03,30,-9.716056880543324e-06,1.7520115899991334e-05,-4.405548404452634e-05,2.462337028343969e-05,1.522141097140335e-05,0.0012268127555498584
ILF_left,AD,middle_mean,pipeline_01,pipeline_02,30,-6.291680568566668e-05,6.717319303155107e-05,-0.0001945762640275068,6.874265265617342e-05,7.534141769085332e-05,0.0015434212284663599
ILF_left,AD,middle_mean,pipeline_01,pipeline_03,30,-4.153454588154335e-05,3.601993925930221e-05,-0.00011213362682977567,2.9064535066688972e-05,4.5426635318970015e-05,0.0015541123583684218
ILF_left,AD,middle_mean,pipeline_02,pipeline_03,30,2.1382259804123337e-05,5.3012485327814585e-05,-8.252221143839324e-05,0.00012528673104663992,4.324639225499668e-05,0.0015226539555255885
ILF_left,AD,distal_mean,pipeline_01,pipeline_02,30,-8.050242018679334e-05,0.00010532098057081706,-0.00028693154210559477,0.00012592670173200811,8.714553850873333e-05,0.0015399005195262337
ILF_left,AD,distal_mean,pipeline_01,pipeline_03,30,-7.781941690909004e-05,0.00010513018161513862,-0.0002838745728747617,0.00012823573905658165,8.22622018180567e-05,0.001541242021165085
ILF_left,AD,distal_mean,pipeline_02,pipeline_03,30,2.683003277703315e-06,5.03844756014744e-05,-9.60705689011865e-05,0.00010143657545659314,3.8562183112489995e-05,0.0015009908110716883
ILF_left,FA,mean,pipeline_01,pipeline_02,30,-0.01652562684604495,0.013546797852127191,-0.04307735063621425,0.010026096944124343,0.017428956875681984,0.4638614430248671
ILF_left,FA,mean,pipeline_01,pipeline_03,30,-0.028608827112730648,0.015233282447229875,-0.0584660607093012,0.0012484064838399062,0.028608827112730648,0.4578198428915242
ILF_left,FA,mean,pipeline_02,pipeline_03,30,-0.012083200266685695,0.010260926175144866,-0.03219461556996963,0.008028215036598242,0.012889870732952434,0.44955702946850185
ILF_left,FA,median,pipeline_01,pipeline_02,30,-0.009428044927320007,0.01537902288163757,-0.039570929775329645,0.020714839920689627,0.013913275601919916,0.4641313680010716
ILF_left,FA,median,pipeline_01,pipeline_03,30,-0.022987322256164476,0.018198767967455228,-0.05865690747237672,0.01268226296004777,0.024195232965623793,0.4573517293366494
ILF_left,FA,median,pipeline_02,pipeline_03,30,-0.013559277328844467,0.013191200881765213,-0.03941403105710428,0.012295476399415351,0.015167280101052548,0.45263770687298943
ILF_left,FA,sd,pipeline_01,pipeline_02,30,-0.001337459130925577,0.006966386236739569,-0.014991576154935132,0.012316657893083978,0.004977006042216118,0.08171495692659465
ILF_left,FA,sd,pipeline_01,pipeline_03,30,0.003083879116709895,0.008754669562864503,-0.014075273226504531,0.020243031459924322,0.007417528536710029,0.0839256260504124
ILF_left,FA,sd,pipeline_02,pipeline_03,30,0.004421338247635472,0.00805245972941686,-0.011361482822021575,0.020204159317292518,0.007117779213785593,0.0832568964849496
ILF_left,FA,proximal_mean,pipeline_01,pipeline_02,30,-0.028025171156642655,0.018672936594978505,-0.06462412688280053,0.008573784569515217,0.028675399588474183,0.45108353214188435
ILF_left,FA,proximal_mean,pipeline_01,pipeline_03,30,-0.0434146866652445,0.020295912987741815,-0.08319467612121845,-0.0036346972092705446,0.0434146866652445,0.44338877438758356
ILF_left,FA,proximal_mean,pipeline_02,pipeline_03,30,-0.01538951550860183,0.016077041937789194,-0.04690051770666864,0.016121486689464986,0.0168590933763571,0.42937618880926226
ILF_left,FA,middle_mean,pipeline_01,pipeline_02,30,-0.014516899762546519,0.026031254544630837,-0.06553815867002297,0.03650435914492992,0.022020066087324763,0.5224142615350371
ILF_left,FA,middle_mean,pipeline_01,pipeline_03,30,-0.022504823461328562,0.019677965830831434,-0.061073636489758165,0.016063989567101044,0.024470839656985908,0.5184202996856461
ILF_left,FA,middle_mean,pipeline_02,pipeline_03,30,-0.007987923698782044,0.01902586471781128,-0.04527861854569215,0.02930277114812806,0.016204010269783572,0.5111618498043728
ILF_left,FA,distal_mean,pipeline_01,pipeline_02,30,-0.00673822158059885,0.018884687729006172,-0.04375220952945095,0.03027576636825325,0.016370673902912355,0.41665606953433026
ILF_left,FA,distal_mean,pipeline_01,pipeline_03,30,-0.019635038214709185,0.022863058800291262,-0.06444663346328006,0.02517655703386169,0.02290247676182484,0.4102076612172751
ILF_left,FA,distal_mean,pipeline_02,pipeline_03,30,-0.012896816634110336,0.01687929104049007,-0.04598022707347087,0.0201865938052502,0.01613435293652642,0.40683855042697575
ILF_left,MD,mean,pipeline_01,pipeline_02,30,-3.099326740467e-05,3.950585720038474e-05,-0.00010842474751742409,4.643821270808409e-05,3.588331668389666e-05,0.0009427881588487382
ILF_left,MD,mean,pipeline_01,pipeline_03,30,-1.751065411617667e-05,3.601142808000314e-05,-8.809305315298281e-05,5.3071744920629474e-05,2.6268085606016663e-05,0.000949529465492985
ILF_left,MD,mean,pipeline_02,pipeline_03,30,1.3482613288493334e-05,2.781505139475445e-05,-4.103488744522539e-05,6.800011402221205e-05,2.208551026118e-05,0.0009340328317906498
ILF_left,MD,median,pipeline_01,pipeline_02,30,-4.816146615073333e-06,4.588295535573119e-05,-9.474673911230646e-05,8.51144458821598e-05,2.2821670544720004e-05,0.0009048056194418799
ILF_left,MD,median,pipeline_01,pipeline_03,30,-2.5980232547533268e-06,2.1517833771655966e-05,-4.477297744719902e-05,3.957693093769237e-05,1.2779569904039985e-05,0.00090591468112204
ILF_left,MD,median,pipeline_02,pipeline_03,30,2.2181233603200065e-06,4.263021580964234e-05,-8.133709962657898e-05,8.577334634721899e-05,2.1187600016933334e-05,0.0009035066078145034
ILF_left,MD,sd,pipeline_01,pipeline_02,30,-2.7638841150325643e-05,3.688852185828518e-05,-9.99403439925646e-05,4.466266169191331e-05,3.141819450901987e-05,0.00014290971692957003
ILF_left,MD,sd,pipeline_01,pipeline_03,30,-2.0416399900291266e-05,4.6474441705116e-05,-0.00011150630564231862,7.067350584173608e-05,3.094700570716818e-05,0.0001465209375545872
ILF_left,MD,sd,pipeline_02,pipeline_03,30,7.222441250034376e-06,2.773532237865427e-05,-4.713879061212799e-05,6.158367311219674e-05,2.0249462785571053e-05,0.0001327015169794244
ILF_left,MD,proximal_mean,pipeline_01,pipeline_02,30,-1.2994029504376652e-05,1.5978543161755833e-05,-4.431197410141809e-05,1.832391509266478e-05,1.424116092109666e-05,0.0008172334530937884
ILF_left,MD,proximal_mean,pipeline_01,pipeline_03,30,-7.288301333573331e-06,1.3573601507275031e-05,-3.389256028783239e-05,1.9315957620685732e-05,1.1573770715933339e-05,0.0008200863171791901
ILF_left,MD,proximal_mean,pipeline_02,pipeline_03,30,5.705728170803321e-06,1.2467658681080566e-05,-1.8730882844114588e-05,3.014233918572123e-05,8.603522404203338e-06,0.0008135893024270017
ILF_left,MD,middle_mean,pipeline_01,pipeline_02,30,-2.7840242402966665e-05,6.238979594321339e-05,-0.00015012424245166488,9.444375764573156e-05,4.2692374884266646e-05,0.00095126256787487
ILF_left,MD,middle_mean,pipeline_01,pipeline_03,30,-6.583029413816649e-06,3.39069585915541e-05,-7.304066825326268e-05,5.9874609425629376e-05,2.3908651083149985e-05,0.000961891174369445
ILF_left,MD,middle_mean,pipeline_02,pipeline_03,30,2.1257212989150015e-05,4.8384192208288764e-05,-7.357580373909596e-05,0.00011609022971739599,3.572442725202333e-05,0.0009479710531679616
ILF_left,MD,distal_mean,pipeline_01,pipeline_02,30,-5.280653852233997e-05,8.707762445214786e-05,-0.00022347868244854978,0.00011786560540386984,6.736650701986e-05,0.0010635272148503201
ILF_left,MD,distal_mean,pipeline_01,pipeline_03,30,-3.9321568397549986e-05,9.131572730621971e-05,-0.00021830039391774062,0.00013965725712264065,5.736490891770998e-05,0.0010702696999127148
ILF_left,MD,distal_mean,pipeline_02,pipeline_03,30,1.3484970124789988e-05,4.65235515539756e-05,-7.77011909210022e-05,0.00010467113117058217,3.4902733979116674e-05,0.001043866430651545
ILF_left,RD,mean,pipeline_01,pipeline_02,30,-1.3542855337236668e-05,3.629139695999295e-05,-8.467399337882284e-05,5.7588282704349505e-05,2.5052479603216655e-05,0.0006909296999255819
ILF_left,RD,mean,pipeline_01,pipeline_03,30,4.278815850350006e-06,3.645395247219961e-05,-6.717093099516124e-05,7.572856269586125e-05,2.6345471535603325e-05,0.0006998405355193752
ILF_left,RD,mean,pipeline_02,pipeline_03,30,1.7821671187586674e-05,2.6927423241243036e-05,-3.4956078365249676e-05,7.059942074042302e-05,2.2146957439766674e-05,0.0006930691078507567
ILF_left,RD,median,pipeline_01,pipeline_02,30,6.959601087020011e-06,3.359801759219708e-05,-5.8892513393686265e-05,7.281171556772629e-05,1.830109573142e-05,0.0006559952336757231
ILF_left,RD,median,pipeline_01,pipeline_03,30,1.665042209170001e-05,2.41126545622826e-05,-3.061038085037388e-05,6.39112250337739e-05,2.2382367880233336e-05,0.0006608406441780633
ILF_left,RD,median,pipeline_02,pipeline_03,30,9.690821004679999e-06,2.5122088866229385e-05,-3.954847317312959e-05,5.89301151824896e-05,1.820062122078e-05,0.0006643204447215732
ILF_left,RD,sd,pipeline_01,pipeline_02,30,-2.66430192219254e-05,3.7657883231907996e-05,-0.00010045247035646507,4.716643191261428e-05,3.141072743638443e-05,0.00014480558959595894
ILF_left,RD,sd,pipeline_01,pipeline_03,30,-1.9951429526462218e-05,4.466002276675462e-05,-0.00010748507414930129,6.758221509637684e-05,3.0206806894134145e-05,0.0001481513844436906
ILF_left,RD,sd,pipeline_02,pipeline_03,30,6.691589695463179e-06,2.719310109957162e-05,-4.66068884596972e-05,5.999006785062355e-05,1.957030029075476e-05,0.00013482987483272787
ILF_left,RD,proximal_mean,pipeline_01,pipeline_02,30,7.861816875840011e-06,1.8367197294419197e-05,-2.8137889821221614e-05,4.386152357290164e-05,1.5963767675093337e-05,0.0005963383565732033
ILF_left,RD,proximal_mean,pipeline_01,pipeline_03,30,2.1278438157190006e-05,1.9071351061837076e-05,-1.610140992401066e-05,5.8658286238390676e-05,2.2961585243230013e-05,0.0006030466672138781
ILF_left,RD,proximal_mean,pipeline_02,pipeline_03,30,1.3416621281349995e-05,1.8720033864596495e-05,-2.3274645093259133e-05,5.0107887655959126e-05,1.576740513618334e-05,0.0006069775756517983
ILF_left,RD,middle_mean,pipeline_01,pipeline_02,30,-1.030196037132333e-05,6.505740787520488e-05,-0.00013781447980672492,0.00011721055906407825,3.688834797997668e-05,0.0006551832373460018
ILF_left,RD,middle_mean,pipeline_01,pipeline_03,30,1.0892729084200006e-05,3.7115737712852665e-05,-6.185411683299122e-05,8.363957500139122e-05,2.8086425408846657e-05,0.0006657805820737634
ILF_left,RD,middle_mean,pipeline_02,pipeline_03,30,2.1194689455523333e-05,4.9656259304646095e-05,-7.6131578781583e-05,0.00011852095769262968,3.5610895359583316e-05,0.0006606296018881017
ILF_left,RD,distal_mean,pipeline_01,pipeline_02,30,-3.8958596490566666e-05,8.110515301846689e-05,-0.00019792469640676178,0.00012000750342562843,6.058203547443337e-05,0.0008253405622929199
ILF_left,RD,distal_mean,pipeline_01,pipeline_03,30,-2.0072642675990005e-05,8.86749219615142e-05,-0.00019387548972055782,0.0001537302043685778,5.462663292931668e-05,0.0008347835392002082
ILF_left,RD,distal_mean,pipeline_02,pipeline_03,30,1.8885953814576674e-05,4.825517249621056e-05,-7.569418427799602e-05,0.00011346609190714936,3.731698452267668e-05,0.0008153042409549252
ILF_right,AD,mean,pipeline_01,pipeline_02,30,-8.439341773574333e-05,5.922569483009143e-05,-0.00020047577960272253,3.168894413123588e-05,8.439341773574333e-05,0.0014436704856375419
ILF_right,AD,mean,pipeline_01,pipeline_03,30,-8.577900141684668e-05,4.073362617491941e-05,-0.00016561690871968874,-5.941094114004638e-06,8.577900141684668e-05,0.00144297769379699
ILF_right,AD,mean,pipeline_02,pipeline_03,30,-1.3855836811033271e-06,3.2698964574347313e-05,-6.547555424682406e-05,6.27043868846174e-05,2.2869946427303316e-05,0.0014007809849291184
ILF_right,AD,median,pipeline_01,pipeline_02,30,-6.748132196965666e-05,4.692348394342125e-05,-0.0001594513504987623,2.4488706559448983e-05,6.748132196965666e-05,0.0014680882578059125
ILF_right,AD,median,pipeline_01,pipeline_03,30,-8.212742588165333e-05,5.230964999238754e-05,-0.00018465433986673293,2.0399488103426254e-05,8.216277846347332e-05,0.0014607652058499137
ILF_right,AD,median,pipeline_02,pipeline_03,30,-1.4646103911996681e-05,3.4528162259652775e-05,-8.232130194091612e-05,5.302909411692276e-05,2.7851969784043344e-05,0.0014270245448650852
ILF_right,AD,sd,pipeline_01,pipeline_02,30,-2.8992645047437098e-05,4.322350233613891e-05,-0.00011371070962626936,5.572541953139516e-05,3.39760109170371e-05,0.00018589883996250815
ILF_right,AD,sd,pipeline_01,pipeline_03,30,-1.5059042139426667e-05,2.7506397958440866e-05,-6.897158213797076e-05,3.885349785911743e-05,2.3024063368333335e-05,0.00019286564141651332
ILF_right,AD,sd,pipeline_02,pipeline_03,30,1.3933602908010428e-05,2.668260641190555e-05,-3.836430565932445e-05,6.623151147534531e-05,2.1440154249117095e-05,0.0001783693188927948
ILF_right,AD,proximal_mean,pipeline_01,pipeline_02,30,-6.443775351337e-05,5.041821907328164e-05,-0.00016325746289700202,3.438195587026201e-05,6.748515419132333e-05,0.0012512699857644685
ILF_right,AD,proximal_mean,pipeline_01,pipeline_03,30,-7.785565223334335e-05,4.931111133985158e-05,-0.00017450543045945246,1.879412599276575e-05,7.944685450945665e-05,0.0012445610364044814
ILF_right,AD,proximal_mean,pipeline_02,pipeline_03,30,-1.341789871997332e-05,2.5473773550714825e-05,-6.334649487937438e-05,3.651069743942773e-05,2.2134164980986675e-05,0.0012123421596477964
ILF_right,AD,middle_mean,pipeline_01,pipeline_02,30,-7.406738798975334e-05,6.465127927632588e-05,-0.00020078389537135204,5.264911939184536e-05,7.938590587102003e-05,0.0015397782885966402
ILF_right,AD,middle_mean,pipeline_01,pipeline_03,30,-6.170320202634e-05,4.411942102739081e-05,-0.000148177267240026,2.477086318734599e-05,6.566354918253999e-05,0.0015459603815783467
ILF_right,AD,middle_mean,pipeline_02,pipeline_03,30,1.2364185963413348e-05,3.7762499441762e-05,-6.165031294244017e-05,8.637868486926687e-05,2.7603167252440016e-05,0.00150892668758347
ILF_right,AD,distal_mean,pipeline_01,pipeline_02,30,-0.00011562141464055665,0.00011651846020446346,-0.000343997596641305,0.00011275476736019172,0.00011727548961951665,0.0015429723293300748
ILF_right,AD,distal_mean,pipeline_01,pipeline_03,30,-0.00011877812338376667,8.6578229175173e-05,-0.00028847145256710575,5.091520579957242e-05,0.00012046380132243332,0.0015413939749584701
ILF_right,AD,distal_mean,pipeline_02,pipeline_03,30,-3.1567087432099967e-06,7.058992355310778e-05,-0.00014151295890730124,0.00013519954142088126,4.6607873771516664e-05,0.0014835832676381917
ILF_right,FA,mean,pipeline_01,pipeline_02,30,-0.017196583468212002,0.015240115983332967,-0.047067210795544615,0.012674043859120614,0.019913577646409154,0.4731643375327057
ILF_right,FA,mean,pipeline_01,pipeline_03,30,-0.029471549536372477,0.013748497814111008,-0.05641860525203005,-0.0025244938207149015,0.029471549536372477,0.4670268544986255
ILF_right,FA,mean,pipeline_02,pipeline_03,30,-0.012274966068160482,0.01385699375415444,-0.03943467382630318,0.01488474168998222,0.013885423333018173,0.45842856276451943
ILF_right,FA,median,pipeline_01,pipeline_02,30,-0.013725545523574963,0.023578777717323775,-0.059939949849529564,0.03248885880237963,0.022665481506315057,0.4910348526023619
ILF_right,FA,median,pipeline_01,pipeline_03,30,-0.02512378858137499,0.01775947721200428,-0.05993236391690338,0.0096847867541534,0.026967125653727712,0.485335731073462
ILF_right,FA,median,pipeline_02,pipeline_03,30,-0.011398243057800022,0.018020697166522236,-0.046718809504183605,0.023922323388583557,0.013973851034672555,0.47847295831167436
ILF_right,FA,sd,pipeline_01,pipeline_02,30,0.000325304118577361,0.00813231494860697,-0.0156140331806923,0.016264641417847024,0.006258690348252995,0.08169701484893838
ILF_right,FA,sd,pipeline_01,pipeline_03,30,0.0030613992048631683,0.008703483881012879,-0.013997429201922075,0.02012022761164841,0.006913818607290698,0.08306506239208125
ILF_right,FA,sd,pipeline_02,pipeline_03,30,0.0027360950862858075,0.008014363784368855,-0.012972057931077146,0.01844424810364876,0.0063130464435494265,0.08322771445136994
ILF_right,FA,proximal_mean,pipeline_01,pipeline_02,30,-0.02256148753335437,0.037281690404716655,-0.095633600726599,0.05051062565989027,0.03371267917171028,0.4129007378631503
ILF_right,FA,proximal_mean,pipeline_01,pipeline_03,30,-0.0391167744289368,0.03841053511201096,-0.11440142324847827,0.03616787439060467,0.044239251191592714,0.40462309441535904
ILF_right,FA,proximal_mean,pipeline_02,pipeline_03,30,-0.01655528689558243,0.018738048054487463,-0.053281861082377854,0.020171287291212994,0.019249922921328384,0.3933423506486819
ILF_right,FA,middle_mean,pipeline_01,pipeline_02,30,-0.018845604515306046,0.019125160931990053,-0.05633091994200655,0.01863971091139446,0.020864759095961524,0.5384313714395952
ILF_right,FA,middle_mean,pipeline_01,pipeline_03,30,-0.026232224326375328,0.0178324941961513,-0.06118391295083188,0.008719464298081223,0.02715287434585941,0.5347380615340606
ILF_right,FA,middle_mean,pipeline_02,pipeline_03,30,-0.0073866198110692834,0.016662193189835823,-0.0400445184631475,0.02527127884100893,0.014111531637719147,0.5253152592764074
ILF_right,FA,distal_mean,pipeline_01,pipeline_02,30,-0.009963473196218074,0.03816344426593533,-0.08476382395745131,0.06483687756501517,0.029452745986318633,0.4680045459754548
ILF_right,FA,distal_mean,pipeline_01,pipeline_03,30,-0.022865465488725003,0.026149537228826958,-0.07411855845722584,0.028387627479775832,0.02935003815157607,0.4615535498292014
ILF_right,FA,distal_mean,pipeline_02,pipeline_03,30,-0.012901992292506933,0.026614205383073585,-0.06506583484333116,0.0392618502583173,0.020169303564629856,0.45657181323109236
ILF_right,MD,mean,pipeline_01,pipeline_02,30,-4.385917949287668e-05,4.676886930256504e-05,-0.00013552616332590417,4.7807804340150804e-05,4.4363123739703334e-05,0.0009267815955522115
ILF_right,MD,mean,pipeline_01,pipeline_03,30,-3.4865079399243344e-05,2.8961431345148167e-05,-9.162948483573375e-05,2.189932603724706e-05,3.6417853629956686e-05,0.0009312786455990283
ILF_right,MD,mean,pipeline_02,pipeline_03,30,8.994100093633325e-06,2.9472461318224355e-05,-4.8771924090086405e-05,6.676012427735306e-05,1.9226265950420007e-05,0.00090934905585259
ILF_right,MD,median,pipeline_01,pipeline_02,30,-1.9837862416276664e-05,2.464473321211884e-05,-6.814153951202959e-05,2.8465814679476264e-05,2.548734282752334e-05,0.0009011264028444248
ILF_right,MD,median,pipeline_01,pipeline_03,30,-2.0940649383636673e-05,2.2033948099965806e-05,-6.412718765956965e-05,2.2245888892296305e-05,2.3925402455083344e-05,0.0009005750093607452
ILF_right,MD,median,pipeline_02,pipeline_03,30,-1.1027869673600103e-06,1.5957741270736792e-05,-3.2379959858004124e-05,3.0174385923284106e-05,1.1319150420753349e-05,0.0008906560781526067
ILF_right,MD,sd,pipeline_01,pipeline_02,30,-2.7368753857809452e-05,5.49670997552458e-05,-0.00013510426937809122,8.036676166247232e-05,3.340617455816768e-05,0.00010039717591156661
ILF_right,MD,sd,pipeline_01,pipeline_03,30,-2.2656445884978992e-05,3.9855097748256934e-05,-0.00010077243747156259,5.5459545701604596e-05,2.96334831030314e-05,0.00010275332989798181
ILF_right,MD,sd,pipeline_02,pipeline_03,30,4.7123079728304534e-06,2.7827243450864848e-05,-4.982908919086464e-05,5.9253705136525555e-05,1.9289067257320953e-05,8.906895296907713e-05
ILF_right,MD,proximal_mean,pipeline_01,pipeline_02,30,-2.563002561783667e-05,2.8207867894413132e-05,-8.091744669088641e-05,2.965739545521307e-05,2.7486827546670002e-05,0.0008495309071035683
ILF_right,MD,proximal_mean,pipeline_01,pipeline_03,30,-2.1768268885293336e-05,3.0125528190674684e-05,-8.081430413901572e-05,3.727776636842904e-05,2.6954297817539994e-05,0.00085146178546984
ILF_right,MD,proximal_mean,pipeline_02,pipeline_03,30,3.861756732543332e-06,1.3699520313638234e-05,-2.2989303082187605e-05,3.071281654727427e-05,1.0004230650149998e-05,0.0008386467726609216
ILF_right,MD,middle_mean,pipeline_01,pipeline_02,30,-3.119415189867335e-05,5.169940581036574e-05,-0.0001325249872869902,7.013668348964351e-05,3.925944329794002e-05,0.0009280414362167266
ILF_right,MD,middle_mean,pipeline_01,pipeline_03,30,-1.695507220219333e-05,3.213691778869759e-05,-7.99434310680406e-05,4.6033286663653946e-05,2.6835142180713332e-05,0.0009351609760649668
ILF_right,MD,middle_mean,pipeline_02,pipeline_03,30,1.4239079696480015e-05,3.0965863352314837e-05,-4.6454012474057065e-05,7.49321718670171e-05,2.194215570450667e-05,0.00091956390011563
ILF_right,MD,distal_mean,pipeline_01,pipeline_02,30,-7.571880413303334e-05,0.00011408216645537506,-0.0002993198503855684,0.00014788224211950178,7.905006132064001e-05,0.0010051471573296134
ILF_right,MD,distal_mean,pipeline_01,pipeline_03,30,-6.684086016371e-05,7.882415685233448e-05,-0.0002213362075942856,8.76544872668656e-05,7.151440446787666e-05,0.001009586129314275
ILF_right,MD,distal_mean,pipeline_02,pipeline_03,30,8.877943969323334e-06,6.42311142667848e-05,-0.00011701503999357486,0.00013477092793222153,3.793586997581666e-05,0.0009717267272477583
ILF_right,RD,mean,pipeline_01,pipeline_02,30,-2.359205954462999e-05,4.378339742824327e-05,-0.0001094075185039868,6.222339941472683e-05,3.1412211970076674e-05,0.0006683371506792551
ILF_right,RD,mean,pipeline_01,pipeline_03,30,-9.408118092846652e-06,2.6310340270167766e-05,-6.097638502237547e-05,4.2160148836682165e-05,2.252792577011333e-05,0.0006754291214051466
ILF_right,RD,mean,pipeline_02,pipeline_03,30,1.4183941451783337e-05,3.058981377400974e-05,-4.5772093545275755e-05,7.413997644884243e-05,2.0719377528943328e-05,0.0006636330916328316
ILF_right,RD,median,pipeline_01,pipeline_02,30,-8.898643293126657e-06,2.8173865258417103e-05,-6.411941919962418e-05,4.632213261337087e-05,2.4636203824793333e-05,0.0006488920865193068
ILF_right,RD,median,pipeline_01,pipeline_03,30,6.982837535063339e-06,3.215817076090936e-05,-5.604717715631901e-05,7.001285222644568e-05,2.318910906023668e-05,0.0006568328269334017
ILF_right,RD,median,pipeline_02,pipeline_03,30,1.5881480828189997e-05,2.6412289996586536e-05,-3.588660756511961e-05,6.764956922149961e-05,1.9700922620016665e-05,0.0006523835052868381
ILF_right,RD,sd,pipeline_01,pipeline_02,30,-2.371117473687614e-05,5.3555841101575193e-05,-0.00012868062329596353,8.125827382221124e-05,3.058346960336894e-05,9.989177506207056e-05
ILF_right,RD,sd,pipeline_01,pipeline_03,30,-2.3421399869521516e-05,4.384328473942667e-05,-0.00010935423795879779,6.251143821975475e-05,3.008428353497782e-05,0.00010003666249574788
ILF_right,RD,sd,pipeline_02,pipeline_03,30,2.8977486735462655e-07,2.6032864957804573e-05,-5.073464044994234e-05,5.131419018465159e-05,1.7808272766742803e-05,8.818107512730982e-05
ILF_right,RD,proximal_mean,pipeline_01,pipeline_02,30,-6.22616115772001e-06,4.03748605231856e-05,-8.536088778316379e-05,7.290856546772377e-05,2.2329842466933318e-05,0.0006486613681330033
ILF_right,RD,proximal_mean,pipeline_01,pipeline_03,30,6.275423155266666e-06,4.422536351022579e-05,-8.040628932477589e-05,9.295713563530922e-05,2.740504392572667e-05,0.0006549121602894969
ILF_right,RD,proximal_mean,pipeline_02,pipeline_03,30,1.2501584312986677e-05,1.849261702975499e-05,-2.3743945065333106e-05,4.874711369130646e-05,1.5073304733813343e-05,0.0006517990797106367
ILF_right,RD,middle_mean,pipeline_01,pipeline_02,30,-9.757533154403325e-06,4.9082912866645626e-05,-0.00010596004237302875,8.64449760642221e-05,3.3406289435336665e-05,0.0006221730100757717
ILF_right,RD,middle_mean,pipeline_01,pipeline_03,30,5.418992557443342e-06,3.1815313745494225e-05,-5.693902238372534e-05,6.777700749861203e-05,2.3940437175883342e-05,0.0006297612729316952
ILF_right,RD,middle_mean,pipeline_02,pipeline_03,30,1.5176525711846666e-05,3.253101696534716e-05,-4.858426754023377e-05,7.893731896392711e-05,2.453569925892001e-05,0.0006248825063544934
ILF_right,RD,distal_mean,pipeline_01,pipeline_02,30,-5.5767497596036684e-05,0.00012057699788222065,-0.00029209841344518913,0.00018056341825311577,6.765300758411668e-05,0.0007362345714274183
ILF_right,RD,distal_mean,pipeline_01,pipeline_03,30,-4.087222786308667e-05,8.24826541985137e-05,-0.00020253823009217352,0.00012079377436600018,5.7502408960186665e-05,0.0007436822062938932
ILF_right,RD,distal_mean,pipeline_02,pipeline_03,30,1.4895269732949996e-05,6.683648789812611e-05,-0.00011610424654737717,0.00014589478601327715,4.021402923089667e-05,0.0007157984574958751
UF_left,AD,mean,pipeline_01,pipeline_02,30,-1.6542970504926672e-05,1.728913198463474e-05,-5.042966919481076e-05,1.7343728184957414e-05,1.938744217336e-05,0.0012292431798910067
UF_left,AD,mean,pipeline_01,pipeline_03,30,-3.456768190540334e-05,2.0321804830851298e-05,-7.439841937387188e-05,5.263055563065203e-06,3.456768190540334e-05,0.0012202308241907685
UF_left,AD,mean,pipeline_02,pipeline_03,30,-1.802471140047667e-05,2.0263174115776e-05,-5.774053266739762e-05,2.1691109866444284e-05,2.2532538203176694e-05,0.0012119593389383046
UF_left,AD,median,pipeline_01,pipeline_02,30,-1.6262785953656654e-05,2.50491655070718e-05,-6.535915034751738e-05,3.2833578440204076e-05,2.0940243857569987e-05,0.0012173694033372285
UF_left,AD,median,pipeline_01,pipeline_03,30,-3.521486339535665e-05,2.5290033828212336e-05,-8.478332969865282e-05,1.4353602907939525e-05,3.611698079994332e-05,0.0012078933646163788
UF_left,AD,median,pipeline_02,pipeline_03,30,-1.8952077441700002e-05,2.086284198522188e-05,-5.984324773273489e-05,2.1939092849334884e-05,2.402942465176e-05,0.0011997619716395502
UF_left,AD,sd,pipeline_01,pipeline_02,30,-2.99478183880254e-06,9.877064581857422e-06,-2.2353828419243087e-05,1.6364264741638006e-05,8.21696368890945e-06,7.433957694073646e-05
UF_left,AD,sd,pipeline_01,pipeline_03,30,-2.538855055374697e-06,1.0133452036750836e-05,-2.2400421047406337e-05,1.732271093665694e-05,8.773104790518658e-06,7.45675403324504e-05
UF_left,AD,sd,pipeline_02,pipeline_03,30,4.5592678342784297e-07,6.8607208411058045e-06,-1.2991086065139532e-05,1.390293963199522e-05,5.0641233486958765e-06,7.307014941304913e-05
UF_left,AD,proximal_mean,pipeline_01,pipeline_02,30,-1.609174752032332e-05,2.807789343403655e-05,-7.112441865103496e-05,3.8940923610388315e-05,2.5443988421249986e-05,0.0012032474425443084
UF_left,AD,proximal_mean,pipeline_01,pipeline_03,30,-2.799301596906331e-05,4.180628916948971e-05,-0.00010993334274126314,5.3947310803136513e-05,4.009615975976332e-05,0.0011972968083199381
UF_left,AD,proximal_mean,pipeline_02,pipeline_03,30,-1.1901268448739993e-05,2.4993387241778007e-05,-6.088830744262488e-05,3.7085770545144904e-05,2.1393408942713328e-05,0.0011892509345597768
UF_left,AD,middle_mean,pipeline_01,pipeline_02,30,-2.232377404615666e-05,2.3755322670766214e-05,-6.888420648085844e-05,2.423665838854512e-05,2.4529652584203342e-05,0.0012886201944383952
UF_left,AD,middle_mean,pipeline_01,pipeline_03,30,-4.471854795969331e-05,3.40908749793208e-05,-0.00011153666291916208,2.209956699977546e-05,4.5314866197466645e-05,0.0012774228074816268
UF_left,AD,middle_mean,pipeline_02,pipeline_03,30,-2.239477391353665e-05,3.3729410993234856e-05,-8.850441946027697e-05,4.3714871633203665e-05,2.8338597332123328e-05,0.001266260920458548
UF_left,AD,distal_mean,pipeline_01,pipeline_02,30,-1.1046840555893344e-05,3.4365039898407305e-05,-7.840231875677167e-05,5.6308637644984974e-05,2.3971713203066668e-05,0.0011948187377777801
UF_left,AD,distal_mean,pipeline_01,pipeline_03,30,-3.0879725533730006e-05,3.0126293190192443e-05,-8.99272601865072e-05,2.8167809119047184e-05,3.411391182931e-05,0.0011849022952888616
UF_left,AD,distal_mean,pipeline_02,pipeline_03,30,-1.983288497783666e-05,1.8423400081306056e-05,-5.594274913719653e-05,1.627697918152321e-05,2.3114686733529993e-05,0.001179378875010915
UF_left,FA,mean,pipeline_01,pipeline_02,30,-0.009745734491851935,0.010998824815542176,-0.0313034311303146,0.011811962146610731,0.012340509468140392,0.4184657175668033
UF_left,FA,mean,pipeline_01,pipeline_03,30,-0.028019256003718424,0.01539149892882436,-0.05818659390421417,0.0021480818967773187,0.028019256003718424,0.4093289568108701
UF_left,FA,mean,pipeline_02,pipeline_03,30,-0.01827352151186649,0.01340389115483898,-0.04454514817535089,0.007998105151617908,0.018528716997786902,0.4044560895649441
UF_left,FA,median,pipeline_01,pipeline_02,30,-0.011861782045281793,0.019864134581280217,-0.050795485824591015,0.027071921734027428,0.01718568134573354,0.4133418500276533
UF_left,FA,median,pipeline_01,pipeline_03,30,-0.028988588579716788,0.025860727049161963,-0.07967561359607424,0.02169843643664066,0.030857786752665883,0.4047784467604358
UF_left,FA,median,pipeline_02,pipeline_03,30,-0.017126806534434998,0.01754390328869813,-0.051512856980283336,0.01725924391141334,0.018723479100354087,0.39884755573779496
UF_left,FA,sd,pipeline_01,pipeline_02,30,-0.0006187068549610194,0.008749497019977617,-0.01776772101411715,0.01653030730419511,0.0073004592657053705,0.07030484572737644
UF_left,FA,sd,pipeline_01,pipeline_03,30,7.821330832402338e-05,0.008792928616604377,-0.017155926780220557,0.017312353396868603,0.0071108080986119855,0.07065330580901898
UF_left,FA,sd,pipeline_02,pipeline_03,30,0.0006969201632850429,0.007850463114196378,-0.014689987540539858,0.016083827867109945,0.00601579398119099,0.07034395238153847
UF_left,FA,proximal_mean,pipeline_01,pipeline_02,30,-0.019591103280560854,0.022712740532769407,-0.0641080747247889,0.024925868163667184,0.024360283199373067,0.39870132891630744
UF_left,FA,proximal_mean,pipeline_01,pipeline_03,30,-0.032050090010774794,0.02639566328699205,-0.08378559005327921,0.019685410031729626,0.034739767316609944,0.3924718355512004
UF_left,FA,proximal_mean,pipeline_02,pipeline_03,30,-0.012458986730213938,0.01728626663699832,-0.046340069338730645,0.021422095878302773,0.01702676738067501,0.38267628391091996
UF_left,FA,middle_mean,pipeline_01,pipeline_02,30,-0.007049810339274091,0.013616930678540067,-0.03373899446921262,0.01963937379066444,0.01307757687799758,0.4895215300008303
UF_left,FA,middle_mean,pipeline_01,pipeline_03,30,-0.0287089135075732,0.02323474165058117,-0.07424900714271229,0.01683118012756589,0.029641490303080817,0.4786919784166807
UF_left,FA,middle_mean,pipeline_02,pipeline_03,30,-0.02165910316829911,0.022693733500547854,-0.0661388208293729,0.022820614492774685,0.02302880557763355,0.47516707324704366
UF_left,FA,distal_mean,pipeline_01,pipeline_02,30,-0.002372869710841734,0.02038117170482035,-0.04231996625228962,0.037574226830606156,0.015563985100751033,0.36557143679003684
UF_left,FA,distal_mean,pipeline_01,pipeline_03,30,-0.023151249133091287,0.019231615932072007,-0.06084521635995242,0.01454271809376985,0.025880010615405,0.3551822470789121
UF_left,FA,distal_mean,pipeline_02,pipeline_03,30,-0.02077837942224955,0.013614813044611127,-0.047463412989687356,0.005906654145188258,0.021660300190586682,0.3539958122234913
UF_left,MD,mean,pipeline_01,pipeline_02,30,-2.614884488290011e-06,1.0097998510349106e-05,-2.2406961568574258e-05,1.7177192591994234e-05,7.2476742909299894e-06,0.0008246166242574382
UF_left,MD,mean,pipeline_01,pipeline_03,30,-1.2475105468800071e-06,1.0522743450677321e-05,-2.1872087710207556e-05,1.937706661644754e-05,7.521409244386675e-06,0.0008253003112281434
UF_left,MD,mean,pipeline_02,pipeline_03,30,1.3673739414100042e-06,1.5733650148069275e-05,-2.9470580348805776e-05,3.2205328231625786e-05,8.220320854743332e-06,0.0008239928689839982
UF_left,MD,median,pipeline_01,pipeline_02,30,4.1892617789000267e-07,1.0302539266875179e-05,-1.977405078518535e-05,2.0611903140965354e-05,7.670673828236673e-06,0.0008243132207329749
UF_left,MD,median,pipeline_01,pipeline_03,30,-1.166251922433254e-07,1.8706602470485003e-05,-3.678156603439393e-05,3.6548315649907284e-05,1.1196108508949998e-05,0.0008240454450479083
UF_left,MD,median,pipeline_02,pipeline_03,30,-5.355513701333281e-07,1.6120520801160662e-05,-3.2131772140408226e-05,3.106066940014157e-05,9.679369580180004e-06,0.0008242549081368534
UF_left,MD,sd,pipeline_01,pipeline_02,30,6.638513874012041e-07,9.011938869949813e-06,-1.699954879770043e-05,1.8327251572502836e-05,5.576225202712536e-06,3.949056067337812e-05
UF_left,MD,sd,pipeline_01,pipeline_03,30,1.6153258295909844e-07,9.086303319265642e-06,-1.764762192280156e-05,1.7970687088719757e-05,5.806186685562819e-06,3.9239401271157064e-05
UF_left,MD,sd,pipeline_02,pipeline_03,30,-5.023188044421056e-07,5.471970911430882e-06,-1.1227381790846634e-05,1.0222744181962423e-05,3.8410104860209e-06,3.957132696485767e-05
UF_left,MD,proximal_mean,pipeline_01,pipeline_02,30,4.701018938703329e-06,1.6661005638094946e-05,-2.7954552111962767e-05,3.7356589989369425e-05,1.267556344907668e-05,0.0008207096919582418
UF_left,MD,proximal_mean,pipeline_01,pipeline_03,30,5.733689049113344e-06,3.156105725265006e-05,-5.612598316608077e-05,6.759336126430747e-05,1.7219139632753343e-05,0.0008212260270134467
UF_left,MD,proximal_mean,pipeline_02,pipeline_03,30,1.032670110410015e-06,2.6128714467244144e-05,-5.017961024538851e-05,5.2244950466208535e-05,1.5080437387763332e-05,0.0008235765364827983
UF_left,MD,middle_mean,pipeline_01,pipeline_02,30,-6.224916631653333e-06,1.739837868145006e-05,-4.032573884729545e-05,2.7875905583988785e-05,1.303615025806667e-05,0.0008088574122150999
UF_left,MD,middle_mean,pipeline_01,pipeline_03,30,-3.848523529913326e-06,1.4745205043005294e-05,-3.27491254142037e-05,2.5052078354377047e-05,1.2011646794313328e-05,0.00081004560876597
UF_left,MD,middle_mean,pipeline_02,pipeline_03,30,2.376393101740007e-06,1.900736222352393e-05,-3.48780368563669e-05,3.963082305984691e-05,1.0330282583560009e-05,0.0008069331504501434
UF_left,MD,distal_mean,pipeline_01,pipeline_02,30,-6.436564249583338e-06,2.0260446664841455e-05,-4.6147039712672594e-05,3.327391121350591e-05,1.4231174375836671e-05,0.000844897335609645
UF_left,MD,distal_mean,pipeline_01,pipeline_03,30,-5.764577991523332e-06,2.030283350283427e-05,-4.55581316570785e-05,3.402897567403184e-05,1.3599323481910008e-05,0.0008452333287386749
UF_left,MD,distal_mean,pipeline_02,pipeline_03,30,6.719862580600056e-07,1.0079555930626505e-05,-1.908394336596794e-05,2.0427915882087954e-05,6.972172787433345e-06,0.0008420150466138834
UF_left,RD,mean,pipeline_01,pipeline_02,30,4.349159766163343e-06,1.1949072369870032e-05,-1.907102207878192e-05,2.7769341611108607e-05,1.0033849528049997e-05,0.0006223033463533017
UF_left,RD,mean,pipeline_01,pipeline_03,30,1.5412575954233343e-05,1.4669616845357706e-05,-1.333987306266776e-05,4.416502497113445e-05,1.703024466821334e-05,0.0006278350544473368
UF_left,RD,mean,pipeline_02,pipeline_03,30,1.106341618807e-05,1.8338222298478873e-05,-2.4879499516948587e-05,4.700633189308859e-05,1.3142753066170002e-05,0.0006300096343304184
UF_left,RD,median,pipeline_01,pipeline_02,30,8.032364537093337e-06,2.050931142246801e-05,-3.2165885850943965e-05,4.8230614925130636e-05,1.639850736897332e-05,0.0006237753101626035
UF_left,RD,median,pipeline_01,pipeline_03,30,1.6451737736293335e-05,2.612213324705197e-05,-3.474764342792853e-05,6.76511189005152e-05,1.967123881872e-05,0.0006279849967622035
UF_left,RD,median,pipeline_02,pipeline_03,30,8.419373199199998e-06,2.1296517009722927e-05,-3.3321800139856934e-05,5.016054653825693e-05,1.4893476700420011e-05,0.0006320011790307501
UF_left,RD,sd,pipeline_01,pipeline_02,30,1.1687089546106861e-07,1.1729650485899953e-05,-2.2873244056902837e-05,2.3106985847824977e-05,8.104379140649005e-06,6.336216505222591e-05
UF_left,RD,sd,pipeline_01,pipeline_03,30,-9.028885625968494e-07,1.2082131876531334e-05,-2.4583867040598265e-05,2.2778089915404567e-05,7.751659929996584e-06,6.285228532319694e-05
UF_left,RD,sd,pipeline_02,pipeline_03,30,-1.019759458057918e-06,6.750736882148039e-06,-1.4251203747068074e-05,1.2211684830952238e-05,5.285240890418637e-06,6.291072077092747e-05
UF_left,RD,proximal_mean,pipeline_01,pipeline_02,30,1.5097403433856668e-05,2.2679672905638356e-05,-2.9354755461194507e-05,5.9549562328907846e-05,2.1987009368016682e-05,0.0006294408164282882
UF_left,RD,proximal_mean,pipeline_01,pipeline_03,30,2.2597042693533334e-05,3.532639794392503e-05,-4.6642697276559725e-05,9.183678266362639e-05,2.842096269866e-05,0.0006331906360581267
UF_left,RD,proximal_mean,pipeline_02,pipeline_03,30,7.4996392596766645e-06,3.0847569658191046e-05,-5.2961597270377785e-05,6.796087578973112e-05,1.9991271579083338e-05,0.0006407393377750551
UF_left,RD,middle_mean,pipeline_01,pipeline_02,30,1.8245142256033372e-06,1.89476331996114e-05,-3.531284684563501e-05,3.896187529684168e-05,1.4312636945496673e-05,0.0005689760207404218
UF_left,RD,middle_mean,pipeline_01,pipeline_03,30,1.6586489990630007e-05,1.958617987377175e-05,-2.180242256196262e-05,5.4975402543222633e-05,1.9469383471476672e-05,0.000576357008622935
UF_left,RD,middle_mean,pipeline_02,pipeline_03,30,1.4761975765026668e-05,2.2934519547736255e-05,-3.0189682548536386e-05,5.9713634078589726e-05,1.8290492319066678e-05,0.0005772692657357366
UF_left,RD,distal_mean,pipeline_01,pipeline_02,30,-4.131425802450008e-06,2.057974178620796e-05,-4.44677197034176e-05,3.620486809851759e-05,1.5692772312076672e-05,0.000669936634876745
UF_left,RD,distal_mean,pipeline_01,pipeline_03,30,6.792995779279996e-06,2.1741693901736872e-05,-3.5820724268124274e-05,4.9406715826684265e-05,1.7316755016160003e-05,0.0006753988456676101
UF_left,RD,distal_mean,pipeline_02,pipeline_03,30,1.0924421581730003e-05,1.241792561760763e-05,-1.341471262878095e-05,3.526355579224096e-05,1.2396157023509993e-05,0.0006733331327663849
UF_right,AD,mean,pipeline_01,pipeline_02,30,-1.6004001642379993e-05,1.610454270273712e-05,-4.7568905339744744e-05,1.5560902054984762e-05,1.8855306696419974e-05,0.0012373676746981798
UF_right,AD,mean,pipeline_01,pipeline_03,30,-3.453195928744331e-05,1.804114569588393e-05,-6.989260485137581e-05,8.286862764891954e-07,3.453195928744331e-05,0.0012281036958756485
UF_right,AD,mean,pipeline_02,pipeline_03,30,-1.8527957645063316e-05,7.1051045435202155e-06,-3.245396255036294e-05,-4.601952739763695e-06,1.8527957645063316e-05,0.0012201016950544586
UF_right,AD,median,pipeline_01,pipeline_02,30,-1.5370605045590015e-05,2.1600966509755746e-05,-5.770849940471128e-05,2.696728931353125e-05,2.0079955604316657e-05,0.001222676855569692
UF_right,AD,median,pipeline_01,pipeline_03,30,-3.561804574049667e-05,2.5938101455376338e-05,-8.645672459303428e-05,1.5220633112040956e-05,3.601177073236333e-05,0.0012125531352222385
UF_right,AD,median,pipeline_02,pipeline_03,30,-2.0247440694906655e-05,1.2588555251830028e-05,-4.492100898849351e-05,4.426127598680199e-06,2.0680816617113346e-05,0.0012048678326994431
UF_right,AD,sd,pipeline_01,pipeline_02,30,-7.734490145104423e-06,1.532857917017831e-05,-3.777850531865391e-05,2.2309525028445066e-05,1.2445782815823164e-05,8.69080487571074e-05
UF_right,AD,sd,pipeline_01,pipeline_03,30,-3.0586743914036692e-06,1.4177591431481663e-05,-3.084675359710773e-05,2.472940481430039e-05,1.0472513291439696e-05,8.924595663395779e-05
UF_right,AD,sd,pipeline_02,pipeline_03,30,4.675815753700752e-06,6.694759389242236e-06,-8.44591264921403e-06,1.7797544156615535e-05,7.070605649295706e-06,8.537871156140558e-05
UF_right,AD,proximal_mean,pipeline_01,pipeline_02,30,-8.190418422313317e-06,3.290185580360455e-05,-7.267805579737824e-05,5.629721895275161e-05,2.0678815615793343e-05,0.0011953076545304232
UF_right,AD,proximal_mean,pipeline_01,pipeline_03,30,-3.158890151277332e-05,2.866887259364073e-05,-8.777989179630915e-05,2.460208877076251e-05,3.158890151277332e-05,0.0011836084129851932
UF_right,AD,proximal_mean,pipeline_02,pipeline_03,30,-2.3398483090459998e-05,1.5750054229607692e-05,-5.426858938049108e-05,7.47162319957108e-06,2.5261798933573318e-05,0.0011795132037740368
UF_right,AD,middle_mean,pipeline_01,pipeline_02,30,-2.4704109274813325e-05,2.2716061849749295e-05,-6.922759050032195e-05,1.9819371950695295e-05,2.7853924088220006e-05,0.0013089097554772335
UF_right,AD,middle_mean,pipeline_01,pipeline_03,30,-4.1122372050766663e-05,2.34864701112455e-05,-8.715585346880784e-05,4.911109367274515e-06,4.156012970238e-05,0.0013007006240892567
UF_right,AD,middle_mean,pipeline_02,pipeline_03,30,-1.6418262775953335e-05,1.784734473684198e-05,-5.139905846016362e-05,1.8562532908256944e-05,1.9681591631740015e-05,0.0012883485694518504
UF_right,AD,distal_mean,pipeline_01,pipeline_02,30,-1.508977334212666e-05,4.542935406395694e-05,-0.00010413130730748226,7.395176062322895e-05,3.681241279803335e-05,0.0012069642996927767
UF_right,AD,distal_mean,pipeline_01,pipeline_03,30,-3.077062445535002e-05,4.979191492230189e-05,-0.00012836277770306173,6.682152879236168e-05,4.833263835957669e-05,0.0011991238741361654
UF_right,AD,distal_mean,pipeline_02,pipeline_03,30,-1.568085111322336e-05,2.0328451624099665e-05,-5.5524616296458696e-05,2.4162914070011983e-05,2.0875178613510032e-05,0.0011915789874651019
UF_right,FA,mean,pipeline_01,pipeline_02,30,-0.011742626396593845,0.015158488578399885,-0.04145326401025762,0.01796801121706993,0.016701649178975608,0.40893210093450916
UF_right,FA,mean,pipeline_01,pipeline_03,30,-0.03042106699237502,0.015255367335987187,-0.060321586970909905,-0.0005205470138401336,0.030939898216413395,0.39959288063661863
UF_right,FA,mean,pipeline_02,pipeline_03,30,-0.01867844059578117,0.0061909765631360655,-0.030812754659527857,-0.00654412653203448,0.01867844059578117,0.3937215674383216
UF_right,FA,median,pipeline_01,pipeline_02,30,-0.02172798758608248,0.025698547014497652,-0.07209713973449788,0.02864116456233292,0.028953824726170634,0.4053666583291916
UF_right,FA,median,pipeline_01,pipeline_03,30,-0.040479902865671935,0.026949566538871664,-0.09330105328186039,0.012341247550516528,0.04213286390414633,0.3959907006893969
UF_right,FA,median,pipeline_02,pipeline_03,30,-0.01875191527958946,0.01231906639028454,-0.04289728540454716,0.00539345484536824,0.019148291384080852,0.38512670689635564
UF_right,FA,sd,pipeline_01,pipeline_02,30,-0.005206844092524685,0.012139919583517426,-0.029001086476218838,0.01858739829116947,0.009655190334108934,0.0713633723909451
UF_right,FA,sd,pipeline_01,pipeline_03,30,-0.003531020493070617,0.011316476969722818,-0.02571131535372734,0.018649274367586104,0.008809008757166703,0.07220128419067212
UF_right,FA,sd,pipeline_02,pipeline_03,30,0.0016758235994540694,0.0055409145980559295,-0.009184369012735552,0.012536016211643691,0.004823922522678498,0.06959786214440979
UF_right,FA,proximal_mean,pipeline_01,pipeline_02,30,0.0003584216787105151,0.014585273386551337,-0.028228714158930104,0.028945557516351136,0.01134351640475172,0.34012627261298967
UF_right,FA,proximal_mean,pipeline_01,pipeline_03,30,-0.021021931174771268,0.012957428492086708,-0.04641849101926122,0.004374628669718682,0.021589453854065535,0.32943609618624886
UF_right,FA,proximal_mean,pipeline_02,pipeline_03,30,-0.021380352853481784,0.008433270042558021,-0.0379095621368955,-0.004851143570068064,0.021380352853481784,0.3296153070256041
UF_right,FA,middle_mean,pipeline_01,pipeline_02,30,-0.018006656421795723,0.025492233652101223,-0.06797143437991413,0.03195812153632267,0.024475846774175462,0.475838184873211
UF_right,FA,middle_mean,pipeline_01,pipeline_03,30,-0.03891122047538421,0.030201767453859014,-0.09810668468494788,0.02028424373417946,0.04070053789035284,0.4653859028464168
UF_right,FA,middle_mean,pipeline_02,pipeline_03,30,-0.020904564053588485,0.012651212173442115,-0.04570093991353503,0.0038918118063580587,0.021432215049452585,0.4563825746355189
UF_right,FA,distal_mean,pipeline_01,pipeline_02,30,-0.017762051260762114,0.03228187999055072,-0.0810345360422415,0.045510433520717285,0.030493600026968985,0.41089121232928977
UF_right,FA,distal_mean,pipeline_01,pipeline_03,30,-0.031358455024925735,0.031933242213982284,-0.09394760976433102,0.031230699714479546,0.03761917407544098,0.404093010447208
UF_right,FA,distal_mean,pipeline_02,pipeline_03,30,-0.013596403764163618,0.012555271235052784,-0.03820473538486707,0.01101192785653984,0.014700465176616367,0.395211984816827
UF_right,MD,mean,pipeline_01,pipeline_02,30,-1.6940008857399959e-06,1.3313299995661679e-05,-2.7788068877236887e-05,2.4400067105756895e-05,8.282424959606673e-06,0.0008364508139474568
UF_right,MD,mean,pipeline_01,pipeline_03,30,7.426124356668239e-08,1.3295666954241347e-05,-2.598524598674636e-05,2.6133768473879724e-05,9.49568240989334e-06,0.00083733494501211
UF_right,MD,mean,pipeline_02,pipeline_03,30,1.7682621293066783e-06,6.4508732544730545e-06,-1.0875449449460508e-05,1.4411973708073865e-05,5.062066122733341e-06,0.0008364879445692399
UF_right,MD,median,pipeline_01,pipeline_02,30,-3.6360233858200025e-06,1.3307435255184393e-05,-2.9718596485981412e-05,2.2446549714341404e-05,8.557984454213328e-06,0.0008330370653632635
UF_right,MD,median,pipeline_01,pipeline_03,30,5.022296195000093e-07,1.4220711546197992e-05,-2.7370365011048056e-05,2.8374824250048074e-05,1.0603553547193334e-05,0.0008351061918659233
UF_right,MD,median,pipeline_02,pipeline_03,30,4.138253005320012e-06,7.965965234289341e-06,-1.1475038853887096e-05,1.975154486452712e-05,6.538196276386656e-06,0.0008332881801730134
UF_right,MD,sd,pipeline_01,pipeline_02,30,-5.19721337657787e-06,1.296948097532836e-05,-3.0617396088221455e-05,2.0222969335065713e-05,9.360301660346118e-06,4.016122359486504e-05
UF_right,MD,sd,pipeline_01,pipeline_03,30,-4.323621622910364e-06,1.192211273019061e-05,-2.7690962574083962e-05,1.9043719328263232e-05,8.650749138451776e-06,4.0598019471698796e-05
UF_right,MD,sd,pipeline_02,pipeline_03,30,8.735917536675071e-07,4.9237292091584125e-06,-8.77691749628298e-06,1.0524101003617995e-05,3.5928157815639424e-06,3.799941278340988e-05
UF_right,MD,proximal_mean,pipeline_01,pipeline_02,30,-7.295277938426666e-06,2.5183163511642417e-05,-5.66542784212458e-05,4.206372254439247e-05,1.4659945440619996e-05,0.0008654136771032532
UF_right,MD,proximal_mean,pipeline_01,pipeline_03,30,-7.500415690920005e-06,2.3188871396684406e-05,-5.2950603628421444e-05,3.794977224658143e-05,1.3610564412459998e-05,0.0008653111082270067
UF_right,MD,proximal_mean,pipeline_02,pipeline_03,30,-2.0513775249333911e-07,1.1209216270516689e-05,-2.217520164270605e-05,2.1764926137719368e-05,7.763471548893337e-06,0.0008616634692577932
UF_right,MD,middle_mean,pipeline_01,pipeline_02,30,-2.8078075551666515e-07,2.07461416100173e-05,-4.0943218311150574e-05,4.038165680011724e-05,1.4072357659163335e-05,0.0008317495975417417
UF_right,MD,middle_mean,pipeline_01,pipeline_03,30,6.375178281310003e-06,1.727030274166101e-05,-2.7474615092345575e-05,4.022497165496558e-05,1.418957073278333e-05,0.000835077577060155
UF_right,MD,middle_mean,pipeline_02,pipeline_03,30,6.655959036826667e-06,8.895958093360496e-06,-1.0780118826159905e-05,2.409203689981324e-05,7.597440638486651e-06,0.0008349371866823967
UF_right,MD,distal_mean,pipeline_01,pipeline_02,30,2.624932815503331e-06,1.6458952023997953e-05,-2.9634613151532657e-05,3.488447878253932e-05,1.239146882006333e-05,0.000811430990736455
UF_right,MD,distal_mean,pipeline_01,pipeline_03,30,1.3878261370366728e-06,1.9351382605780467e-05,-3.654088377029304e-05,3.931653604436639e-05,1.471688832553e-05,0.0008108124373972218
UF_right,MD,distal_mean,pipeline_02,pipeline_03,30,-1.237106678466658e-06,8.258858189868242e-06,-1.7424468730608412e-05,1.4950255373675097e-05,6.082026498833328e-06,0.0008121249038049734
UF_right,RD,mean,pipeline_01,pipeline_02,30,5.460999690846654e-06,1.810398259853098e-05,-3.0022806202274063e-05,4.094480558396737e-05,1.383999494276666e-05,0.0006359923832365333
UF_right,RD,mean,pipeline_01,pipeline_03,30,1.737737203652334e-05,1.7517790280041516e-05,-1.695749691235803e-05,5.171224098540471e-05,2.112400179738333e-05,0.0006419505694093716
UF_right,RD,mean,pipeline_02,pipeline_03,30,1.1916372345676687e-05,8.240588891423612e-06,-4.235181881513593e-06,2.8067926572866967e-05,1.2108085990936682e-05,0.000644681069254795
UF_right,RD,median,pipeline_01,pipeline_02,30,1.4347328320023324e-05,2.2216216695169447e-05,-2.9196456402508786e-05,5.789111304255544e-05,2.209512399109665e-05,0.0006296472484731715
UF_right,RD,median,pipeline_01,pipeline_03,30,2.663612577179666e-05,2.2396252036220873e-05,-1.7260528219196252e-05,7.053277976278957e-05,2.8974147785696662e-05,0.0006357916471990585
UF_right,RD,median,pipeline_02,pipeline_03,30,1.2288797451773339e-05,1.1010542715595434e-05,-9.291866270793711e-06,3.3869461174340385e-05,1.3653614981413333e-05,0.0006429653113590699
UF_right,RD,sd,pipeline_01,pipeline_02,30,-6.899221034789341e-06,1.1252550472392558e-05,-2.8954219960678755e-05,1.5155777891100072e-05,9.190903866266962e-06,6.247481802164727e-05
UF_right,RD,sd,pipeline_01,pipeline_03,30,-7.564208285847168e-06,1.1106420124471411e-05,-2.9332791729811133e-05,1.4204375158116796e-05,1.0355694905330464e-05,6.214232439611837e-05
UF_right,RD,sd,pipeline_02,pipeline_03,30,-6.649872510578257e-07,4.412620289920545e-06,-9.313723019302093e-06,7.983748517186443e-06,3.572051573311866e-06,5.86927138787237e-05
UF_right,RD,proximal_mean,pipeline_01,pipeline_02,30,-6.847707777063338e-06,2.483653699280627e-05,-5.552732028296363e-05,4.1831904728836946e-05,1.6946198004283332e-05,0.0007004666883980583
UF_right,RD,proximal_mean,pipeline_01,pipeline_03,30,4.543826576566671e-06,2.2912051586868417e-05,-4.036379453369542e-05,4.945144768682877e-05,1.6550937540059997e-05,0.0007061624555748732
UF_right,RD,proximal_mean,pipeline_02,pipeline_03,30,1.1391534353630008e-05,1.1317970105648692e-05,-1.0791687053441428e-05,3.3574755760701445e-05,1.1677928367463345e-05,0.0007027386016863415
UF_right,RD,middle_mean,pipeline_01,pipeline_02,30,1.1930884012033322e-05,3.0710460444516474e-05,-4.826161845921897e-05,7.212338648328562e-05,2.5738042255593335e-05,0.00059316951789323
UF_right,RD,middle_mean,pipeline_01,pipeline_03,30,3.0123954462993334e-05,3.0405334048944587e-05,-2.9470500272938056e-05,8.971840919892473e-05,3.438554246004667e-05,0.00060226605311871
UF_right,RD,middle_mean,pipeline_02,pipeline_03,30,1.819307045096001e-05,1.1325077510987909e-05,-4.004081470576292e-06,4.039022237249631e-05,1.8567837411160018e-05,0.0006082314951247266
UF_right,RD,distal_mean,pipeline_01,pipeline_02,30,1.1482286060896668e-05,2.3094003835928827e-05,-3.378196145752383e-05,5.6746533579317166e-05,2.0034922299263334e-05,0.0006136643359240017
UF_right,RD,distal_mean,pipeline_01,pipeline_03,30,1.7467052664756664e-05,2.2909110424892107e-05,-2.7434803768031863e-05,6.236890909754519e-05,2.2535901909289996e-05,0.0006166567192259318
UF_right,RD,distal_mean,pipeline_02,pipeline_03,30,5.984766603859995e-06,9.249618745544984e-06,-1.2144486137408175e-05,2.4114019345128164e-05,8.935102364546669e-06,0.0006223978622563799
